:020000040800F2
:10000000A8120120B102000821720008A3630008B1
:100010001D720008C50C00086FA200080000000057
:10002000000000000000000000000000F1010008D6
:100030006B0E0008000000004D0200085D7F000804
:10004000CB020008CB020008CB020008CB0200085C
:10005000CB020008CB020008CB020008CB0200084C
:10006000CB020008CB020008CB020008990D000863
:10007000A50D0008B10D0008CB020008CB02000856
:10008000CB020008CB020008CB020008CB0200081C
:1000900001A20008CB020008CB0200085D1A00088C
:1000A000CB020008CB020008CB020008CB020008FC
:1000B000CB020008CB020008CB020008CB020008EC
:1000C000CB020008CB020008CB020008CB020008DC
:1000D000CB020008CB020008CB020008BD8B000851
:1000E000CB020008CB020008CB020008CB020008BC
:1000F000CB020008CB020008CB020008CB020008AC
:10010000CB020008CB020008F57F0008CB020008F4
:10011000CB020008CB0200088D800008CB0200084B
:10012000CB020008CB020008CB020008CB0200087B
:10013000CB020008CB020008CB020008CB0200086B
:10014000CB020008CB020008CB020008CB0200085B
:10015000CB020008CB020008CB020008CB0200084B
:10016000CB020008CB020008CB020008CB0200083B
:10017000CB020008CB020008CB020008CB0200082B
:10018000CB020008CB020008CB020008CB0200081B
:10019000CB02000800000000CB020008CB020008E0
:1001A000CB020008CB020008CB020008CB020008FB
:1001B000CB020008CB020008CB020008CB020008EB
:1001C000CB020008CB020008CB020008CB020008DB
:1001D000CB020008CB020008DFF810D000F03CFC96
:1001E0000048004759000108AFF30080A812012021
:1001F0002C4B19680868B0E8F04F80F30988BFF30A
:100200006F8F4FF0000080F31188704700000000EE
:1002100008480068006880F308884FF0000080F309
:10022000148862B661B6BFF34F8FBFF36F8F00DFE4
:1002300000BF00BF08ED00E0DFF80C00016841F4EA
:1002400070010160704700BF88ED00E0EFF30980A6
:10025000BFF36F8F134B1A681EF0100F08BF20ED0D
:10026000108A20E9F04F106009B44FF0500080F37D
:100270001188BFF34F8FBFF36F8F18F0B5F84FF0B1
:10028000000080F3118809BC19680868B0E8F04FD5
:100290001EF0100F08BFB0EC108A80F30988BFF37E
:1002A0006F8F7047E0030020EFF305807047000078
:1002B0000648804706480047FEE7FEE7FEE7FEE700
:1002C000FEE7FEE7FEE7FEE7FEE7FEE7E57F000864
:1002D000D90100082DE9F05F0546002092469B46B3
:1002E00088460646814640241BE02846414647464C
:1002F000224600F02FF853465A46C01A914110D3B7
:1003000011461846224600F016F82D1A67EB010830
:100310004F4622460120002100F00DF817EB00099E
:100320004E41201EA4F10104DFDC484631462A4636
:100330004346BDE8F09F202A04DB203A00FA02F190
:10034000002070479140C2F1200320FA03F31943C3
:1003500090407047202A04DB203A21FA02F0002165
:10036000704721FA02F3D040C2F1200291400843C5
:100370001946704710B5431A934209D2831888185A
:1003800003E010F8011D03F8011D521EF9D210BD43
:1003900040EA01039B0703D009E008C9121F08C007
:1003A000042AFAD203E011F8013B00F8013B521E87
:1003B000F9D210BDD2B201E000F8012B491EFBD2E8
:1003C00070470022F6E710B513460A460446194660
:1003D000FFF7F0FF204610BD421C10F8011B00295A
:1003E000FBD1801A7047034611F8012B00F8012B4E
:1003F000002AF9D1184670472DE9FE4F804681EA60
:100400000300C00F0C46009021F0004123F000458E
:10041000B8EB0200A94105D24046214690461C4651
:100420000B46024623F00040104347D0270DC7F388
:100430000A00C3F30A510290401A019040286BDA77
:10044000C3F3130040F4801B0098924620B10023B0
:10045000D2EB030A63EB0B0B01985946C0F1400243
:100460005046FFF768FF06460D4650465946019A2A
:1004700000F0D5F910EB08006141002487EA115221
:1004800084EAE7731A4340D0009A62B3019A012AC2
:100490004FEA075215DC001B61EB02014FF00042EE
:1004A00002EA0752CDE90042001C41F580113246B4
:1004B0002B4600F035FA03B0BDE8F08F40462146E8
:1004C000F9E7001B61EB0201001C41F580130018E5
:1004D0005B412018A2F5001747EB030140EAD570F5
:1004E000B6196D4111E06D084FEA360645EAC07550
:1004F0004FEA0752001B61EB0201001C41F580111D
:1005000049084FEA30000019514132462B4603B0EA
:10051000BDE8F04F00F0F5B900980122400000233B
:10052000D0EB020263EBE073009821464FEAE074DF
:10053000B8EB000061EB0401E9E783F000435BE7FF
:1005400081F0004158E72DE9FE4F81EA030404F0F1
:10055000004421F0004100944FF0000B23F00043D1
:1005600050EA01045ED052EA03045BD0C3F30A549C
:10057000C1F30A552C44A4F2F3340194A0FB0254B5
:10058000C1F3130141F48011C3F3130343F4801347
:1005900001FB024400FB034E840A970A44EA81549B
:1005A00047EA8357A4FB076802958D0A05FB078578
:1005B0004FEA932C04FB0C542705029D4FEA065882
:1005C00047EA1637B5EB08056EEB070C870E920E5F
:1005D00047EA811742EA8312A7FB0201B6EB0B013F
:1005E00064EB00042B0D43EA0C335E1844EB1C5003
:1005F000DA465146E7FB0201C5F313044FEA0B3319
:1006000043EA14534FEA0432019C43EA0603A4F17F
:100610000C040294009CCDE900B400F081F903B011
:10062000BDE8F08F00200146F9E72DE9F04D81EAA1
:10063000030404F0004B21F0004514464FF0000A7B
:1006400023F0004150EA050220D054EA01021DD0F7
:10065000C5F30A570246C5F31303C1F31300C1F3F0
:100660000A5640F4801543F48013A7EB0608101BCC
:10067000D64608F2FD3873EB050002D308F10108F5
:1006800001E092185B41B8F1000F03DA0020014647
:10069000BDE8F08D00204FF48011064684460EE040
:1006A000171B73EB050705D3121B63EB050306430A
:1006B0004CEA010C49084FEA300092185B4150EABD
:1006C0000107EDD152EA030012D082EA040083EA66
:1006D0000501084305D0101BAB4106D201220023BF
:1006E00006E000224FF0004302E06FF001025310D9
:1006F0001AEB06004CEB085110EB0A0041EB0B0122
:10070000BDE8F04D00F0FDB80EB5C10F80EAE07015
:100710000844CA07002140F233438DE80E000A4620
:100720000B4600F0FDF803B000BD20F00040C20D04
:10073000C0F3160040F400007F2A02DA00200146D0
:1007400070470021962A03DCC2F19602D040704720
:10075000963AFFF7F0BD70B5C1F30A5201F00045BB
:100760000024C1F3130140F2FF3341F480119A4297
:1007700001DA002070BD40F233439A42A2F23342C4
:1007800003DC5242FFF7E6FD00E090402C43F1D03D
:10079000404270BD00F0004230F000400AD0C10D70
:1007A00001F56071C0F3160042EA0151C20840072A
:1007B0001143704700200146704701F0004330B4F8
:1007C00021F0004150EA010206D00A0DA2F5607244
:1007D000C1F31301002A02DC30BC00207047440F33
:1007E00044EAC104C100E01830BC00EBC25000F084
:1007F00028B830B50B46014600202022012409E02C
:1008000021FA02F59D4205D303FA02F5491B04FAC9
:1008100002F52844151EA2F10102F1DC30BD202AA8
:1008200006DBCB17203A41FA02F043EAE07306E018
:1008300041FA02F3D040C2F1200291400843194628
:1008400070470029A8BF7047401C490008BF20F02E
:100850000100704710B4B0FA80FC00FA0CF050EAC6
:10086000010404BF10BC704749B1CCF1200421FA47
:1008700004F411FA0CF118BF012121430843A3EB42
:100880000C01CB1D4FEA00614FEA102042BF00204F
:1008900010BC704700EBC35010440029A4BF10BC2B
:1008A0007047401C490008BF20F0010010BC704791
:1008B000F0B400F0004221F0004120F00040CE0DE5
:1008C000C30DC1F3160141F40001C0F316004C4200
:1008D000154640F40000761E09E010EB440002D5F6
:1008E00082F0004240428842F7D840005B1EB3428B
:1008F000F9DA18B1F0BC0021FFF7ACBF2846F0BC14
:10090000704710B5141E73F1000408DA401C41F161
:10091000000192185B411A4301D120F0010010BD83
:100920002DE9F04D92469B4611B1B1FA81F202E0F9
:10093000B0FA80F220329046FFF7FDFC04460F46E5
:1009400040EA0A0041EA0B0153465A46084313D0D5
:10095000114653EA010019D0C8F140025046FFF792
:10096000F9FC05460E46504659464246FFF7E3FC61
:10097000084305D0012004E020463946BDE8F08D4B
:100980000020054346EAE0762C4337430A98630586
:10099000E40AA0EB08000022FD0A44EA47540A30AA
:1009A00002D500200146E9E7010510196941DDE99A
:1009B000084500196941BDE8F04DA2E7C1F30A52AC
:1009C000C1F3130140F2FF3341F480119A4202DA7D
:1009D00000200146704740F233439A42A2F233426C
:1009E00002DC5242FFF7B6BCFFF7A5BC30B5041ECF
:1009F00071F1000404DB4FF00044404264EB01015C
:100A0000141E73F1000405DB1C464FF000435242F4
:100A100063EB0403994208BF904230BD002801DB1C
:100A2000C0F10040002901DBC1F10041814202D246
:100A30004FF0004004E04FF0005001D14FF0C040B3
:100A40004FEA2062EFF3008162F31F6181F30088B7
:100A50007047002070470000064C074D06E0E06834
:100A600040F0010394E8070098471034AC42F6D3F5
:100A7000FFF7B6FB24D8010844D8010870B58C18DC
:100A800010F8015B15F0070301D110F8013B2A11A2
:100A900006D110F8012B03E010F8016B01F8016B8F
:100AA0005B1EF9D12B0705D40023521E0DD401F88B
:100AB000013BFAE710F8013BCB1A921C03E013F854
:100AC000015B01F8015B521EF9D5A142D8D3002089
:100AD00070BD10B5846AE16D11F0500F06D0E16D64
:100AE000C90625D5204601F07DFE10BDE06D40F41D
:100AF0000070E06520680168090716D505F0DAFF87
:100B000078B12068C068800400280ADBE06D20F41A
:100B10008070E065E06DC00403D4E06D40F001003A
:100B2000E065204601F05CFE10BDC0688007EBE781
:100B3000616D496BBDE81040084710B5806AC16D12
:100B400041F04001C165016E41F00401016601F010
:100B500049FE10BD10B5806A01F043FE10BD0000D3
:100B600070B50446006881688268C1F3400112F0E4
:100B7000010F28D039BB816801F00D01012914D182
:100B80008168124A1140891C816021680320086035
:100B900002F056FC054612E002F052FC401B02280F
:100BA0000DD920688068C00709D0E06D40F01000C2
:100BB000E065206E40F001002066012070BD2068D5
:100BC0008068C007E8D1002070BD0000C0FFFF7F33
:100BD000F8B50446002000902068816811F0010FEC
:100BE0004AD18168254A114237D18168D5432940CD
:100BF000491C81602068B0F1A04F02D02049884292
:100C000001D1204800E02048806800F0E070000238
:100C10000DD51E481E490068B0FBF1F0401C00EBEA
:100C20004000800000E0401E00900028FBD102F050
:100C300007FC06461BE0816811F0010F03D18168B3
:100C40002940491C816002F0FBFB801B02280ED961
:100C500020680068C043C00709D0E06D40F0100074
:100C6000E065206E40F0010020660120F8BD20689C
:100C70000168C943C907DED10020F8BD3F000080EC
:100C8000000100500003005000070050B000002099
:100C9000400D03000148006913F06EBC8003002082
:100CA0000148406A13F068BC800300200148806B53
:100CB00013F062BC800300200148C06C13F05CBCE0
:100CC00080030020FEE700207047002070470000EE
:100CD00010B500220449054808F0F9F80449034812
:100CE00008F0ECF8002010BD706B0020A05E002022
:100CF0007063002010B50C460146064808F0DEF887
:100D0000044808F0A3F804482168006813F060FC68
:100D1000002010BDA05E0020680300200020704766
:100D2000094A10B5D2F8BC22D2F814220AB1012027
:100D300010BD0A460146044808F0C9F8BDE8104055
:100D4000014808F02EB90000A05E0020044A936814
:100D500043F00103936010601180106880B2704707
:100D6000003002400A4808B5816C41F4805181642A
:100D7000806C48F2050100F4805000900548416104
:100D8000816821F0180141F00801816008BD000070
:100D90000010024000300240014801F08ABF00000C
:100DA00098580020014801F084BF0000F858002046
:100DB00010B50021084610F0BBFEBDE81040014808
:100DC00001F077BFF85500200D4902688A4201D230
:100DD0000C4901E00B492031D2B21423083AB2FB8E
:100DE000F3F2436C02F01F0223F003031944816401
:100DF00004498031C16401219140016570470000C0
:100E000008040240000802400179074A02EB81020F
:100E10004265054A4432491E826501F01F020121E4
:100E20009140C16570470000FC08024030B5D0E930
:100E300013456560446D14B1D0E91645656090F8BE
:100E4000444004F01F050124AC40056C6C6004684C
:100E500063608368102B036803D099600068C260E8
:100E600030BD9A600068C16030BD70472DE9F05F09
:100E7000404D4FF6FF704FF400262988814201D182
:100E8000314601E00904890949084FF48027B7FB7E
:100E9000F1F201FB1271CC0A4FF0006B80464FF06B
:100EA000100920E0814201D1314603E04FEA0141BF
:100EB0004FEA91114FEA5102B7FBF2F1BA4601D164
:100EC000304605E02B4800884FEA00404FEA90107A
:100ED0004FEA50020BEBC42001FB020001F0B0F816
:100EE000042806D0083429884046814234D132464D
:100EF00034E0651CB146EF1D1E4E1FE031884145B0
:100F000001D1484603E04FEA01404FEA90104FEA12
:100F10005001BAFBF1F101D1484604E030884FEAB4
:100F200000404FEA90104FEA50020BEBC52001FB46
:100F3000020001F085F8042819D16D1CBD42DDD3F3
:100F40000821204600F00AFE10B10120BDE8F09F04
:100F500000F098FD0020F9E70A0492095208B7FB57
:100F6000F2F302FB137309EBD322A2429AD80520B5
:100F7000ECE70000E075FF1F00F0A8BD2DE9F04789
:100F8000824600F093FD10B10E20BDE8F087404C82
:100F90004FF6FF704FF400272188814201D1394676
:100FA00001E00904890949084FF48025B5FBF1F2F5
:100FB00001FB1251CE0A4FF0100980462EE000BF0F
:100FC000BAF1000F03D0414509D138460BE04FF08C
:100FD0000101304600F0C2FDF8B10120D5E74FEA2B
:100FE00001404FEA90104FEA5000B5FBF0F101D1FB
:100FF000384604E020884FEA00404FEA90104FF056
:1010000000624FEA500002EBC62201FB00204FF4C1
:10101000006109F02DF91028D9D0761C21884145AE
:1010200001D13A4601E00A0492095208B5FBF2F3F5
:1010300002FB135309EBD322B242C1D800F022FDC8
:1010400020884646B04201D1384601E000048009BC
:101050004008B5FBF0F100FB1150C00A022106F078
:1010600037FE08B1022090E70A480021418021881C
:10107000B14201D009048F097908B5FBF1F201FBF7
:101080001251C90A01702021416000207DE7000053
:10109000E075FF1FD00300202DE9F14F002482B03E
:1010A000A2460094A346019400F000FD10B10E206A
:1010B000BDE8FE8FFFF756FEFC4D01206870FC482E
:1010C0004FF400270288A2F57F43FF3B0DD01104A7
:1010D00089094FF480264908B6FBF1FC01FB1C612D
:1010E000C90A4FF00069B64631E03946F1E79A4245
:1010F00001D13B4604E003884FEA03434FEA9313D0
:101100004FEA5303BEFBF3F301D1384604E00088F5
:101110004FEA00404FEA90104FEA500509EBC1201A
:1011200003FB0503E14D4FF000004FF4006600BFE4
:1011300003EB000CC5F808C003EB000CDCF80080E2
:10114000DCF804C000F10800B042F1D3491CD848D3
:101150004FF6FF739A4201D13D4602E005882D0407
:10116000AD096E08BEFBF6FC754606FB1C564FF03B
:10117000100808EBD6268E42B9D8CC480021417021
:10118000CB48A2F57F43FF3B09D0018809048909B8
:101190004A08B5FBF2F502FB15E2D50A2CE0394608
:1011A000F6E78B4201D1394603E04FEA03414FEAAB
:1011B00091114FEA5101B2FBF1F101D1384603E040
:1011C0004FEA03404FEA90104FEA500209EBC52066
:1011D00001FB020000F034FF022804D0012802D0F5
:1011E000032802D007E0641C05E0009800B90195CF
:1011F000401CAA4600906D1CAD484FF6FF71038855
:101200008B4201D13A4601E01A04920956084FF484
:101210008022B2FBF6FC06FB1C2608EBD626AE426B
:10122000BFD88CBB009880B3A14C4FF6FF702188CB
:10123000814201D1394603E04FEA01414FEA911161
:101240004FEA51014FF48025B5FBF1F201FB125238
:101250000199A1EBD221A1F1010101F00F0201D10D
:10126000394604E021884FEA01414FEA91114FEAE3
:101270005101B5FBF1F301FB135102EBD12209EB54
:10128000C22203D1394606E045E045E021884FEA15
:1012900001414FEA91114FEA5101B5FBF1F10646C8
:1012A00001D1384604E020884FEA00404FEA901010
:1012B0004FEA500001FB002000F0C2FE042830D1AC
:1012C0002188B14201D1384603E04FEA01404FEA9C
:1012D00090104FEA5001B5FBF1F001FB1051AAEB61
:1012E000D12000F1010000F00F0101D1384604E0E7
:1012F00020884FEA00404FEA90104FEA5000B5FBBB
:10130000F0F200FB125001EBD0204FF0010106F08B
:10131000DFFC002873D104E0BDE8FE4F0020FFF79A
:101320002DBE63490A88A2F57F40FF380BD0120416
:10133000920953084FF48022B2FBF3F403FB142309
:10134000DC0A1546CFE03A46F3E78A4201D13A4635
:1013500003E04FEA02424FEA92124FEA5202B5FB13
:10136000F2F2064601D1384604E030884FEA0040E8
:101370004FEA90104FEA500109EBC42002FB010034
:1013800000F05EFE012866D132884FF6FF713046CC
:101390008A4201D13B4601E013049B095B08B5FB7F
:1013A000F3F603FB1653B4EBD32F55D08A4201D189
:1013B0003B4602E003881B049B095B08B5FBF3F680
:1013C00003FB1656082303EBD623A34244D08A42DC
:1013D00001D1394604E001884FEA01414FEA9111F9
:1013E0004FEA5101B5FBF1F201FB1251A4EBD121FF
:1013F000A1F1010101F00F0202D1394605E032E20C
:1014000001884FEA01414FEA91114FEA5101B5FBC2
:10141000F1F301FB135102EBD12209EBC22101D1FF
:101420003A4604E002884FEA02424FEA92124FEA3B
:101430005202B5FBF2F201D1384604E000884FEACF
:1014400000404FEA90104FEA500002FB001000F0FD
:10145000F7FD03284FD045E08A4201D1394604E028
:1014600001884FEA01414FEA91114FEA5101B5FB62
:10147000F1F201FB1251A4EBD12101F1010101F0C4
:101480000F0101D13A4604E002884FEA02424FEAD6
:1014900092124FEA5202B5FBF2F302FB135201EB38
:1014A000D22209EBC22205D1394608E0D003002040
:1014B000E075FF1F01884FEA01414FEA91114FEAA1
:1014C0005101B5FBF1F101D1384604E000884FEA43
:1014D00000404FEA90104FEA500001FB002000F05E
:1014E000AFFD40B1641CFD484FF6FF7102888A428F
:1014F00010D13B4610E0FA48002101220470084652
:1015000006F068F8B0F5807F01D00C20D0E54FF0F0
:10151000010B0BE013049B095E08B5FBF6F306FB19
:10152000135308EBD323A3423FF60FAFEB4C00203D
:10153000009021884FF6FF70814201D1394601E0C9
:10154000090489094908B5FBF1F201FB1251CE0AE1
:101550008046CEE0414501D1394603E04FEA0141E2
:101560004FEA91114FEA5101B5FBF1F101D1384633
:1015700004E020884FEA00404FEA90104FEA500202
:1015800009EBC62001FB020000F05AFD022802D040
:1015900003287AD0ACE021884046814201D13A4606
:1015A00001E00A0492095208B5FBF2F302FB135260
:1015B000B6EBD22F52D0814201D13A4601E00A0463
:1015C00092095208B5FBF2F302FB1353082202EB17
:1015D000D322B24242D0414501D1384603E04FEA1E
:1015E00001404FEA90104FEA5000B5FBF0F100FBCC
:1015F0001150A6EBD020A0F1010000F00F0101D1A5
:10160000384604E020884FEA00404FEA90104FEA45
:101610005000B5FBF0F200FB125001EBD02009EBBB
:10162000C02101D1384604E020884FEA00404FEA4B
:1016300090104FEA5000B5FBF0F201D1384604E0BB
:1016400020884FEA00404FEA90104FEA500002FB1A
:10165000001000F0F5FC032842D049E0414501D1DB
:10166000384603E04FEA01404FEA90104FEA50003D
:10167000B5FBF0F100FB1150A6EBD02000F101000A
:1016800000F00F0102D1384605E030E020884FEA33
:1016900000404FEA90104FEA5000B5FBF0F200FB1B
:1016A000125001EBD02109EBC12101D1384604E0F1
:1016B00020884FEA00404FEA90104FEA5000B5FBF7
:1016C000F0F201D1384604E020884FEA00404FEAAA
:1016D00090104FEA500002FB001000F0B1FC38B946
:1016E000009898BB7E4806700120009000E0B2464A
:1016F000761C2188414501D1384601E00804800963
:101700004008B5FBF0F200FB1252102000EBD22093
:10171000B0423FF61FAF009878BB8AB2424501D174
:10172000394603E04FEA02414FEA91114FEA510274
:10173000B5FBF2F3294602FB1313AAEBD32202F105
:10174000010202F00F0202D1384605E09BE020883A
:101750004FEA00404FEA90104FEA5000B1FBF0F31F
:1017600000FB13505E4902EBD020C0B208704FF06E
:10177000020106F0ADFA002875D1594900208A46C9
:101780004880202048600E78238841468B4201D152
:101790003A4604E022884FEA02424FEA92124FEAA8
:1017A0005202B5FBF2F201D1BC4605E0B4F800C02C
:1017B0004FEA0C4C4FEA9C1C4FEA5C0C02FB0CF20B
:1017C00002EBC62C00F100629444DCF80020DCF847
:1017D00004C06FEA020272EA0C020FD0BAF802C02B
:1017E00008300CF1010CAAF802C0DAF804C0B0F518
:1017F000006F0CF1080CCAF804C0C7D3CA4648E011
:10180000414501D1384603E04FEA01404FEA9010CC
:101810004FEA5000B5FBF0F100FB1150A3EBD020D4
:10182000A0F1010000F00F0001D1394604E0218849
:101830004FEA01414FEA91114FEA5101B5FBF1F234
:1018400001FB125100EBD12601D1384604E020887B
:101850004FEA00404FEA90104FEA5000B5FBF0F11C
:1018600002D1384605E0D9E020884FEA00404FEA2F
:1018700090104FEA50020AEBC62001FB020000F074
:10188000DFFB032801D00A2012E415484188FC310F
:10189000418021884046814201D13A4601E00A0454
:1018A00092095208B5FBF2F302FB1352B6EBD22FAA
:1018B00010D0814201D13A4601E00A04920952084F
:1018C000B5FBF2F302FB1353082202EBD32233469B
:1018D000B24295D189B2414506D103E0E075FF1FC0
:1018E000D0030020394603E04FEA01414FEA91114D
:1018F0004FEA5101B5FBF1F201FB12524949097857
:10190000A1EBD22101F1010101F00F0201D1394611
:1019100004E021884FEA01414FEA91114FEA510159
:10192000B5FBF1F301FB135102EBD12801D139468C
:1019300004E021884FEA01414FEA91114FEA510238
:10194000B5FBF2F1A94601D1384604E020884FEA00
:1019500000404FEA90104FEA500255464CE0029981
:1019600029B14FF4006108F083FC102806D1012151
:10197000404600F0F3F808B10120C7E521884FF692
:10198000FF70814201D1384603E04FEA01404FEA3F
:1019900090104FEA5002B9FBF2F1484602FB1101E8
:1019A000A8EBD12101F1010101F00F0201D139466B
:1019B00004E021884FEA01414FEA91114FEA5101B9
:1019C000B0FBF1F301FB130102EBD12801D1394641
:1019D00004E021884FEA01414FEA91114FEA510199
:1019E000B9FBF1F101D1384604E020884FEA00400C
:1019F0004FEA90104FEA500205EBC82001FB0200AD
:101A0000B045ACD100F03EF8BBF1000F08D1002189
:101A1000084608F03FFC18B1122801D0022075E5F5
:101A2000002073E5D003002038B50C4658B1A0F56E
:101A30007F41FF3907D000210091694605F0ACFFD6
:101A40000099218038BD082038BD28B1A0F57F421B
:101A5000FF3A01D008F078BC0820704710B540204C
:101A600001F0B4FB802001F0B1FB4FF4807001F075
:101A7000ADFBBDE810404FF4007001F0A7BB72B69B
:101A8000FEE700000848016821F4806101600168F8
:101A900041F480510160016821F4805101600168C6
:101AA00041F48061016070470020024000B58DB0B4
:101AB000FF2001900790684601F07EFA06984002E8
:101AC00002D500200DB000BD0E20FBE7224910B565
:101AD00000220C681346640504D50A6822F480626B
:101AE0000A6001224C6944F001044C610024046046
:101AF00044600869C003FCD4086980070ED40869F3
:101B000000070BD40869C00608D40869800605D40C
:101B10000869400602D40869000600D50D2308694B
:101B2000C00701D001200861486920F00100486128
:101B30005AB1086840F480500860086820F480506A
:101B40000860086840F480600860886940F00040E0
:101B50008861184610BD000000200240F0B505461F
:101B600085B01A480024049403880F464FF6FF728C
:101B700026464FF40021934201D10A4603E04FEA82
:101B800003424FEA92124FEA52024FF48023B3FB12
:101B9000F2F204D000884FEA00404FEA90114FEA79
:101BA00051004FF0006101EBC52102FB001000F075
:101BB00021FA01AB009683E8A10004A9684601F070
:101BC0008DF900B1012405B02046F0BDE075FF1F7E
:101BD0000146002001F068BA144A117F1448012917
:101BE00001D003290FD1036823F400730360036855
:101BF00043F400630360036823F400630360036835
:101C000043F400730360022901D003290BD101685A
:101C100041F480510160016821F480510160016844
:101C200041F480610160002010777047900000202F
:101C3000002002400C490A6A520210D5C20703D0A4
:101C40004A6942F004024A61800703D5486940F4BA
:101C500000404861486940F48030486170474869F5
:101C600048F204021043F4E700200240F0B5304B84
:101C70001B68304CDE054FF4002725884FF6FF7CAB
:101C80004FF0006307D41E46654501D02C04A70918
:101C900003EB570506E0654501D02C04A70903EBCB
:101CA00057061D46244C276A5FEA472C077807F041
:101CB000030718D4012F02D0022F08D030E0656A44
:101CC000C5F30E0503EB05150D60A16A06E0656C12
:101CD000C5F30E0503EB05150D60A16CC1F30E01F4
:101CE00003EB01111BE0012F02D0022F0CD017E0F3
:101CF000636AC3F30E0306EBC3030B60A16AC1F36F
:101D00000E0106EBC1010AE0636CC3F30E0305EBA1
:101D1000C3030B60A16CC1F30E0105EBC10111609F
:101D20000168A26A02F0004211430160F0BD0000A8
:101D300000000140E075FF1F002002400E4A136AB8
:101D40005B0201D5C90703D0516921F4006102E0AB
:101D5000516941F4006151615169C0B221F47E7151
:101D600041EAC0005061506940F002005061506982
:101D700040F480305061704700200240054910B5A2
:101D80004C6944F001044C610260BFF36F8F436003
:101D900010BD000000200240094A10B554694023DC
:101DA00044F480245461EFF3108272B610C95B1EB4
:101DB00010C013F0FF03F9D182F3108810BD0000AA
:101DC0000020024070B5064601F03AFB0546134C70
:101DD00007E000BF01F034FB401BB04201D90320F3
:101DE00070BD2069C003F5D420694CF2FA31084077
:101DF0000CD00B494A6802434A60010F01D0A16927
:101E0000A161010100D02061012070BD2069C007DF
:101E100001D001202061002070BD000000200240A0
:101E2000900000202DE9F14F7148704C4FF40027CD
:101E3000038826784FF6FF717A108B4201D13B461A
:101E400003E04FEA03434FEA93134FEA53039146EB
:101E5000B2FBF3F280468A4601D1384605E0B8F875
:101E600000004FEA00404FEA90104FEA50014FF057
:101E7000006B0BEBC62002FB010000F0E1F8B8F8A4
:101E8000002005464146524501D13A4603E04FEA5B
:101E900002424FEA92124FEA5203B9FBF3FC4A4660
:101EA00003FB1C23A6EBD32303F1010303F00F0371
:101EB00001D1BC4605E0B1F800C04FEA0C4C4FEA36
:101EC0009C1C4FEA5C0CB2FBFCF80CFB182C03EBDF
:101ED000DC2801D13B4604E00B884FEA03434FEA7C
:101EE00093134FEA5303B9FBF3F2CA46894601D173
:101EF000384605E0B9F800004FEA00404FEA90107C
:101F00004FEA50030BEBC82002FB030000F098F8E7
:101F1000B9F800304FF6FF72934201D13A4603E020
:101F20004FEA03424FEA92124FEA5203BAFBF3FC24
:101F3000524603FB1C23A6EBD323A3F1010303F0BA
:101F40000F0305D0B9F800104FEA01414FEA91178D
:101F50004FEA5701B2FBF1F701FB17A1009A03EB1F
:101F6000D1214FF0FF3982B3012A02D0022A38D1A1
:101F700036E020274FF40061022D02D0012D11D050
:101F80002FE062688A4226D3042802D1FEF76EFF52
:101F900000BB0321304605F09BFED8B902210FE0BB
:101FA000676020E062688A4215D3042802D1FEF7F8
:101FB0005DFF78B90321304605F08AFE50B9012152
:101FC000404605F085FE28B9EAE7FFE7022D02D07A
:101FD000012D03D005E03046BDE8F88F0846FBE749
:101FE00008B14846F8E74046F6E70000D003002075
:101FF000E075FF1F70B5104909684FF40023CE0546
:102000000E494FF6FF754FF000640A880BD4AA42C0
:1020100001D011048B0904EB5301814201D9012045
:1020200070BD022070BDAA4201D011048B0904EBDF
:1020300053018142F5D8F2E700000140E075FF1F2F
:10204000F0B5056846688368C468016942698769B4
:10205000C069FF4377EA000701D00420F0BDC84300
:1020600070EA020001D00320F0BDD84370EA0400FA
:1020700001D00220F0BDE84370EA060001D0012043
:10208000F0BD0020F0BD0000F8B500260446009623
:1020900090F858000D4601280BD0012084F8580014
:1020A0002046FEF75DFD0100E06D04D040F0100019
:1020B0002AE00220F8BD20F4885040F00200E065DC
:1020C00020688268134B1A4005F080431A4342F09F
:1020D00000428260104A20680EE0009B5B1C009367
:1020E000934209D3E06D20F0020040F01000E0655B
:1020F00084F858600120F8BD8368DB0FEDD1E06DF6
:1021000020F0020040F00100E06584F858600846C5
:10211000F8BD0000C0FFFF3F02DE04002DE9F04FD4
:10212000044690F858009BB00F464FF0000B012872
:1021300012D0012084F858000026179618962068BF
:102140004FF0A048DFF81C91DFF81CA1474D404537
:1021500006D12846009508E002201BB0BDE8F08FAC
:1021600048450AD15046CDF800A004F09FFC0090ED
:10217000206804F09BFC40B109E0E06D40F02000D5
:10218000E06584F858600120E7E7009850B1E06D01
:1021900040F02000E0654FF0010B00BF84F858606C
:1021A0005846DAE720684146884201D0A84201D16A
:1021B0002F4800E02F48D7F800C02F4B40F61F7281
:1021C000BCF1000F2DD0D0F808C094F838802CF462
:1021D000604C4CEA483CD7F804804CEA080CC0F844
:1021E00008C0D4F800C08C4501D0AC4504D1896842
:1021F000AB6801F0010109E0D9F80810DAF80850DD
:1022000001F0010105F001059B68294303F001037A
:102210001943C3D1BB683968194383689343194391
:102220001DE0876827F46047876027688F4201D0E8
:10223000AF4204D18968AB6801F0010109E0D9F827
:102240000810DAF8085001F0010105F001059B685B
:10225000294303F001031943A0D1816891438160B0
:102260009CE70000000400500005005000010050F1
:102270000003005000070050000600502DE9F04315
:1022800004469BB090468946006804F00FFC88B96C
:1022900094F8580001280DD0012084F8580000253A
:1022A0001795189520684FF0A047294EB84205D1E0
:1022B000009608E002201BB0BDE8F0832549884263
:1022C00006D1254800902046FEF782FC48B10CE07C
:1022D0000095E06D40F02000E06584F85850012042
:1022E000E9E76846FEF774FC10B184F85850E2E75D
:1022F000E06D40F60161884340F48070E06525663A
:10230000616D1648C862616D15480863616D1548B6
:1023100048632068B84201D0B04201D1124900E0C0
:1023200012491C22026084F858502068426842F02A
:102330001002426043464A460C31606D00F076FD63
:1023400021688A680A4B1A40121D8A60B3E70000B0
:10235000000100500004005000050050D30A00089E
:10236000550B00083B0B000800030050000700500D
:10237000C0FFFF7F2DE9F84F00270446009790F833
:102380005800DFF81C840D46B946012811D00126FB
:1023900084F85860206804F085FB60B1E06D40F07F
:1023A0002000E0655FF0010784F858903846BDE8EA
:1023B000F88F0220FBE7D5E900210C23206803EA0F
:1023C00091131844036B01F01F014FF01F0C0CFA1E
:1023D00001FCC2F3846223EA0C038A4013430363C3
:1023E000206804F05FFB8246206804F057FB5AEA3D
:1023F00000003CD1AA6829682068B2F1004F37D0AC
:1024000004F060FB2068416921F0004141612068CF
:102410006969C268C2F3C102520091402A69042A64
:1024200031D000EB82002B68026EDFF878C303F036
:10243000F84302EA0C020B431A4342F000410166E2
:1024400022682869A96902EB8000026E22F080727E
:102450000A430266297F22682869012910D00021D9
:1024600002EB8000026E22F000720A4302667DE0F9
:10247000002204F027FB2068416941F00041C5E7D4
:102480004FF00071ECE7002104F002FB40032068EC
:102490004FF0000172D004F0FBFA90FAA0F0B0FA0D
:1024A00080F1286842036ED090FAA0F0B0FA80F074
:1024B000814204D100221146206804F012FB012160
:1024C000206804F0E5FA400320684FF001015DD078
:1024D00004F0DEFA90FAA0F0B0FA80F12868420326
:1024E00059D090FAA0F0B0FA80F0814204D10022D5
:1024F0000121206804F0F5FA0221206804F0C8FAEE
:10250000400320684FF0020148D004F0C1FA90FA6D
:10251000A0F0B0FA80F12868420344D090FAA0F00D
:10252000B0FA80F0814204D100220221206804F038
:10253000D8FA0321206804F0ABFA400320684FF07A
:10254000030133D004F0A4FA90FAA0F0B0FA80F1BD
:10255000286842032FD090FAA0F0B0FA80F08142B0
:1025600004D100220321206804F0BBFA20688168AE
:1025700011F0010F22D0ACE000E004E004F088FA92
:10258000C0F384618DE7C0F3846091E704F080FAC2
:10259000C0F38461A2E7C0F38460A6E704F078FA90
:1025A000C0F38461B7E7C0F38460BBE704F070FA5E
:1025B000C0F38461CCE7C0F38460D0E72A7B29684C
:1025C00050F8B03FC1F3120C23EA0C0302F0180CD0
:1025D000754A22FA0CF20A4013430360E968414548
:1025E00077D1286841031CD090FAA0F1B1FA81F1AB
:1025F000491C01F01F0109294FEA403132D8002956
:1026000012D000BF90FAA0F1B1FA81F101F10101FD
:1026100001F01F0106FA01F609D100BFC0F3846181
:1026200009E0C0F38461E3E7C0F38461EEE790FA68
:10263000A0F1B1FA81F101F1010101F01F0146EAB7
:10264000816102D1C0F3846003E090FAA0F0B0FA97
:1026500080F000F1010000F01F0000EB400041EAB3
:10266000005132E000290ED090FAA0F1B1FA81F1C8
:1026700001F1010101F01F0106FA01F606D100BFC8
:10268000C0F3846106E0C0F38461F1E790FAA0F141
:10269000B1FA81F101F1010101F01F0146EA816106
:1026A00002D1C0F3846003E090FAA0F0B0FA80F0A9
:1026B00000F1010000F01F003C4A00EB400002EB7B
:1026C000005041EA000141F00071AA68206804F05E
:1026D000F9F937482B6803423FF466AE21684FF0A2
:1026E000A04C3448344E354D614501D0A94201D14A
:1026F000024600E032469268DFF8C48002F0E072E1
:10270000434503D0DFF8BC80434521D15FEA02286E
:102710001ED4614506D02C4B99427FF445AEA942A8
:1027200000D0304642F40001826822F0E0720A4391
:102730008260264826490068B0FBF1F0401C00EB9F
:102740004000800000E0401E00900028FBD12BE6F6
:10275000DFF8808043450FD15FEAC2180CD4A9424C
:1027600002D11D4B9942F2D0614502D0A94200D05E
:10277000304642F080710CE0DFF860804345E6D1DE
:102780005302E4D4A942E2D0614500D0304642F47D
:102790008001826822F0E0720A43826004E6000051
:1027A00000007F4000F0FF03FFFF0700000020FE55
:1027B0000000088000030050000700500001005096
:1027C000000021C31000C09000060050B00000209F
:1027D000400D0300000052C700050050000084CBEC
:1027E0007047704770470000F8B54FF000050400CF
:1027F0002E46009502D0E06D10B107E00120F8BD33
:10280000204600F009F9266684F85860206881683F
:10281000C1F3407119B18168734A11408160206829
:102820008168C1F3007189B98168704A114041F033
:10283000805181606E486F490068B0FBF1F0400044
:10284000801C00E0401E00900028FBD120688168B9
:10285000C1F3007141B9E16D41F01001E165216EF4
:1028600041F001012166012504F01CF9E16DC90662
:1028700000D430B1E06D40F01000E065012528463D
:10288000F8BDE06D20F4807040F00200E065206843
:10289000816811F0010F27D14FF0A043564A9842AA
:1028A00001D0904204D19968966801F001010AE0D4
:1028B00052498968524E01F00101B66806F00106DE
:1028C0003143504EB66806F0010631430CD19842B0
:1028D00001D0904201D14C4800E04C4861688268C8
:1028E00022F47C120A438260E168E06B627F084355
:1028F000A16841EA4231084394F8241040EA0140BB
:10290000012904D1218D424A02EB41410843E16A89
:1029100029B101F47871226B014342EA0100226877
:10292000D1683C4B19400143D16020680169626B5A
:1029300021F0406111430161206804F0AFF870BBE1
:10294000207F94F838102268800340EA4100D16863
:1029500044F2020399430143D160206900282068B2
:1029600001690AD041F480310161206850F8C01F2C
:1029700022696FF30D01114307E021F480310161F9
:10298000206850F8C01F6FF30D01016094F84000FB
:1029900001280CD02068016921F001010161606902
:1029A00001282068016B21F00F0111D013E0D4E958
:1029B00011010843D4E913121143084321680A693D
:1029C00040F2FC739A43104340F001000861E6E7CF
:1029D000226A521E11430163E06D20F0020040F0B4
:1029E0000100E0654BE70000C0FFFF5FC0FFFF7F15
:1029F000B0000020400D0300000100500004005012
:102A00000005005000060050000300500007005071
:102A10000000FEFF0740F0FF2DE9F04F9BB0064697
:102A200014216846FDF7CDFC542105A8FDF7C9FC2B
:102A30004FF40041326800258803DFF878810327CE
:102A4000DFF874A15D4C4FF002094FF0904BB2F1EA
:102A5000A04F12D05A4B9A4270D11690059105A8FA
:102A600001F01AFB08B1FFF70AF8D8F80000401C83
:102A7000C8F80000012864D06BE01690059105A805
:102A800001F00AFB08B1FEF7FAFFD8F80000401C7D
:102A9000C8F80000012807D1E06C40F40050E06461
:102AA000E06C00F400501A90E06C40F00400E06428
:102AB000E06C00F004001A90E06C40F00100E0646B
:102AC000E06C00F001001A90E06C40F00200E0645D
:102AD000E06CCDF8009000F002001A90CDE901758D
:102AE0006946504600F07EFB0D20CDE9000769469F
:102AF0000295584600F076FB41F20200CDE900074E
:102B0000694602952F4800F06DFB304C2E4820603E
:102B10000520C4E901058020C4E9035080006061FC
:102B20008000A0612020E06100022062204600F0C9
:102B30001DF908B1FEF7A3FF7465A6621BB0BDE8DE
:102B4000F08FE06C40F40050E064E06C00F4005062
:102B50001A90E06C40F00400E064E06C00F00400C7
:102B60001A90E06C40F00100E064E06C00F00100BD
:102B70001A90E06C40F00200E064E06C694600F0FE
:102B800002001A903520CDE900070295504600F06A
:102B900029FBCDF80090CDE901756946584600F053
:102BA00021FB0420CDE9000769460295054800F0A5
:102BB00019FBC3E71800002000080048001002407D
:102BC000000100500004004830000240F855002089
:102BD00010B590F8253000210122022B03D00421EA
:102BE000C163012122E003681C6824F00E041C600C
:102BF000836C1C6824F480741C6003681C6824F0D7
:102C000001041C6090F84430046C03F01F0302FAC6
:102C100003F36360D0E913345C60436D33B11C6827
:102C200024F480741C60D0E916345C6080F82520A0
:102C3000002280F82420084610BD70B590F82520A9
:102C4000002401212346022A07D00422C26380F80F
:102C5000251080F82430012429E00268156825F049
:102C60000E0515600268156825F001051560826C77
:102C7000156825F48075156090F84420056C02F005
:102C80001F0201FA02F26A60D0E913255560426D15
:102C900032B1156825F480751560D0E916255560A8
:102CA00080F8251080F82430816B01B188472046D8
:102CB00070BDF0B4016C0C6801680D6890F8442098
:102CC00002F01F06042202FA06F3234211D06B071A
:102CD0000FD50B689B0603D40B6823F004030B602D
:102CE00090F8441001F01F018A40016C4A60016BAA
:102CF0001DE0022303FA06F727424FF0000C4FF0C5
:102D0000010218D0AF0716D50C68A40605D40C68CC
:102D100024F00A040C6080F8252090F8441001F09B
:102D20001F018B40016C4B6080F824C0C16A0029F0
:102D30001AD0F0BC08470823B340234214D02B0715
:102D400012D50B6823F00E030B6090F84410036C4F
:102D500001F01F0102FA01F15960C26380F82520D9
:102D600080F824C0416BE2E7F0BC704770B5040006
:102D70000CD02B4A21681420914209D2294A0A44D6
:102D8000B2FBF0F08000606427480AE0012070BDCB
:102D9000234A52420A44B2FBF0F0800060642048AB
:102DA00008382064022084F825000A6847F6F0708D
:102DB0008243D4E902031843D4E904352B43184372
:102DC000A3691843E3691843236A18431043086052
:102DD0002046FDF7F9FFA0680025B0F5804F00D12F
:102DE0006560A16C20790860D4E9130141606068D6
:102DF000401E032808D82046FEF706F8606D0560DF
:102E0000D4E91601416002E06565A565E565E56305
:102E1000012084F8250084F82450002070BD0000B3
:102E200008040240F8FFFDBF0000024070B50446F0
:102E300090F82400002501280CD0012084F82400FB
:102E400094F825600020012E06D084F82400022585
:102E5000284670BD022070BD022684F82560E0631C
:102E60002068066826F0010606602046FDF7DEFFB2
:102E7000206B00282068016802D041F00E0106E0B6
:102E800021F0040101602068016841F00A0101603D
:102E9000A06C0168C90303D5016841F48071016029
:102EA000606D18B1016841F48071016020680168AB
:102EB00041F001010160CBE770B5044600F0C0FAB3
:102EC0000546601C02D004484068044400F0B8FA8B
:102ED000401BA042FAD370BD840000202DE9F05FB2
:102EE000054633488946017801290CD001268046E1
:102EF00006704FF47A7B5846FEF764FF07004FF0E8
:102F0000000A03D04FE00220BDE8F09F5146404642
:102F1000C8F804A0274C226892050AD52168490503
:102F200005D5216821F480612160032109E006773D
:102F300008E02268520504D5216821F480612160EF
:102F4000022101772868012807D04FF0FF31C9F826
:102F5000001040F2FA3BAE681EE06868FEF76AFEB9
:102F60005846FEF72FFF0746606948F20401884380
:102F7000606116E030466968FEF7E0FE4FF47A7053
:102F8000FEF720FF0700606920EA0B00606102D0B5
:102F9000C9F8006005E0761CD5E902010844B0429A
:102FA000E8D8FEF719FE88F800A03846ACE7000024
:102FB000900000200020024070B5044606202060EA
:102FC000314D606828B1012803D0022801D00428BF
:102FD00017D10721216030B101280AD0022822D060
:102FE000042826D00DE0E86A00F07F00A060E86ABF
:102FF00004E0286B00F07F00A060286BC0F306405F
:10300000E060286AC0B2AA2802D0CC2800D0BB2039
:103010002061286A20F0FF00A061E06901280ED03D
:1030200002280CD015E0E86C00F07F00A060E86C8E
:10303000E4E7286D00F07F00A060286DDEE72068DF
:1030400004F1240240F00800111F2060081FFEF761
:103050000DFE206840F010012160286F00F48030E0
:10306000A062E06A012801D0022809D141F02001C4
:103070002160012805D0022802D1686FC0B2206308
:1030800070BD286FFAE700000020024005490120CA
:103090004A6942F000424A614969002900DA002089
:1030A00070470000002002402DE9FF5F254C0646D6
:1030B000904620789A4601280BD0012020704FF4CA
:1030C0007A7B5846FEF77EFE07004FF0000904D0D9
:1030D0002AE0022004B0BDE8F09F4846C4F80490FE
:1030E000194D2968490504D5286820F480602860B6
:1030F0000220207726B1012E09D0022E07D00CE045
:10310000424653460198FEF739FE012612E0414639
:103110000198FEF741FE022E0AD05846FEF752FEF5
:103120004FEA0007FEF758FD84F800903846D1E7D3
:103130004FF480265846FEF745FE07466869B043BF
:103140006861EFE79000002000200240064900205F
:103150004A69002A07DA054A8A60054A8A6049698D
:10316000002900DA01207047002002402301674552
:10317000AB89EFCD402817D0802810D0B0F5807FE4
:103180000AD0B0F5007F04D10C48016811B10021CC
:10319000016070470121FBE70121094801E009486E
:1031A0000121006811F014BA07480179022902D000
:1031B000022101717047002010F0D4BB04000020F0
:1031C000080000200C00002070730020044910B596
:1031D0000A68024202D00860FFF7CCFF10BD000071
:1031E000140401402DE9F04FDFF82092002301265E
:1031F0000324A9F1040B85B00F2709F1040AABF1F0
:10320000040EFAE006FA03F52A407CD091F804C0D7
:103210000CF0030CBCF1010F02D0BCF1020F26D15F
:10322000D0F808C0CDF800C04FEA430C04FA0CF8FF
:10323000CDF810C0DDF800C02CEA080CCDF800C0B5
:10324000D1F80C80DDF810C008FA0CF8DDF800C0E9
:1032500048EA0C08C0F80880D0F804C02CEA050C35
:103260000D79C5F300159D4045EA0C0545600D79C3
:10327000ED43AD070ED0C5684FEA430804FA08FCD9
:1032800025EA0C05D1F808C00CFA08FC4CEA050C3C
:10329000C0F80CC00D7905F00305022D16D1DD082C
:1032A00000EB850CCDF808C0DCF820805D074FEA04
:1032B000D56C07FA0CF528EA05080D6905FA0CF536
:1032C000DDF808C045EA0805CCF8205005684FEA4B
:1032D000430CCDF808C004FA0CFC25EA0C0591F863
:1032E00004C00CF00308DDF808C008FA0CF848EA3E
:1032F0000508C0F800804D6815F4403F7CD0444D6F
:10330000D5F860C000E077E04CF0010CC5F860C073
:103310002D6E23F0030C05F0010500953D4D65442D
:103320000295AD684FEA837C4FEA1C7807FA08FCE7
:1033300025EA0C05B0F1904F06D0DFF8DCC06045FF
:1033400005D14FF0010C20E04FF0000C1DE0DFF83C
:10335000CCC0604502D14FF0020C16E0DFF8C0C0CF
:10336000604502D14FF0030C0FE0DFF8B8C06045B4
:1033700002D14FF0040C08E0DFF8ACC0604502D188
:103380004FF0050C01E04FF0060C0CFA08FC4CEA7B
:10339000050C029DC5F808C0D9F80050CC46D1F8FC
:1033A000048095435FEAC82800D51543CCF8005047
:1033B000DAF80050D446D1F8048095435FEA8828B3
:1033C00000D51543CCF80050DBF80050DC46D1F8AE
:1033D000048095435FEA883800D51543CCF8005047
:1033E000DEF80050F446D1F8048095435FEAC8380F
:1033F00000D51543CCF800505B1C0A6832FA03F57F
:103400007FF400AF05B0BDE8F08F00000804014074
:10341000001002400000014000040048000800487D
:10342000000C0048001000480014004800690840E3
:1034300000D0012070470AB18161704781627047F6
:1034400001488068704700008400002002488168BD
:1034500042681144816070478400002010B5002448
:10346000032000F09BF80F2000F008F808B10124B9
:1034700001E000F047F8204610BD000030B50546D9
:103480001B4887B0816D41F010018165806D06A9F0
:1034900000F01000009001A801F06CF801F08AF82B
:1034A0001449154AB0FBF1F11448491E026041600D
:1034B00040F2E7320021C0E90321816001F08BFF77
:1034C000040012D10D4802F02BF804000DD1362073
:1034D00000F036F8102D07D200222946362000F0E1
:1034E0003DF80748056000E0012407B0204630BDE4
:1034F0000010024040420F000010004058590020C8
:10350000840000200D4808B5016E41F001010166FC
:10351000016E01F001010091816D41F080518165E2
:10352000806D002200F0805000900F21901E00F06E
:1035300015F8BDE8084000F0A7BD000000100240EB
:10354000002809DB00F01F020121914040098000A2
:1035500000F1E020C0F8001170470000F0B40E4BFD
:103560001B680C46C3F30223C3F10705042D00D9E1
:103570000425191D072901D2002300E0DB1E0126C6
:1035800006FA05F1491E214099409E40761E1640DC
:103590003143F0BC06F035BF0CED00E0064900F009
:1035A000070208684FF6FF03184040EA0220034A6A
:1035B00010430860704700000CED00E00000FA05C1
:1035C00001220168C0F8D022002280F8C82231F818
:1035D000540F40F001000880088840F00200088085
:1035E0001046704770B50F4D044669B101290AD1E4
:1035F000D4F8D80205F0A1FF607A002803D028682B
:1036000040F00600286070BD607A28B104F0B3FC79
:10361000286820F006002860D4F8D802BDE8704081
:1036200005F023BF10ED00E010B50C0607D501F042
:10363000070101EB810100EBC100103005E001EB57
:10364000810100EBC10000F5A87099B232B10122EE
:1036500002730181190C4181002010BD0022027308
:10366000C180F9E701EB810200EBC202D0F8D80279
:10367000526A05F0D8BD01EB810200EBC202D0F81E
:10368000D802D2F8642105F022BE70B504460B06BC
:1036900001F0070000EB800104EBC1014FF00102D3
:1036A0004FF0000502D54A74103103E081F8515102
:1036B00001F5A871087094F89002012808D084F8E8
:1036C0009022206806F0EBFA84F89052002070BD3A
:1036D000022070BD70B5044601F00F0022799042BF
:1036E00001D9012070BD0B0601F0070000EB80013D
:1036F00004EBC1014FF001024FF0000502D54A74FE
:10370000103103E081F8515101F5A8718D700870F6
:1037100094F89002012808D084F89022206806F0DE
:103720005DFB84F89052002070BD022070BD2DE931
:10373000F04704685FEA42480B788D69B4F850801E
:103740004FF0000C4BF68F7748F2800648F68F79E1
:1037500048F2C00A444428D540F2024808EBC308A6
:1037600034F80840C4F30904A54203D32D1B8D612E
:1037700002D00BE0C1F818C0D0F800C03CF82350CC
:103780003D4085F4005535432CF82350520609D5A9
:103790000B78056835F8232002EA090242EA0A029A
:1037A00025F8232074B30A8927E040F2064808EB85
:1037B000C30834F80840C4F30904A54203D32D1B01
:1037C0008D6102D00BE0C1F818C0D0F800C03CF801
:1037D00023503D4085F4005535432CF823505206C4
:1037E00009D40D78036833F8252002EA090242EA79
:1037F0000A0223F825202CB14A894969006823462A
:1038000006F007FD2046BDE8F0872DE9F05F05468C
:1038100000680C465FEA42681646D1F818C0227864
:10382000B0F8508048F6BF7A48F2800B48F68F77A0
:103830004CF280094FF6FF734FF4004E4FF0000139
:1038400040447DD540F2024808EBC20830F8080039
:10385000C0F30900844514D9BCEB000CC4F818C0AF
:1038600010D0760408D5D5F800C03CF822603E4060
:1038700046EA09062CF8226094F82420012A60D038
:1038800076E1A161607810B1012813D01AE02868B0
:10389000B0F85030184400EBC200B0F80224C2F374
:1038A0000902A0F80224B0F8022442F40042A0F871
:1038B000022407E02868B0F85030184400EBC2003A
:1038C000A0F802146278286812B1012A11D018E019
:1038D000B0F850100844217800EBC100B0F806148D
:1038E000C1F30901A0F80614B0F8061441F4004130
:1038F00005E0B0F850201044227800EBC200A0F898
:103900000614E07802280BD12278296831F82200C9
:1039100000EA0A0080F0200040EA0B0021F82200B3
:1039200021782846FFF79EFE700408D521782A6882
:1039300032F82100384040EA090022F82100C3E0B3
:103940004DE0626902446261E2690244E261266913
:10395000226AB24202D33046111A03E084F82410DE
:103960000AB110462162617811B101292BD033E0F0
:103970002968B1F850201144227801EBC201B1F856
:103980000224C2F30902A1F8022401F2024158B153
:103990003E280ED84208C60700D0521C0E8803EA03
:1039A000822216430E8017E00A8842F400420A8001
:1039B00012E04209C30600D1521E0B884EEA822251
:1039C00013430B8008E02968B1F850201144227895
:1039D00001EBC201A1F8020483B22289C4E040F2E3
:1039E000064808EBC20830F80800C0F30900844517
:1039F00014D3BCEB000CC4F818C010D0760408D463
:103A0000D5F800C03CF822603E4046EA09062CF892
:103A1000226094F82420012A59D0A9E0A16160789D
:103A200010B1012813D01AE02868B0F850301844BB
:103A300000EBC200B0F80224C2F30902A0F802248D
:103A4000B0F8022442F40042A0F8022407E02868FB
:103A5000B0F85030184400EBC200A0F802146278AD
:103A6000286812B1012A11D018E0B0F850100844AB
:103A7000217800EBC100B0F80614C1F30901A0F8E9
:103A80000614B0F8061441F4004105E0B0F85020E7
:103A90001044227800EBC200A0F80614E078022857
:103AA0000BD121782A6832F8210000EA0A0080F060
:103AB000200040EA0B0022F8210021782846FFF779
:103AC000D1FD70047FF532AF0020BDE8F09F626940
:103AD00002446261E2690244E2612669226AB242FA
:103AE00003D33046111A216204E00AB11046216264
:103AF00084F824106278296812B1012A2AD031E0B2
:103B0000B1F850201144227801EBC201B1F806242B
:103B1000C2F30902A1F8062401F2064158B13E2879
:103B20000ED84208C60700D0521C0E8803EA822233
:103B300016430E8016E00A8842F400420A8011E023
:103B40004209C30600D1521E0B884EEA822213435B
:103B50000B8007E0B1F850201144227801EBC2013C
:103B6000A1F80604628983B26169286806F06CFBDB
:103B70002278296831F8220000EA0A0080F030003B
:103B800040EA0B0021F822009EE701F0070101EB5B
:103B9000810100EBC100D0F86C0170472DE9F041C4
:103BA00004460F0601F0070000EB800104EBC101A1
:103BB0004FF001064FF0000502D54E74103103E0BE
:103BC00081F8515101F5A871022B0870C2F30A0067
:103BD0000861CB7000D10D7194F89002012809D0D2
:103BE00084F89062206805F0A5FE284684F890527B
:103BF000BDE8F0810220FBE710B501F0070404EBFB
:103C0000840100EBC101C1E959230022C1F86C21F4
:103C100081F8512181F85041006801F5A87106F042
:103C20002FF9002010BD70B5044601F0070022797D
:103C3000904201D9012070BD0B064FF000054FF0F6
:103C4000010206D500EB800104EBC1014A7410317A
:103C500007E001EB810104EBC10181F8515101F54D
:103C6000A8718A70087094F89002012808D084F82E
:103C70009022206806F0EAF884F89052002070BD87
:103C8000022070BD10B501F0070404EB840100EBC5
:103C9000C101C1E90923012281F834200B6300230B
:103CA000CB624A7401F8104F006806F0E9F8002072
:103CB00010BD10B50446006806F0A8FA010404D54A
:103CC0002046BDE8104003F0E3BA41050ED5206858
:103CD00030F8441F21F480610180204600F008F98B
:103CE0002046BDE81040002100F02EB9410405D562
:103CF000206830F8441F21F480417DE0810405D51F
:103D0000206830F8441F21F4005175E0C1041FD52C
:103D1000206830F8401F21F004010180206830F84D
:103D2000401F21F00801018094F8C802012806D143
:103D3000002084F8C80201462046FFF753FC2046C5
:103D400000F0EAF8206830F8441F21F4805153E075
:103D5000010512D5206830F8401F41F008010180AC
:103D6000206830F8441F21F400610180206830F899
:103D7000401F41F0040101800AE0010629D52068B6
:103D800030F8441F21F08001018094F8C80218B176
:103D9000204600F009F910BD206830F8401F41F0BE
:103DA00004010180206830F8401F41F008010180C3
:103DB000012084F8C8022068B0F854003C2101EAD0
:103DC0009000C4F8CC022046BDE810400121FFF766
:103DD00009BC810509D5206830F8441F21F4007121
:103DE0000180204600F0ACF810BDC005FCD520686D
:103DF00030F8441F21F48071018010BD70B50400BB
:103E000004D094F89102002510B106E0012070BDA5
:103E100084F89052204600F03FF8032084F8910285
:103E2000206805F0D3FF002001260BE000EB8001A5
:103E300004EBC1014E740874CD740D624D62401CD8
:103E4000C0B28D6221798142F0D8002012E000BF1B
:103E500000EB800104EBC10181F8515181F8500160
:103E600081F85351C1F86051C1F86451401CC0B28F
:103E7000C1F8685121798142EAD894E8070005F039
:103E80009CFF257384F89162A07A012802D1204614
:103E9000FFF796FB002070BD10B596B00446542184
:103EA0006846FCF78EFA1049206888421AD14014FF
:103EB000009000200F90684600F0EEF808B1FDF782
:103EC000DEFD0A48816D41F400018165806D0022AC
:103ED00000F40000159005211420FFF73FFB14208B
:103EE000FFF72EFB16B010BD005C00400010024032
:103EF00070B5044640790125022801D0FDF7BFFDC9
:103F00002946D4F8D80205F0CAFAD4F8D802BDE898
:103F1000704005F07DBA000010B50446407A30B11B
:103F20000648016821F00601016004F024F8D4F885
:103F3000D802BDE8104005F098BA000010ED00E08E
:103F4000D0F8D80205F09BBA10B5044690F890025C
:103F500001280AD0012084F890022173206806F01D
:103F60006CF9002084F8900210BD022010BDD0F83A
:103F7000D82200F52671104605F09DBA10B504460A
:103F800090F8900201280CD0012084F8900220685B
:103F900006F02DF9206805F009FF002084F8900252
:103FA00010BD022010BD000010B50446D0F8D802A4
:103FB00005F0C3FA607A002804D00348016841F094
:103FC0000601016010BD000010ED00E02B492C4BF4
:103FD0000A6832214A432B4940B1B0F5007F086896
:103FE00029D020F4C06040F480602CE00868C0F361
:103FF0004120022804D051F8800F20F4807022E084
:10400000D1F8800020F48070C1F88000086820F4A6
:10401000C06040F400700860B2FBF3F0401C00E0A8
:10402000401E4A69520501D50028F9D1486940056A
:104030000AD503207047C0F34120022806D051F86A
:10404000800F40F48070086000207047D1F8800035
:1040500040F48070C1F88000086820F4C06040F42B
:1040600000700860B2FBF3F0401C00E0401E4A699B
:104070005205DBD50028F9D1D8E70000B0000020B8
:1040800040420F00007000400248816841F48041C6
:1040900081607047007000402DE9F84304460068D5
:1040A0000026BB4D00035ED5A86D0027C00008D4D4
:1040B000A86D40F08050A865A86D012700F08050E1
:1040C0000090DFF8D092D9F8001041F48071C9F85F
:1040D0000010FFF7B5F9804606E000BFFFF7B0F922
:1040E000A0EB080002282BD8D9F80000C005F5D5B0
:1040F000D5F8900010F4407014D0216D814211D099
:10410000D5F89000D5F8901020F4407041F480313B
:10411000C5F89010D5F8901021F48031C5F89010B2
:10412000C5F89000C00711D0FFF78AF9804641F228
:10413000883907E0FFF784F9A0EB0801494501D968
:1041400003260BE0D5F890008007F3D5D5F8900052
:10415000216D20F440700843C5F890001FB1A86D90
:1041600020F08050A8652078C00707D0D5F88800D7
:10417000616820F003000843C5F8880020788007B4
:1041800007D5D5F88800A16820F00C000843C5F8D1
:1041900088002078400707D5D5F88800E16820F02E
:1041A00030000843C5F888002078000707D5D5F807
:1041B0008800216920F0C0000843C5F888002078F5
:1041C000C00607D5D5F88800616920F4407008431F
:1041D000C5F888002078800607D5D5F88800A16941
:1041E00020F440600843C5F888002078400607D5D1
:1041F000D5F88800E16920F440500843C5F88800EC
:104200002078000607D5D5F88800216A20F44040C0
:104210000843C5F888002088C00507D5D5F8880070
:10422000616A20F440300843C5F8880020688003A4
:1042300007D5D5F89C00A16A20F003000843C5F813
:104240009C002088800507D5D5F88800E16A20F415
:1042500040200843C5F88800208840050FD5D5F8D0
:104260008800216B20F440100843C5F88800206BBB
:10427000B0F5801F03D1E86840F48010E860208822
:1042800000050FD5D5F88800616B20F44000084385
:10429000C5F88800606BB0F5800F03D1E86840F482
:1042A0008010E8602088C0040FD5D5F88800A16B85
:1042B00020F040700843C5F88800A06BB0F1807F03
:1042C00003D1E86840F48010E86020884FF0006176
:1042D00080040ED5D5F88800E26B20F040601043D2
:1042E000C5F88800E06B884203D1E86840F480108C
:1042F000E860208840040ED5D5F88800226C20F0B4
:1043000040601043C5F88800206C884203D1E868FB
:1043100040F48010E860208800040FD5D5F88800AC
:10432000616C20F040500843C5F88800606CB0F123
:10433000805F03D1E86840F48030E8602068C00303
:104340000FD5D5F88800A16C20F040400843C5F88F
:104350008800A06CB0F1804F03D1E86840F4803051
:10436000E860206840030FD5D5F89C00E16C20F48C
:1043700040100843C5F89C00E06CB0F5001F03D165
:10438000E86840F48010E8603046BDE8F88300003B
:1043900000100240007000402DE9F0470E46050075
:1043A0004FF0000725D0DFF8AC81D8F8000000F00E
:1043B0000F00B0420CD2D8F8001021F00F013143A9
:1043C000C8F80010D8F8000000F00F00B04210D17B
:1043D0002968614CC80741F2883A5AD06868DFF80A
:1043E0007C91032808D0022820682DD040050028A1
:1043F0002CDB0120BDE8F08720688001F9D5E0685A
:1044000000F00302E068C0F30310401C032A19D037
:10441000534A00BFB2FBF0F0E268C2F306225043F9
:10442000E268C2F34162521C5200B0FBF2F0484510
:1044300017D9A06810F0F00F0CD0880711D5A86824
:1044400040B10EE0474AE5E78003D0E700F0D6F838
:10445000484506D9A06820F0F00040F08000A06038
:104460008027A068696820F003000843A060FEF779
:10447000E7FF814606E000BFFEF7E2FFA0EB09017F
:1044800051453AD8A068696800F00C00B0EB810F84
:10449000F2D12868810714D5400703D5A06840F4FD
:1044A000E060A0602878000705D5A06820F460507F
:1044B00040F4E060A060A068A96820F0F000084324
:1044C00004E0802F03D1A06820F0F000A060D8F8AD
:1044D0000010404601F00F01B14216D9016821F0E9
:1044E0000F0131430160FEF7ABFF074607E000BF55
:1044F000FEF7A6FFC11B514501D903207AE7D8F882
:10450000000000F00F00B042F2D12878400705D536
:10451000A068E96820F4E0600843A06028780007FC
:1045200006D5A068296920F4605040EAC100A06067
:1045300000F064F8A1680C4AC1F30311515C01F06A
:104540001F01C8400949086009480068BDE8F047F4
:10455000FEF794BF002002400010024000B4C404E3
:104560000024F40000127A0004970108B000002033
:10457000840000200F2202600C4A936803F00303BA
:104580004360936803F0F0038360936803F4E0638F
:10459000C36092684FF4E06303EAD2020261044808
:1045A000006800F00F000860704700000010024033
:1045B000002002400548064900688968054AC1F3A1
:1045C0000221515C01F01F01C8407047B00000207B
:1045D00000100240149701080548064900688968E0
:1045E000054AC1F3C221515C01F01F01C840704768
:1045F000B00000200010024014970108184910B5BF
:104600008868C0F381021748012A0BD08A684310DA
:10461000C2F38102022A06D08A68C2F38102032A09
:1046200003D0002010BD184610BDCA6802F0030474
:10463000CA68C2F30312521C032C02D0B0FBF2F082
:1046400001E0B3FBF2F0CA68C968C2F30622504326
:10465000C1F34161491C4900B0FBF1F010BD0000FD
:10466000001002400024F4002DE9F84304007AD041
:104670002078F84DC00747D0A868E96800F00C0022
:1046800001F003010C2802D0082817D001E003290B
:1046900014D06068B0F5803F17D0B0F5A02F28681F
:1046A00017D020F480302860286820F4802028600B
:1046B0006068E0B1FEF7C4FE064614E02868800397
:1046C00022D560680028D2D01EE0286840F48030EF
:1046D000EDE740F480202860F7E700BFFEF7B0FE6A
:1046E000801B642870D828688003F7D50CE0FEF79B
:1046F000A7FE064605E000BFFEF7A2FE801B642869
:10470000F0D828688003F7D4207880074CD5A868B3
:10471000E96800F00C0001F003010C2802D0042825
:104720000DD001E002290AD0E068002828682BD0CB
:1047300040F480702860FEF783FE064619E0286882
:10474000400502D5E068002891D06868217C20F0FF
:10475000FE4040EA01606860BF480068FEF78EFED8
:10476000002800D120E072E1FEF76AFE801B0228DB
:10477000B8D828684005F7D56868217C20F0FE404D
:1047800040EA016068600FE020F480702860FEF766
:1047900057FE064605E000BFFEF752FE801B0228CA
:1047A000A0D828684005F7D42078000729D560698B
:1047B0000028D5F8940013D040F00100C5F894000B
:1047C000FEF73EFE064606E090E000BFFEF738FE2C
:1047D000801B022886D8D5F894008007F6D510E013
:1047E00020F00100C5F89400FEF72AFE064604E01A
:1047F000FEF726FE801B022878D8D5F894008007A3
:10480000F6D42078400761D5A86D0026C00008D4F2
:10481000A86D40F08050A865A86D012600F080507A
:1048200000908E480168C90511D40168804641F4A2
:1048300080710160FEF704FE074604E0FEF700FE0B
:10484000C01B022852D8D8F80000C005F6D5A068D1
:10485000012815D00528D5F8900016D020F00100C9
:10486000C5F89000D5F8900020F00400C5F890003D
:10487000A06841F28838B8B1FEF7E2FD07460EE0C5
:10488000D5F8900040F00100F0E740F00400C5F8D2
:104890009000F5E7FEF7D4FDC11B414526D8D5F8B9
:1048A00090008007F6D50CE0FEF7CAFD074604E04D
:1048B000FEF7C6FDC11B414518D8D5F8900080070A
:1048C000F6D41EB1A86D20F08050A865207880062F
:1048D00029D5A0690028D5F8980013D040F0010030
:1048E000C5F89800FEF7ACFD064606E075E000BF8F
:1048F000FEF7A6FD801B02286FD8D5F89800800728
:10490000F6D510E020F00100C5F89800FEF798FDFC
:10491000064604E0FEF794FD801B02285DD8D5F81A
:1049200098008007F6D4E069F0B3A968C1F381016B
:1049300003295DD00228286820F08070286003D009
:10494000FEF77EFD04464BE0FEF77AFD064604E0E6
:10495000FEF776FD801B02283FD828688001F7D437
:10496000F4E908016FF00F0202EB01110843218AFC
:104970005204490802EB4151A26841EA022108436E
:10498000217D4FF07E42490802EB41610843217BC3
:1049900040EAC160E968324A11400843E86028688B
:1049A00040F08070286000E05EE0E86840F08070D1
:1049B000E860FEF745FD044605E000BFFEF740FD58
:1049C000001B022809D828688001F7D54CE000BFF9
:1049D000FEF736FD001B022802D90320BDE8F8834C
:1049E00028688001F4D4E8681E490840E8603BE08C
:1049F0000128F3D0E868226A00F00301914226D131
:104A0000616A00F0F0020901103991421FD1A26AD7
:104A100000F4FE41B1EB022F19D194F82C2000F0E4
:104A20007841B1EBC26F12D1218E00F4C002490867
:104A30004905A1F50011914209D194F8341000F014
:104A4000C06049084906A1F1007181420CD00120E3
:104A5000C4E7000000100240840000200070004005
:104A60000C809F01FCFFEEFE0020B7E770B504004C
:104A700009D0606A002540B125616561A56294F89E
:104A80005D0040B10CE0012070BD6068B0F5827F30
:104A9000F4D0E561F2E784F85C50204600F05CF861
:104AA000022084F85D002068016821F04001016067
:104AB000E1684FF4E062914201D9002001E04FF437
:104AC0008050B1F5706F02D0914200D0A562A188EC
:104AD000228901F4827102F404421143227C02F023
:104AE00002021143227D02F001021143228B02F4E3
:104AF00000721143227F02F03802114394F8202003
:104B000002F080021143228D02F400521143226808
:104B10001160A169042202EA114194F8242000F4F2
:104B2000805002F01002114394F8342002F0080281
:104B30001143A28902F4706211430143206841606D
:104B40002068C16921F40061C1612566012084F8F3
:104B50005D00002070BD000010B586B00446142131
:104B60006846FBF72EFC2368204C002120480222D7
:104B7000A34219D1036E43F480530366036E03F41A
:104B800080530593C36C43F00203C364C06C00F010
:104B90000200059038200090CDE901210520CDE9E3
:104BA0000310694613481CE0134CA3421BD1836DCC
:104BB00043F400438365836D03F400430593C36CA2
:104BC00043F00403C364C06C00F0040005904FF48C
:104BD000A0500090CDE901210620CDE903106946DF
:104BE0000648FEF7FFFA06B010BD00000030014095
:104BF0000010024000040048003C0040000800484B
:104C00002DE9F84F984616468A460446FEF718FCEA
:104C1000814694F85D00012820D1BAF1000F6FD0D1
:104C2000002E6DD094F85C00012817D0012784F87D
:104C30005C70032084F85D0000252566C4F838A068
:104C4000A687E6872564A4F84450A4F84650256555
:104C5000E564A068B0F5004F03D00CE00220BDE889
:104C6000F88F2068016821F0400101602068016828
:104C700041F48041016020680168490603D401685D
:104C800041F040010160E068B0F5E06F606826D94E
:104C900008B1012E1FD1A06B21680088C86006E012
:104CA00020688168890709D5A16B0988C160A06B5C
:104CB000801CA063E08F401EE0870CE0FEF7C0FB85
:104CC000A0EB0901414503D3B8F1FF3F03D04BE00E
:104CD000B8F1000F48D0E08F0028E1D139E008B1E9
:104CE000012E33D1E08F0128A06B03D92168008801
:104CF000C86010E021680078087314E0E08725E0C0
:104D000043E020688168890713D5E18F0129A16BF1
:104D100007D90988C160A06B801CA063E08F801E4A
:104D2000ECE709780173A06B401CA063E08F401E84
:104D3000E4E7FEF785FBA0EB0901414503D3B8F199
:104D4000FF3F03D010E0B8F1000F0DD0E08F002836
:104D5000D7D14A464146204602F0C4FE08B1202081
:104D60002066A06830B109E084F85D7084F85C507A
:104D7000032074E72068C1688068009084F85D7043
:104D800004F85C5F60680028F3D0012067E72DE934
:104D9000FF5F1D46934604464FF001090E9EFEF745
:104DA0004FFB074694F85D006168012806D0B1F515
:104DB000827F39D1A168B1BB042835D10198002880
:104DC0007CD0BBF1000FFBD0002DF9D094F85C0033
:104DD000012829D04FF0010A84F85CA094F85D0006
:104DE000042802D0052084F85D004FF00008C4F8C4
:104DF0006080C4F840B0A4F84650A4F8445001992B
:104E0000A163E587A587C4F84C80C4F85080E068AA
:104E10004FF4E061884201D8012D09D92068426829
:104E200022F4805208E0FFE7022004B0BDE8F09FC2
:104E30002068426842F4805242602068026852064C
:104E400003D4026842F040020260E0688842606871
:104E500046D908B1012D3BD1A06B01882068C16003
:104E6000A06B801CA063E08F401EE08730E02068CC
:104E7000816889070FD5E18F69B1B9F1010F0AD1B6
:104E8000A16B0988C160A06B801CA063E08F401EED
:104E9000E0874FF0000920688168C90711D0B4F895
:104EA000461071B1C068216C0880206C801C2064A1
:104EB000B4F84600401EA4F8460000E09EE04FF023
:104EC0000109FEF7BDFAC01BB04201D3701C74D1BA
:104ED000E08F0028CBD1B4F846000028C7D175E098
:104EE00008B1012D6BD1E08F0128A06B08D9216892
:104EF0000088C860A06B801CA063E08F801E07E064
:104F0000216800780873A06B401CA063E08F401EEE
:104F1000E08754E02068816889071AD5E18FC1B124
:104F2000B9F1010F15D1E18F0129A16B07D90988CA
:104F3000C160A06B801CA063E08F801E06E0097832
:104F40000173A06B401CA063E08F401EE0874FF010
:104F5000000920688168C90728D0B4F8461029B331
:104F6000B4F84610012914D9C068216C0880206C5F
:104F7000801C2064B4F84600801EA4F84600B4F8F3
:104F80004600012810D82068416841F480514160F2
:104F90000AE0007B216C0870206C401C2064B4F88F
:104FA0004600401EA4F846004FF00109FEF748FAFB
:104FB000C01BB04202D3701C01D012E08EB1E08F52
:104FC0000028A7D1B4F846000028A3D13A463146BC
:104FD000204602F087FD50B12020206684F85C80D6
:104FE0000CE084F85DA084F85C8003201DE784F861
:104FF0005DA084F85C80206E0028F7D0012014E7C3
:10500000704770477047000030B590F83C20012A87
:1050100045D0012280F83C20CA688B6822F4407297
:105020001A434B6822F480621A430B6822F4006230
:105030001A430B6922F480521A434B6922F400523E
:105040001A430B6B22F480421A430B8B22F470221A
:1050500042EA0342CB6922F080521A43114D0368A1
:105060000024AB4205D0104DAB4202D00F4DAB42F5
:1050700010D10D8D22F4700242EA05520D6A22F021
:1050800080722A434D6A22F000722A43C96A22F0D4
:1050900000520A435A6480F83C40002030BD022090
:1050A00030BD0000002C01400034014000500140A0
:1050B0007047704770470000F0B590F83C20012A17
:1050C00043D0012580F83C50022280F83D2003683F
:1050D0005A689C681E4E1F4FDFF87CC0B34203D055
:1050E000BB4201D0634504D122F4700E4A6842EA03
:1050F0000E02DFF868E002EA0E02D1F800E04EEAA4
:10510000020EC3F804E00268B24212D0B2F1804F3E
:105110000FD0134B9A420CD0124B9A4209D0124B2B
:105120009A4206D0BA4204D0104B9A4201D062454E
:1051300004D1896824F080031943916080F83D50C0
:10514000002180F83C100846F0BD0220F0BD0000B0
:10515000002C014000340140005001408FFFFFFD52
:105160000004004000080040000C004000400140E6
:1051700010B50446022249B104290ED0082913D0E3
:1051800094F84700012816D0012010BD94F844007F
:105190000128F9D184F844200FE094F84500012853
:1051A000F2D184F8452008E094F846000128EBD1BC
:1051B00084F8462001E084F847200422206802F0A9
:1051C000EAFF2068416C41F40041416413492068C2
:1051D000884214D0B0F1804F11D0114988420ED0CE
:1051E000104988420BD01049884208D00F498842A4
:1051F00005D00F49884202D00E49884207D1816804
:105200000D4A1140062906D0B1F5803F03D0016850
:1052100041F001010160002010BD0000002C0140A0
:105220000004004000080040000C00400034014031
:1052300000400140005001400700010070B50446E5
:105240000D460068002202F0A6FF2068036A41F2C2
:1052500011110B4244F2444206D1036A134203D1B6
:10526000436C23F4004343642068036A0B4206D175
:10527000016A114203D1016821F00101016001209E
:105280003DB1042D08D0082D09D084F84700002036
:1052900070BD84F84400FAE784F84500F7E784F825
:1052A0004600F4E710B50446022249B104290ED0A5
:1052B000082913D094F84700012816D0012010BD0A
:1052C00094F844000128F9D184F844200FE094F8C0
:1052D00045000128F2D184F8452008E094F8460002
:1052E0000128EBD184F8462001E084F8472004220D
:1052F000206802F050FF2068416C41F40041416495
:1053000013492068884214D0B0F1804F11D0114960
:1053100088420ED0104988420BD01049884208D0EC
:105320000F49884205D00F49884202D00E49884271
:1053300007D181680D4A1140062906D0B1F5803F9A
:1053400003D0016841F001010160002010BD0000A0
:10535000002C01400004004000080040000C004008
:1053600000340140004001400050014007000100AE
:10537000704710B50446022084F83D002068016A99
:1053800041F21112114207D1016A9200114203D178
:10539000016821F001010160204600F04DF8002075
:1053A00084F8480084F83E0084F83F0084F8400008
:1053B00084F8410084F8420084F8430084F84400F3
:1053C00084F8450084F8460084F8470084F83D00DE
:1053D00084F83C0010BD10B5040003D094F83D00E3
:1053E00010B107E0012010BD002084F83C002046E9
:1053F00000F038F8022084F83D00211D206802F0FA
:105400004BFE012084F8480084F83E0084F83F00F9
:1054100084F8400084F8410084F8420084F8430096
:1054200084F8440084F8450084F8460084F8470076
:1054300084F83D00002010BD084A016808489142E8
:1054400004D1016E21F4006101667047B1F1804F13
:10545000FBD1816D21F0010181657047002C014075
:105460000010024008B50C4A01680C48914207D16F
:10547000016E41F400610166006E00F4006009E015
:10548000B1F1804F07D1816D41F001018165806DDF
:1054900000F00100009008BD002C01400010024007
:1054A00090F83D10012901D001207047022180F8B9
:1054B0003D1000681249884214D0B0F1804F11D0DD
:1054C000104988420ED0104988420BD00F498842BB
:1054D00008D00F49884205D00E49884202D00E49B3
:1054E000884207D181680D4A1140062906D0B1F5DE
:1054F000803F03D0016841F0010101600020704746
:10550000002C01400004004000080040000C004056
:1055100000340140004001400050014007000100FC
:1055200090F83D10012901D001207047022180F838
:105530003D100168CA6842F00102CA600068134960
:10554000884214D0B0F1804F11D0114988420ED05A
:10555000104988420BD01049884208D00F49884230
:1055600005D00F49884202D00E49884207D1816890
:105570000D4A1140062906D0B1F5803F03D00168DD
:1055800041F001010160002070470000002C014043
:105590000004004000080040000C004000340140BE
:1055A00000400140005001400700010070B5044672
:1055B00090F83C00002501281CD0012684F83C60AE
:1055C000022084F83D0022689068334B184020F494
:1055D0007F4090600868B0F5005F2ED016DC402850
:1055E00049D009DCD0B1102818D0202816D0302896
:1055F00049D113E0022070BD50282AD0602830D055
:1056000070280FD0B0F5805F3DD13DE010F00F0F56
:1056100039D10111A1F58031072934D8226801461A
:10562000104625E0CB68D1E90121206802F0C0FDD9
:105630002068816841F0770109E0CB68D1E9012158
:10564000206802F0B5FD2068816841F480418160E6
:105650001AE0CA684968206802F0E8FF5021206813
:1056600006E0CA684968206802F0F1FF60212068FE
:1056700002F0A8FD08E0CA684968206802F0D6FF79
:1056800040212068F4E7012584F83D60002084F87B
:105690003C00284670BD000088FFCEFF90F83C20FB
:1056A000012A0CD0012200F83C2F0223437050F84D
:1056B0003C3C59614270002101700846704702204D
:1056C000704770472DE9F04104460068C6680569D7
:1056D0004FF00007A90713D5B10711D5F91E0161D5
:1056E00001202077206880698007204602D0FFF7DC
:1056F000E8FF04E000F039F9204600F085FA27774A
:10570000680716D5700714D521686FF0040008618A
:10571000022020772068806910F4407F204602D064
:10572000FFF7CFFF04E000F020F9204600F06CFA0C
:105730002777280715D5300713D521686FF00800A3
:105740000861042020772068C0698007204602D0C5
:10575000FFF7B7FF04E000F008F9204600F054FA24
:105760002777E80616D5F00614D521686FF01000EB
:105770000861082020772068C06910F4407F204627
:1057800002D0FFF79EFF04E000F0EFF8204600F0A3
:105790003BFA2777E80708D0F00706D021686FF0BA
:1057A00001000861204600F017FB280601D4A80478
:1057B00008D5300606D521686FF4025008612046EE
:1057C000FFF71FFCE80508D5300606D521686FF401
:1057D000807008612046FFF713FC680608D5700644
:1057E00006D521686FF040000861204600F029FBD3
:1057F000A80608D5B00606D521686FF0200008611C
:105800002046FFF7FFFBE80208D5F00206D5216825
:105810006FF4801008612046FFF74BFCA80208D502
:10582000B00206D521686FF4001008612046FFF72A
:105830003FFC680208D5700206D521686FF480002D
:1058400008612046FFF736FC28020AD5300208D549
:1058500021686FF4000008612046BDE8F041FFF7C1
:1058600087BDBDE8F0810000F0B587B00446142183
:105870006846FAF7A6FD1E492068884236D11D48C1
:10588000C16C41F00201C164C16C01F002010591DB
:10589000C16C41F00101C164C06C022500F001003F
:1058A00005904FF4C04000900024CDE90154062635
:1058B000114FCDE9034669463846FDF793FCA8032E
:1058C0000090CDE901540420CDE9034069463846F3
:1058D000FDF788FC4FF4E0600090CDE90154CDE97C
:1058E000034669464FF09040FDF77CFC07B0F0BDE1
:1058F000002C0140001002400004004870B504462E
:1059000090F83C00002501280BD0012084F83C00D1
:105910000C2A1ED007DC82B1042A12D0082A06D134
:1059200013E0022070BD102A17D0142A19D00125C7
:10593000002084F83C00284670BD206802F04CFC32
:10594000F6E7206802F09EFCF2E7206802F0EAFC2D
:10595000EEE7206802F036FDEAE7206802F082FDFB
:10596000E6E7206802F0BAFDE2E7704770B504464A
:10597000022269B1042912D0082917D00C291CD0A1
:10598000102921D094F84300012824D0012070BDB3
:1059900094F83E000128F9D184F83E201DE094F8E7
:1059A0003F000128F2D184F83F2016E094F840002F
:1059B0000128EBD184F840200FE094F84100012841
:1059C000E4D184F8412008E094F842000128DDD1B8
:1059D00084F8422001E084F843200122206802F08C
:1059E000CDFB1D4920681D4A1D4B1E4D88420BD022
:1059F000904209D0984207D01B4EB04204D01B4EB3
:105A0000B04201D0A84203D1466C46F40046466439
:105A10002068884211D0B0F1804F0ED014498842DE
:105A20000BD01449884208D01349884205D09042CF
:105A300003D0984201D0A84207D181680F4A114093
:105A4000062906D0B1F5803F03D0016841F001017D
:105A50000160002070BD0000002C014000340140B6
:105A60000040014000500140004401400048014016
:105A70000004004000080040000C00400700010046
:105A800070B5044690F83C0000260D4601280BD066
:105A9000012084F83C000C2A4AD007DC82B1042A99
:105AA00020D0082A06D131E0022070BD102A53D040
:105AB000142A63D00126002084F83C00304670BDD3
:105AC000206802F089FB2068816941F0080181614A
:105AD0002068816921F004018161206881692A6957
:105AE000114311E0206802F0CDFB2068816941F488
:105AF000006181612068816921F480618161206891
:105B000081692A6941EA02218161D4E7206802F0B3
:105B100009FC2068C16941F00801C1612068C169C0
:105B200021F00401C1612068C1692A69114311E0B3
:105B3000206802F047FC2068C16941F40061C1613E
:105B40002068C16921F48061C1612068C1692A6946
:105B500041EA0221C161AEE7206802F083FC2068BF
:105B6000016D41F0080101652068016D21F004011B
:105B700001652068016D2A69114311E0206802F077
:105B8000ADFC2068016D41F4006101652068016D84
:105B900021F4806101652068016D2A6941EA0221D2
:105BA000016588E710B5040003D094F83D0010B1FA
:105BB00007E0012010BD002084F83C00204600F0E2
:105BC00022F8022084F83D00211D206802F064FACA
:105BD000012084F8480084F83E0084F83F0084F8EF
:105BE000400084F8410084F8420084F8430084F8BF
:105BF000440084F8450084F8460084F8470084F89F
:105C00003D00002010BD70477047000070B504468D
:105C1000022269B1042912D0082917D00C291CD0FE
:105C2000102921D094F84300012824D0012070BD10
:105C300094F83E000128F9D184F83E201DE094F844
:105C40003F000128F2D184F83F2016E094F840008C
:105C50000128EBD184F840200FE094F8410001289E
:105C6000E4D184F8412008E094F842000128DDD115
:105C700084F8422001E084F843200122206802F0E9
:105C80007DFA1D4920681D4A1D4B1E4D88420BD0D0
:105C9000904209D0984207D01B4EB04204D01B4E10
:105CA000B04201D0A84203D1466C46F40046466497
:105CB0002068884211D0B0F1804F0ED0144988423C
:105CC0000BD01449884208D01349884205D090422D
:105CD00003D0984201D0A84207D181680F4A1140F1
:105CE000062906D0B1F5803F03D0016841F00101DB
:105CF0000160002070BD0000002C01400034014014
:105D00000040014000500140004401400048014073
:105D10000004004000080040000C004007000100A3
:105D200030B504460D460068002202F027FA244BE5
:105D300041F2111120688A0098420ED0214B9842FE
:105D40000BD0214B984208D0204B984205D0204BD5
:105D5000984202D01F4B984209D1036A0B4206D1E8
:105D6000036A134203D1436C23F400434364206865
:105D7000036A0B4206D1016A114203D1016821F086
:105D80000101016001205DB1042D0CD0082D0DD062
:105D90000C2D0ED0102D0FD084F84300002030BD04
:105DA00084F83E00FAE784F83F00F7E784F8400003
:105DB000F4E784F84100F1E784F84200EEE70000E0
:105DC000002C0140003401400040014000440140EB
:105DD000004801400050014000680349884201D159
:105DE000FDF734BB704700000010004070B504465A
:105DF00090F83C00012812D0012584F83C50022084
:105E000084F83D00204602F0A7FB01004FF000009F
:105E100007D084F83D5084F83C00012070BD02207A
:105E200070BD2168CA6822F04002CA602168CA6851
:105E300022F48042CA6084F83D5084F83C0000207F
:105E400070BD704790F88410012918D0012180F8A6
:105E500084102421C0F8881001680A680B6823F0B8
:105E600001030B6022F000510022426603681960B2
:105E70002021C0F8881080F8842010467047022046
:105E800070477047704770B5044690F88400012849
:105E90001DD0012084F884002420C4F888002068E4
:105EA0000568026822F0010202602068826822F020
:105EB00060620A438260204602F0DCFB20680560D5
:105EC0002020C4F88800002084F8840070BD0220DF
:105ED00070BD70B5044690F8840001281DD00120E3
:105EE00084F884002420C4F88800206805680268CB
:105EF00022F0010202602068826822F060420A43B8
:105F00008260204602F0B6FB206805602020C4F8BD
:105F10008800002084F8840070BD022070BD7047A6
:105F2000704770472DE9F04103680446D869196845
:105F30009A6840F60F0528424FF000054FF0020620
:105F40000AD187067ED501F0200702F0805C57EA6F
:105F50000C0777D0616F42E1B64FDFF8DCC2174023
:105F600001EA0C0C57EA0C0C6CD05FEAC07C0CD038
:105F70005FEAC15C09D54FF0010CC3F820C0D4F82A
:105F8000903043F00103C4F89030830709D5D3075C
:105F900007D023681E62D4F8903043F00403C4F89D
:105FA000903043070AD5D30708D02668042333620C
:105FB000D4F8903043F00203C4F8903003070CD5B6
:105FC00001F020033B4308D0266808233362D4F84D
:105FD000903043F00803C4F8903003050BD54B0113
:105FE00009D526684FF400633362D4F8903043F04B
:105FF0002003C4F89030D4F89030002B3DD08006B8
:1060000009D501F0200002F08051084303D0616FF0
:1060100009B120468847D4F890002168896849066C
:1060200002D410F0280F2AD0204602F007FC206886
:10603000806840061ED52068083050E8001F21F017
:10604000400100E021E040E80012002AF3D1D4F83A
:10605000800078B179498163D4F88000FCF7EDFDC8
:1060600000280AD0D4F88000816B00E02046BDE80B
:10607000F04108472046FFF754FFBDE8F081204675
:10608000FFF74FFFC4F89050F7E7D4F86CC0202713
:10609000BCF1010F7ED15FEAC06C7BD55FEAC16CB9
:1060A00078D51020186220688068400651D5D4F851
:1060B00080100A6850680004000C3ED0B4F85C30D0
:1060C00083423AD9A4F85E000868006880062CD4A0
:1060D000216851E8000F20F4807041E80002002A96
:1060E000F6D12068083050E8001F21F0010140E897
:1060F0000012002AF5D12068083050E8001F21F076
:10610000400140E80012002AF5D1C4F88C70E56621
:10611000216851E8000F20F0100041E80002002A39
:10612000F6D1D4F88000FCF753FD2667B4F85C0084
:10613000B4F85E10401A81B207E0B4F85C108142F6
:106140009BD11068800698D526672046FFF799FEF8
:1061500093E7B4F85C00B4F85E10401A81B2B4F86A
:106160005E00002889D0002987D0226852E8000FFD
:1061700020F4907042E80003002BF6D12D4BDB4356
:106180002068083050E8002F1A4040E8002CBCF18D
:10619000000F00E00EE0F3D1C4F88C70E56665678F
:1061A000206850E8002F22F0100240E80023002B66
:1061B000F6D1C9E7C60209D5560207D54FF48010BB
:1061C00018622046BDE8F041FFF7AABE03060AD5D3
:1061D00001F0800302F40002134304D0A16F0029F0
:1061E0007FF444AF49E7420611D54A060FD5204651
:1061F000016851E8002F22F0400241E80023002B03
:10620000F6D1C0F88870856700F0CAF835E7020259
:1062100006D54A0004D52046BDE8F041FFF77FBE11
:10622000C00195D5002993DA2046BDE8F041FFF77B
:1062300029BE000001000010200100042D88000884
:1062400010B5040003D0D4F8880010B107E0012095
:1062500010BD002084F88400204600F027F8242098
:10626000C4F888002068016821F001010160A06A7B
:1062700010B1204602F020FA204602F009FB012866
:10628000E6D02068416821F490414160206881682F
:1062900021F02A0181602068016841F0010101605C
:1062A0002046BDE8104002F06BBA0000F0B59BB08C
:1062B0000646142115A8FAF784F854216846FAF71F
:1062C00080F83249306888425DD104200024009073
:1062D00003946846FDF7E0FE08B1FBF7D0FB2C48BD
:1062E000816D41F480218165816D01F480211A91D5
:1062F000C16C41F00201C164C06C15A900F002003C
:106300001A904FF4406015900220CDE91604072042
:10631000CDE918401F48FCF765FF204D1E4805F1E8
:10632000080128601D2068601020802781E8910006
:106330006C61AC61EC6128462C62FCF717FD08B17A
:10634000FBF79DFBF567AE62144D134860351430C2
:1063500028601C20C5E90104C5E903476C61AC61F4
:10636000EC6128462C62FCF701FD08B1FBF787FBC6
:10637000C6F88050002205212720AE62FDF7EEF816
:106380002720FDF7DDF81BB0F0BD000000480040FD
:106390000010024000040048080002409858002005
:1063A0007047FEE7F0B500230A24302537261F4644
:1063B00011E000BFB4EB107F02D905EB107C01E0C7
:1063C00006EB107C01F813C001EB430C00015B1CD1
:1063D0008CF80170DBB29342ECD3F0BD2DE9F041B3
:1063E00007461C4615460E462A2000F023FB283798
:1063F000B8B200F014FB2835A8B200F010FB2B2037
:1064000000F018FB3436B0B200F009FB3434A0B20F
:1064100000F005FBBDE8F0412C2000F00BBB2DE99E
:10642000FE4F161ACDE900104FF000085D1A4746DE
:106430004FF0FF30002E02DD4FF0010102E003D1EA
:106440004FF000018B4602E08346C6F10006002DA6
:1064500002DD4FF0010002E003D14FF00000824660
:1064600002E08246C5F10005AE4201DD344600E09F
:106470002C46601C4FF00009029019E000980C9A1D
:1064800081B2019880B200F018F8B0442F44A045C2
:1064900004DD0198A8EB040858440190A74203DDED
:1064A00000983F1B5044009009F101001FFA80F949
:1064B00002998945E2DBBDE8FE8F10B514460B4614
:1064C0000246FFF78BFF2046BDE8104000F0A7BA58
:1064D0002DE9F04780461F46581E83B21646501ECF
:1064E00082B20C464046DDF82090FFF777FF0AE0C5
:1064F000454604E0484600F092FA6D1CADB2B54244
:10650000F8D3641CA4B2BC42F2D3BDE8F08700000B
:1065100070B54FF400444FF09045002221462846C4
:10652000FCF789FF6420FCF7C7FC012221462846BE
:10653000FCF781FF6420FCF7BFFC012280215F484B
:10654000FCF779FF6420FCF7B7FC112000F072FA29
:106550007820FCF7B1FC362000F06CFAA02000F0A7
:106560007FFA3A2000F066FA052000F079FAB220AE
:1065700000F060FA0C2000F073FA0C2000F070FAC2
:10658000002000F06DFA332000F06AFA332000F0AA
:1065900067FAB72000F04EFA352000F061FABB2010
:1065A00000F048FA192000F05BFAC02000F042FA2F
:1065B0002C2000F055FAC22000F03CFA012000F037
:1065C0004FFAC32000F036FA122000F049FAC42036
:1065D00000F030FA202000F043FAC62000F02AFA3A
:1065E0000F2000F03DFAD02000F024FAA42000F0A3
:1065F00037FAA12000F034FAE02000F01BFAD02096
:1066000000F02EFA042000F02BFA0D2000F028FAFA
:10661000112000F025FA132000F022FA2B2000F0C0
:106620001FFA3F2000F01CFA542000F019FA4C2009
:1066300000F016FA182000F013FA0D2000F010FAFE
:106640000B2000F00DFA1F2000F00AFA232000F0C2
:1066500007FAE12000F0EEF9D02000F001FA042062
:1066600000F0FEF90C2000F0FBF9112000F0F8F921
:10667000132000F0F5F92C2000F0F2F93F2000F093
:10668000EFF9442000F0ECF9512000F0E9F92F2057
:1066900000F0E6F91F2000F0E3F91F2000F0E0F918
:1066A000202000F0DDF9232000F0DAF9212000F0AD
:1066B000C1F9BDE87040292000F0BCB900040048D1
:1066C0002DE9FF4F81B00446DDF83C9000904FEA81
:1066D00059074FF00008780700D0012000EBD700E1
:1066E00000FB09FB203AD0B203900298029948447B
:1066F000401E83B2E019401E82B22046FFF76EFEB4
:10670000002553E0B9F10C0F2AD0B9F1100F2ED0AB
:10671000B9F1180F2ED0B9F1200F49D127490398AC
:1067200001EB8010002610F805A0109800284FF00B
:10673000010000FA06F000EA0A0022D020B120464B
:10674000049A0299FFF7B9FE641C0098A4B2201ABB
:10675000B84225D10298009C401C80B2029023E0F0
:106760000398174900EB400001EB8000DAE7154978
:10677000039803E00398144900EB400001EB00107C
:10678000D0E708B1049800E00E9800F048F908F14D
:106790000100C0B2B0FBF7F1804607FB118050B199
:1067A000761CF6B2082EC0D36D1CADB25D45A9D3E0
:1067B00005B0BDE8F08F4FF00008F5E7BCB8010860
:1067C000889C0108FCA00108ECA601082DE9FF4FF8
:1067D00007462DED020B83B01446DDE913864FEA20
:1067E000560A0A2008990DF0B3FD00EE900AB5EEA6
:1067F000C00A641CF8EE600ACDE9008660EE800AEB
:106800004FF0000B129B07EB5605FDEEE00ACDF8AA
:1068100008B010EE900AF1EE10FA0FFA80F909D2E2
:106820002D2238460699FFF74BFFC9F100000FFAF9
:1068300080F904E0202238460699FFF741FF0698C8
:10684000AFB23044401C83B2E5B2089805FB0A7130
:10685000401C084482B2CDF8008038460699FFF704
:1068600037FE00242EE00898281AA0420FD1CDE967
:10687000008600FB0A7080B2CDF808B02E22129B71
:106880000699FFF71DFF641C6D1CE4B2EDB2281BD6
:10689000401EC1B20A200DF05BFDB9FBF0F00A21E9
:1068A000B0FBF1F201FB1202CDE9008604FB0A7095
:1068B00080B2CDF808B03032129B0699FFF700FF86
:1068C000641CE4B2AC42CED309B0BDE8F08F2DE930
:1068D000FF4F05462DED020B83B09A46DDE9139874
:1068E00014464FEA580619460A200DF031FD00EE15
:1068F000900A641CCDF80090F8EE600A20EE800A41
:10690000BDEEC00A10EE100A0FFA80FBA81987B27C
:106910000698E5B24044401C83B205FB06710AF1BB
:106920000100084482B238460699FFF7D1FD0024E1
:1069300030E0A5EB0A00A04210D10021CDF8009074
:10694000CDE9018100FB067080B22E22129B0699D0
:10695000FFF7B6FE641C6D1CE4B2EDB2281B401EAE
:10696000C1B20A200DF0F4FCBBFBF0F00A21B0FB31
:10697000F1F201FB12020020CDF80090CDE9018078
:1069800004FB067080B23032129B0699FFF798FE26
:10699000641CE4B2AC42CCD309B0BDE8F08F000077
:1069A0002DE9F04387B08146DDE90E671C461546A8
:1069B000884610EE100AF9F7EDFE41EC100B08A125
:1069C00053EC102B03A803F0CFFC8DE8D0002B462E
:1069D00003AA4146484600F005F807B0BDE8F08339
:1069E000256600002DE9FE4F9946DDE90D67144646
:1069F0008A460546DDF830800CE0CDF800804B4635
:106A000051462846CDE90167FFF75AFE05EB5600CF
:106A100085B2641C2278002AEFD1BDE8FE8F10B544
:106A20000446000A00F01CF8E0B2BDE8104000F097
:106A300017B8000070B5094D06464FF400640022F7
:106A400021462846FCF7F7FC304600F009F82146BD
:106A50002846BDE870400122FCF7EDBC0008004864
:106A600031B5094C002240212046FCF7E4FC4FF6EA
:106A7000FF73012269460548FEF7C2F80122402152
:106A80002046FCF7D8FC38BD00040048BC56002066
:106A900000EB8100006E00F0F84070478068C0F3A2
:106AA000C00070478068C0F3800070478068C0F302
:106AB00080007047C06810F4406F01D0002070471C
:106AC00001207047042303EAD15310B518444369E9
:106AD000C1F3045107248C40A3438A40134343610C
:106AE00010BD00EB8100016E21F0004111430166F1
:106AF00070470000F0B58BB0002408940994202161
:106B000068460A94F9F75DFC3C484FF0A041042622
:106B100001604FF40021C0E9011486610121C460C5
:106B2000C0E90441047744770625056280F82440D3
:106B30004FF48C62C262CA02026380F83810C463E8
:106B400080F84040FBF750FE08B1FAF798FF4FF489
:106B50000040CDE90850C71108A90A972748FBF75C
:106B6000DDFA08B1FAF78BFF2548CDE900057F2053
:106B7000CDE90240CDE9046469462048FBF7FAFB01
:106B800008B1FAF77CFF1F4800900C20019069467D
:106B90001A48FBF7EFFB08B1FAF771FF1A480090AB
:106BA0001220019069461548FBF7E4FB08B1FAF79B
:106BB00066FF164800901820019069460F48FBF7C1
:106BC000D9FB08B1FAF75BFF1148CDE90007694628
:106BD0000A48FBF7CFFB08B1FAF751FF0D480090C8
:106BE0004FF48370019069460448FBF7C3FB00280B
:106BF00001D0FAF744FF0BB0F0BD00002055002093
:106C00000800900C020030041000C0108000501DDD
:106C1000001060320008302E70B588B02021684620
:106C2000F9F7CFFB3448334900240160C902C0E9B9
:106C30000114042585610121C460C0E90441047781
:106C400044770626066280F8244080F83840C46302
:106C500080F84040FBF7C8FD08B1FAF710FF27485D
:106C6000CDE900067F20CDE90240CDE90454694614
:106C70002148FBF77FFB08B1FAF701FF204800909D
:106C80000C20019069461C48FBF774FB08B1FAF729
:106C9000F6FE1C4800901220019069461648FBF74A
:106CA00069FB08B1FAF7EBFE174800901820019035
:106CB00069461148FBF75EFB08B1FAF7E0FE13489E
:106CC00000904FF48070019069460B48FBF752FB2F
:106CD00008B1FAF7D4FE0E4800904FF4837001908B
:106CE00069460548FBF746FB002801D0FAF7C7FEC6
:106CF00008B070BD000100508C55002004006008F1
:106D00000008302E40002019000180210010603260
:106D10002000F014154808B5816C41F0040181642D
:106D2000816C01F004010091816C41F001018164EA
:106D3000806C002200F00100009005210B20FCF780
:106D40000DFC0B20FCF7FCFB002205210C20FCF7BE
:106D500005FC0C20FCF7F4FB002205210D20FCF7BC
:106D6000FDFBBDE808400D20FCF7EABB0010024027
:106D700010B5104A002110480DF0B0FC0F4C6061B6
:106D800005F088FA09F044FB0A4A0021483A0C4809
:106D90000DF0A4FC074AE0606C3A002109480DF0B0
:106DA0009DFC044AA060243A002107480DF096FC9F
:106DB000206110BDB8960108217E00080000002067
:106DC000CDD40008ED47010809E800082DE9F04797
:106DD00086B014216846F9F7F4FA4148C16C41F0D5
:106DE0002001C164C16C01F020010591C16C41F02A
:106DF0000401C164C16C01F004010591C16C41F052
:106E00000101C164C16C01F001010591C16C41F047
:106E10000201C164C16C01F002010591C16C41F035
:106E20000801C164C06C4FF4004500F008004FF049
:106E300090470590002229463846FCF7FCFADFF817
:106E4000A4802E11002231464046FCF7F4FADFF808
:106E50009890002204214846FCF7EDFADFF88CA058
:106E60000022C0215046FCF7E6FA4FF47070009003
:106E70004FF404100024CDE9010469464046FCF7B4
:106E8000B1F900950125CDE90154694638460394CE
:106E9000FCF7A8F90096CDE90154694640460394F1
:106EA000FCF7A0F90420CDE900050220CDE9020598
:106EB00069464846FCF796F9C0200090CDE9015498
:106EC000694650460394FCF78DF9002205211720EE
:106ED000FCF744FB1720FCF733FB06B0BDE8F08756
:106EE0000010024000080048000C00480004004860
:106EF000124810B5104901604FF4827141600021C1
:106F00004FF47062C0E90212022202610122426162
:106F1000520282611822C0E9072107224162C0E9BA
:106F20000A1201634163FDF7A1FD002803D0BDE80B
:106F30001040FAF7A4BD10BD0030014058560020A3
:106F4000124810B5104901604FF482714160002170
:106F50004FF4E062C0E902120222C0E904211202E9
:106F600082611022C0E9072107224162C0E90A12AA
:106F7000016308214163FDF779FD002803D0BDE8D6
:106F80001040FAF77CBD10BD003C0040BC5600200C
:106F900030B59BB0002419941A9417941894149443
:106FA00015941C2168461694F9F70BFA342107A8AA
:106FB000F9F707FA3C483B49202580E8320042F2C5
:106FC000CF01C0E9031444618461FEF704FA08B1FB
:106FD000FAF755FD4FF48050179017A93248FEF785
:106FE000E5FA08B1FAF74BFD2F48FEF7DBFD08B1D3
:106FF000FAF745FD80201495CDE9154014A92A48DB
:10700000FEF75AF808B1FAF73AFD6020CDE900041E
:107010004FF48070CDE90440400006900294039440
:10702000002269462048FEF72BFD08B1FAF727FD3C
:10703000042269461C48FEF723FD08B1FAF71FFD3C
:10704000082269461848FEF71BFD08B1FAF717FD3C
:1070500042F23110069401900C2269461248FEF764
:107060000FFD08B1FAF70BFD079414200894CDE941
:1070700009404FF40050CDE90B400D9400030E94ED
:10708000CDE90F401194129407A907481394FDF716
:10709000BBFF08B1FAF7F3FC0348FEF7E5FB1BB0B2
:1070A00030BD0000002C01406C57002010B594B09A
:1070B00000240C940D940E94142107A80F94F9F752
:1070C00080F9109411941C2168461294F9F779F90B
:1070D00022484FF0804101600121C0E901144FF6C0
:1070E000FF71C0E903148461FEF775F908B1FAF77E
:1070F000C6FC4FF480500C900CA91848FEF756FAC5
:1071000008B1FAF7BCFC1548FEF74CFD08B1FAF7D8
:10711000B6FC0420CDE9070407A91048FEF766FE77
:1071200008B1FAF7ACFC109410A90C481294FDF7C2
:10713000C3FF08B1FAF7A3FC602000900220CDE95C
:1071400001040422694605480494FEF799FC0028CE
:1071500001D0FAF794FC14B010BD0000B85700201D
:10716000184810B5164901604FF4E1314160002123
:1071700081600C22C160C0E904128161C1610162B9
:1071800041628162FFF75CF808B1FAF778FC0021F0
:107190000C48FEF79EFE08B1FAF771FC0021094881
:1071A000FEF771FE08B1FAF76AFC0648FEF74AFEE0
:1071B000002803D0BDE81040FAF761BC10BD000004
:1071C000004800400458002010B500220F49104824
:1071D00002F004F808B1FAF752FC0E490C4802F02C
:1071E000D4F908B1FAF74BFC0B49094801F042FE0B
:1071F00008B1FAF744FC064802F042FA002803D02E
:10720000BDE81040FAF73BBC10BD00001C00002098
:10721000A05E00209001002070000020FEE700002A
:1072200010B5164CA069002826DA15480078012808
:1072300004D0A06940F00040A06110BD1148016871
:10724000114A914218D30168104A914214D800683B
:10725000F9F792FE0028F0D0206900070CD52069CC
:10726000800609D52069000606D508202061202067
:1072700020618020206110BDFEE700000020024058
:10728000D1030020D803002000000408FF7F040879
:107290002DE9F84F044640F68F7A40F2064B48F647
:1072A0000F784FF000098BE1B0F8441011F00F0592
:1072B0003AD030F8256031047DD530F8251001EA48
:1072C0000A0141F0800120F8251005EB850004EB50
:1072D000C00797F85C0107F5A87700286CD0F8780C
:1072E00002286AD03978226832F8210048F68F7374
:1072F000184048F2C003184322F821003878D4F827
:1073000000C03CF820104904BCF8501001EB0C02FE
:107310007ED540F2024101EBC000105A8005800D7D
:10732000009076D03A89A7E0C9062AD4018801EAFC
:10733000080141F400410180206804F11005B0F813
:107340005010227C014440F2024000EBC200085A77
:10735000C0F30900E062616A0844606200212046CF
:10736000FCF780F9207B00289DD0A86900289AD1DD
:10737000207B40F080012068A0F84C1084F80C902D
:107380001EE1018804F5A8750A051ED5B0F8501055
:107390000A1829780BEBC100105A04F52671C0F3C6
:1073A0000903EB61EA88206802F033FF216808884E
:1073B00000EA0A0002E07BE03FE04EE040F080009F
:1073C00008802046FCF7D3FDFAE00904D8D50188EF
:1073D00001EA0A0141F0800101802068B0F85010F4
:1073E0002A7808440BEBC201405A83059B0DEB61E0
:1073F0000DD0696959B1EA88206802F00AFFE9698D
:1074000068690844686100212046FCF734F901E00E
:107410002AE028E0206801880A050DD4C1F3013173
:10742000032909D001884BF68F72114081F4405135
:1074300048F2800211430180C2E02068B0F8501089
:107440003B780A180BEBC301515A8905890D00914D
:1074500017D0FA887969009B11E0324639462046F8
:10746000FCF765F900900CE00BEBC000105A8005AA
:10747000800D009005D07A8903466046796902F054
:10748000C8FEF96900980844F861786900990844D1
:107490007861B86918B139690098814204D939789E
:1074A0002046FCF7E8F803E03946206802F0E8FCE3
:1074B00030062DD505EB850004EBC001206830F8BF
:1074C000252002EA080242F4004220F82520C87C68
:1074D000103101281DD0F0056ED42068B0F850207E
:1074E00013180A7840F2024000EBC200185A8A6969
:1074F000C0F30900824258D9121A8A6157D04A69EA
:1075000002444A61CA691044C861206802F0B8FCAC
:1075100056E0C1F818900A7B48461AB3720622D585
:107520004A7812B1012A14D041E02068B0F8502006
:1075300010440A7800EBC200B0F80224C2F309023A
:10754000A0F80224B0F8022442F40042A0F8022479
:107550002DE02268B2F850301A440B7802EBC302D7
:10756000A2F8020423E04B78226813B1012B13D058
:107570001DE0B2F8500010440A7800EBC200B0F8E9
:107580000624C2F30902A0F80624B0F8062442F447
:107590000042A0F806240AE0B2F850301A440B78F2
:1075A00002EBC302A2F8060401E0C1F818900978C2
:1075B0002046FCF757F803E032462046FCF725F951
:1075C0002068B0F8441009043FF56EAE0020BDE815
:1075D000F88F00002DE9F74F82B04FF0000417003C
:1075E000009411D05FF00100FAF71CFC0546401C26
:1075F0000CD0DFF89C932021A9F8024089F80050B4
:10760000C9F8041037B10BE00220EDE7042005B003
:10761000BDE8F08F0121284600F05AFB002872D106
:10762000DC484FF480244FF6FF71028866008A42DE
:1076300001D1324603E04FEA02424FEA92124FEA8A
:107640005202B4FBF2F302FB1342A5EBD222A2F1E9
:10765000010202F00F0301D1324604E002884FEA32
:1076600002424FEA92124FEA5202B4FBF2F502FBD9
:10767000154203EBD22501D1324604E002884FEADD
:1076800002424FEA92124FEA5202B4FBF2F28046F3
:107690008B4601D1304605E0B8F800004FEA0040C3
:1076A0004FEA90104FEA50014FF0006A0AEBC520F4
:1076B00002FB0100FAF7C4FC022804D0042808D019
:1076C000012F7BD0A0E00421284600F001FB002818
:1076D000A5D1B8F8002040465A4501D1324603E012
:1076E0004FEA02424FEA92124FEA5202B4FBF2F31F
:1076F00002FB1342A5EBD222A2F1010202F00F021B
:1077000002D1334605E0AEE003884FEA03434FEA77
:1077100093134FEA5303B4FBF3F503FB154302EB5A
:10772000D32501D1324604E002884FEA02424FEAF3
:1077300092124FEA5202B4FBF2F201D1304605E058
:10774000B8F800004FEA00404FEA90104FEA5001AD
:107750000AEBC52002FB01004BE000BF4FF0040123
:10776000284600F0B5FA00287DD1B8F80020404640
:107770005A4501D1314603E04FEA02414FEA9111E7
:107780004FEA5101B4FBF1F201FB1241A5EBD1210B
:10779000A1F1010101F00F0201D1314604E001889D
:1077A0004FEA01414FEA91114FEA5101B4FBF1F365
:1077B00001FB134102EBD12503D100E022E0314669
:1077C00004E001884FEA01414FEA91114FEA51016B
:1077D000B4FBF1F101D1304605E0B8F800004FEA02
:1077E00000404FEA90104FEA50020AEBC52001FB1F
:1077F0000200FAF725FC0328B0D00428B5D0012FE9
:1078000004D096E0032801D00A2000E799F8005040
:10781000B8F800702022484641465B469F4201D19D
:10782000B44605E0B1F800C04FEA0C4C4FEA9C1C8E
:107830004FEA5C0CB4FBFCFC01D1B04605E0B1F8AA
:1078400000804FEA08484FEA98184FEA58080CFBA6
:1078500008FC0CEBC52802F1006CE044D8F800C02D
:10786000D8F8048000E086E06FEA0C0C7CEA080C93
:107870000FD0B0F802C008320CF1010CA0F802C021
:10788000D0F804C0B2F5006F0CF1080CC0F804C0C9
:10789000C4D3002788464046B8F800205A4501D195
:1078A000314603E04FEA02414FEA91114FEA51019C
:1078B000B4FBF1F201FB1241A5EBD121A1F10101D1
:1078C00001F00F0201D1314604E001884FEA014185
:1078D0004FEA91114FEA5101B4FBF1F301FB13415F
:1078E00002EBD12501D1314604E001884FEA014184
:1078F0004FEA91114FEA5101B4FBF1F101D1304649
:1079000005E0B8F800004FEA00404FEA90104FEA57
:1079100050020AEBC52001FB0200FAF791FB032895
:1079200007D1B9F802107F1CFC31A9F80210102F02
:10793000B1D3DDE9020102F0ADFCE0B9B9F80240D3
:107940004D4640F21366032C01D3A41E0CE0012423
:107950000298844207D0A0B2694600F01DF860B1D9
:1079600007287FF452AF641CB442F1D30221287877
:1079700000F0AEF940B1022049E6A0B2009902F051
:1079800089FC0028F8D1EEE74FF480703FE6000054
:10799000D0030020E075FF1F2DE9F35F0020FAF708
:1079A00041FA0646401C0BD04D484FF6FF714FF48C
:1079B000802302884FF400298A4205D14A4607E015
:1079C0004FF00300BDE8FC9F4FEA02424FEA9212DB
:1079D0004FEA5204B3FBF4F29B46824601D148467B
:1079E00005E0BAF800004FEA00404FEA90104FEA75
:1079F00050014FF0006000EBC62002FB010063E085
:107A00004FF4FF6708EB0700046845686FEA04005D
:107A100070EA05000ED00098A1B281420AD1A1B24D
:107A20002846F9F793F9210C814203D101980560AA
:107A30000020C7E7083F202FE4D2BAF800204FF615
:107A4000FF7150468A4201D1494603E04FEA0241A4
:107A50004FEA91114FEA5102BBFBF2F3594602FB88
:107A60001312A6EBD222A2F1010202F00F0301D100
:107A70004A4604E002884FEA02424FEA92124FEA75
:107A80005202B1FBF2F402FB141203EBD22601D135
:107A90004A4604E002884FEA02424FEA92124FEA55
:107AA0005202BBFBF2F101D1484605E0BAF80000F2
:107AB0004FEA00404FEA90104FEA50024FF000604A
:107AC00000EBC62001FB02008046FAF7B9FA022853
:107AD00096D0032894D0042892D0072072E70000A3
:107AE000E075FF1FF8B515460E460B46009204469A
:107AF00000224FF4C05100F019F888B93346002233
:107B000080212046009500F081F848B933460022D4
:107B10004FF4C0612046009500F008F8002804D01A
:107B2000206E40F0200020660320F8BD2DE9FE4FB6
:107B30004FF0000A984617460E4604460C9D8DF8F5
:107B400004A0FBF77DFC411BA8EB0105FBF778FCCB
:107B5000814620684FF4C06B0C3002902A480068C0
:107B6000C0EBC00000EB8000000D6843009043E0D4
:107B70005E4506D12FB9029800788DF804009DF873
:107B80000400B8F1FF3F37D0FBF75AFCA0EB090027
:107B9000A84203D215B1009858B32BE02068416881
:107BA00021F0E00141606068B0F5827F0BD1A068F0
:107BB000B0F5004F02D0B0F5806F04D120680168A5
:107BC00021F040010160A06AB0F5005F09D1206892
:107BD000016821F4005101602068016841F40051FE
:107BE0000160012084F85D0084F85CA00320BDE8FA
:107BF000FE8F0025401E0090206880683040B8420B
:107C0000B6D10020F3E70000B00000202DE9F843D2
:107C10001E46914688460446089DFBF711FC401B12
:107C2000351AFBF70DFC074625480068C0F3CB303A
:107C3000684338E0701C37D0FBF702FCC01BA84239
:107C400003D215B1009860B32CE02068416821F0A0
:107C5000E00141606068B0F5827F0BD1A068B0F5AB
:107C6000004F02D0B0F5806F04D12068016821F088
:107C700040010160A06AB0F5005F09D12068016889
:107C800021F4005101602068016841F40051016055
:107C9000012084F85D00002084F85C000320BDE82A
:107CA000F8830025401E00902068816838EA0100B2
:107CB00004D000214945BDD10020F0E70121F9E7BA
:107CC000B00000200178407841EA002070470000B1
:107CD0002DE9F0414D4A04464FF4802316884FF6B3
:107CE000FF705D00864201D1284603E04FEA06405E
:107CF0004FEA90104FEA5000B3FBF0F601D128464E
:107D000004E010884FEA00404FEA90104FF00067FF
:107D10004FEA500007EBC42706FB007001D12E4646
:107D200004E016884FEA06464FEA96164FEA5606D2
:107D3000B3FBF6F701D12E4604E016884FEA06465B
:107D40004FEA9616DFF8C8C04FEA56060CEBC42C73
:107D500007FB06C601D12F4604E017884FEA074704
:107D60004FEA97174FEA5707B3FBF7F701D1AC4635
:107D700005E0B2F800C04FEA0C4C4FEA9C1CDFF85B
:107D800094E04FEA5C0C0EEBC42E07FB0CE701D12C
:107D9000AC4605E0B2F800C04FEA0C4C4FEA9C1C20
:107DA0004FEA5C0CB3FBFCF304D012884FEA0242AA
:107DB0004FEA92154FEA5502174D012905EBC425EC
:107DC00003FB025C154D4FF0AA33E4B206D0022942
:107DD00008D003290CD0042915D10CE01A4603E081
:107DE0002C7010E01A463046F9F7F2FE40B9F7E77A
:107DF0001A46384601E01A466046F9F7E9FE10B126
:107E00000220BDE8F0810020FBE70000E075FF1FC5
:107E1000080000081000000818000008D003002027
:107E20002DED048BFFF7D0F9454EDFED468A464D28
:107E3000464C9FED479A474FDFF818A107F1040819
:107E400008F10409AAF1100AF18A2888411A00EE03
:107E5000101AF8EEC00A00EE100AB8EE400A00EE62
:107E6000E80ABCEEC00A10EE100A80B22880217920
:107E700002290BD100EE100ADFED370AB8EE400AF6
:107E800030EEC01A81EE200A0BF01CFD94ED470A7B
:107E9000386820EE098A00EE100A0020B8EE400A89
:107EA00010F0DEFAD8F8000000EE100A0120B8EE5B
:107EB000400A10F0D5FAD9F8000000EE100A0220AE
:107EC000B8EE400A10F0CCFADAF8000000EE100A22
:107ED0000320B8EE400A10F0C3FA94ED110A042012
:107EE00010F0BEFA94ED3F0A052010F0B9FA94EDB7
:107EF0000C0A062010F0B4FA94ED1F0A072010F0C7
:107F0000AFFA94ED0E0A082010F0AAFA94ED200AB8
:107F1000092010F0A5FA94ED230A0A2010F0A0FA27
:107F200094ED240A0B2010F09BFAB0EE480A0C20C6
:107F300010F096FA10F0AEFA01200CF011FA83E777
:107F40009C7700209A99993E0000002070730020D1
:107F5000EBC91841342C014000607E4510B54FF04C
:107F6000E020006911F032F9012803D0BDE810408B
:107F700010F0B8BB10BD10B594B038216846F8F7C2
:107F800020FA14210EA8F8F71CFA0020FCF71EF8BE
:107F90002120009001214FF4803001900220032421
:107FA000CDE90610CDE908412A21CDE90A100821C2
:107FB000CDE90C106846FCF757FB08B172B6FEE736
:107FC0000F20CDE90E040020109011901290042192
:107FD0000EA8FCF7E1F9002801D072B6FEE714B054
:107FE00010BD00000248016841F470010160704753
:107FF00088ED00E070B5234C2069E16810F0020FB5
:10800000214D01F0020108D039B14FF6FD70206119
:10801000E1680140E160286880472069E16810F06C
:10802000040F01F0040108D039B14FF6FB70206154
:10803000E1680140E160686880472069E16810F00C
:10804000080F01F0080108D039B14FF6F770206130
:10805000E1680140E160A86880472069E16810F0AC
:10806000100F01F010010BD0002909D04FF6EF706E
:108070002061E1680140E160E868BDE870400047C8
:1080800070BD0000000C0040700300200148FDF7A7
:1080900019BB0000585900202DE9F04F02682E4B03
:1080A0002E4E2F4FDFF8BCC02F4C304D4FF0804B81
:1080B00098420BD0584509D0B04207D0B84205D0FD
:1080C000604503D0A04201D0A84204D122F070083C
:1080D0004A6842EA0802DFF89880DFF89890DFF8F3
:1080E00098A0984211D058450FD0B0420DD0B84258
:1080F0000BD0604509D0A04207D0404505D0484587
:1081000003D0504501D0A84203D122F44076CA687A
:1081100032434E6922F08002324302608A68C262B2
:108120000A688262984209D0A04207D0404505D033
:10813000484503D0504501D0A84201D109690163E7
:10814000012141610169C90703D0016921F00101E1
:108150000161BDE8F08F0000002C014000040040E8
:1081600000080040000C0040003401400050014075
:1081700000400140004401400048014010B501F0BA
:108180001F030121046A99408C430462016A9A40EA
:108190001143016210BD10B501F00F030421046A00
:1081A00099408C430462016A9A401143016210BDF8
:1081B00010B5846842EA032224F47F440A43224330
:1081C000826010BD8268034B1A400A4342F00701E7
:1081D000816070478FFFCFFF2DE9F047056A026A83
:1081E00022F001020262436882691F4C25F00205F9
:1081F00022400C6822F0030214438A681C4E2A4372
:108200001A4D1C4FDFF870C0DFF87090DFF870A0D7
:10821000A84209D0B04207D0B84205D0604503D08B
:10822000484501D0504506D122F00808CA6842EA04
:10823000080222F00402A84209D0B04207D0B84296
:1082400005D0604503D0484501D0504505D14D6962
:1082500023F440731D438B692B4343608461496859
:1082600041630262BDE8F0878FFFFEFF002C0140F2
:1082700000340140004001400044014000480140FA
:1082800000500140F0B5056A026A22F01002026255
:10829000426883691C4C1E4E23400C6823F44073D3
:1082A00043EA042425F020038D681A4F43EA05139E
:1082B000164DA84203D0B04201D0B84207D1D1F840
:1082C0000CC023F0800343EA0C1323F04003A842C0
:1082D0000CD0B0420AD0104DA84207D00F4DA84292
:1082E00004D00F4DA84201D0B84207D14D6922F405
:1082F000406242EA85028D6942EA850242608461F9
:10830000496881630362F0BDFF8FFFFE002C0140CE
:108310000034014000500140004001400044014051
:1083200000480140F0B5056A026A22F480720262D8
:108330004368C2691C4C1E4E22400C6822F00302A6
:10834000144325F400728D681A4F42EA0522174D36
:10835000A84203D0B04201D0B84207D1D1F80CC036
:1083600022F4006242EA0C2222F48062A8420CD07D
:10837000B0420AD0104DA84207D0104DA84204D0F8
:108380000F4DA84201D0B84207D14D6923F44053A4
:1083900043EA05138D6943EA05134360C4614968E4
:1083A000C1630262F0BD00008FFFFEFF002C0140A0
:1083B00000340140005001400040014000440140B1
:1083C00000480140F0B5056A026A22F48052026258
:1083D0004268C3691C4C1E4E23400C6823F4407352
:1083E00043EA042425F400538D681A4F43EA053309
:1083F000164DA84203D0B04201D0B84207D1D1F8FF
:108400000CC023F4004343EA0C3323F48043A84216
:108410000CD0B0420AD0104DA84207D00F4DA84250
:1084200004D00F4DA84201D0B84207D14D6922F4C3
:10843000404242EA85128D6942EA85124260C46177
:10844000496801640362F0BDFF8FFFFE002C01400C
:108450000034014000500140004001400044014010
:108460000048014030B5056A026A22F48032026297
:108470004268036D124C23400C681C4325F4003302
:108480000D8943EA05430F4DA8420ED00E4DA84278
:108490000BD00E4DA84208D00D4DA84205D00D4D71
:1084A000A84202D00C4DA84204D14D6922F480327A
:1084B00042EA05224260046549688164036230BD76
:1084C0008FFFFEFF002C01400034014000400140BE
:1084D00000440140004801400050014030B5046AAA
:1084E000026A22F4801202624268036D134D24F482
:1084F00000142B400D6843EA05230D8944EA055416
:108500000F4DA8420ED00F4DA8420BD00E4DA842E1
:1085100008D00E4DA84205D00D4DA84202D00D4DF9
:10852000A84204D14D6922F4802242EA85224260A9
:1085300003654968C164046230BD0000FF8FFFFE1F
:10854000002C014000340140004001400044014043
:10855000004801400050014070B505680024AA6839
:108560002F4B1A404B6813432E4A13400A681A4394
:10857000AA604A68B2F5801F23D00CDC12F00F0FFE
:108580001ED14FEA2212082A1AD2DFE802F01A1A84
:108590001A1A233C421C2449501A8A4211D009DC81
:1085A000B2F1101F0DD0203AB2F5801209D0102A76
:1085B00006D106E0102804D0202802D0302800D0B0
:1085C0000124204670BD0B69D1E902210068FFF744
:1085D000EFFDF6E70A68052A13D0B2F1011F10D0AB
:1085E0000268136A156A25F001051562026895692B
:1085F000096925F0F00545EA0111916100680362FF
:10860000DFE7012070BD0A698968006800F00EF894
:10861000D7E70A698968006800F019F8D1E7000017
:108620008FFFCFFFF8FFFEFF4000100010B5036A78
:10863000046A24F001040462846924F0F00444EA2A
:10864000021423F00A020A438461026210BD10B5CD
:10865000036A046A24F010040462846923F0A0030E
:1086600024F4704444EA023243EA01118261016257
:1086700010BD000030B5416EB9B1026891689268D2
:10868000C1F342610B4B520F9C5CE50003F10804FF
:10869000A25CB5FBF2F2A0F86A205A5C615CD200E1
:1086A000B2FBF1F1A0F8681030BD0121A0F86A100A
:1086B000F8E70000F496010890F82810090706D59D
:1086C00001684A68836B22F400421A434A6090F8BA
:1086D0002810C90706D001684A68C36A22F400322C
:1086E0001A434A6090F82810890706D501684A683D
:1086F000036B22F480321A434A6090F8281049072D
:1087000006D501684A68436B22F480221A434A6006
:1087100090F82810C90606D501688A68C36B22F450
:1087200080521A438A6090F82810890606D501689D
:108730008A68036C22F400521A438A6090F8281069
:10874000490611D501684A68436C22F480121A4325
:108750004A60416CB1F5801F06D101684A68836C9C
:1087600022F4C0021A434A6090F82810090606D580
:1087700001684A68C06C22F4002202434A607047D4
:108780002DE9F84300260446C0F89060FAF758FE39
:108790008046206800684FF0200500076FF07E4794
:1087A00013D54346002229042046009700F0BCF967
:1087B00058B1216851E8000F20F0800041E8000224
:1087C000002AF6D1C4F8885021E0206800684007EC
:1087D00022D5434600224FF480012046009700F046
:1087E000A3F9C8B1216851E8000F20F4907041E866
:1087F0000002002AF6D12068083050E8001F21F05E
:10880000010140E80012002AF5D1C4F88C5084F828
:1088100084600320BDE8F883C4F88850C4F88C5005
:1088200044F86C6F666026760020F3E710B5806A26
:108830000021A0F85E10FDF774FB10BD10B50268B2
:1088400052E8001F21F4907142E80013002BF6D18A
:108850000E4B0268083252E8001F194042E800142B
:10886000002CF6D1C16E012908D1016851E8002F12
:1088700022F0100241E80023002BF6D12021C0F89D
:108880008C100021C166416710BD0000FEFFFFEFA4
:108890002DE9F0410446016880682269E3691043CC
:1088A000626900251A431043DFF84CC20A68934BF3
:1088B0001A4002430A6020684168E26821F440518E
:1088C000114341602168A069614501D0226A1043CB
:1088D0008A688B4B1A4002438A602068C16A626AC8
:1088E00021F00F011143C1628649236886488B42FB
:1088F0000DD1D0F8880010F0030006D0012867D011
:10890000022854D0032851D164E001204FE07F4970
:108910008B420BD1D0F8880010F00C0047D004280F
:1089200045D0082852D00C2840D153E078498B42DA
:108930000BD1D0F8880010F0300038D0102847D084
:10894000202843D0302831D144E072498B420BD1EA
:10895000D0F8880010F0C00029D0402838D08028F6
:1089600034D0C02822D135E06B498B420ED1D0F8EB
:10897000880010F440701AD0B0F5807F28D0B0F590
:10898000007F23D0B0F5407F10D123E063450DD1A7
:10899000D0F8880010F4406009D0B0F5806F17D08F
:1089A000B0F5006F12D0B0F5406F13D010205B4AC5
:1089B0005B4F00264FF40041634539D160B1022876
:1089C0000DD004280DD0082831D10EE00220EEE7AA
:1089D0000420ECE70820EAE7FBF7ECFD03E0114692
:1089E00003E0FBF70BFE01007BD0606A37F8102034
:1089F0006768B1FBF2F007EB4703834269D8B0EB3D
:108A0000073F66D8002308461946F7F763FC0902BA
:108A100041EA106102027808101871413A460023B9
:108A2000F7F758FC3F4AA0F54071914257D950E002
:108A3000E3694FF6EF788B422BD1092849D2DFE862
:108A400000F005080D48254848480E00FBF7B2FD28
:108A500001E0FBF7C1FD010001D142E01146606A6F
:108A600037F81000B1FBF0F04100606801EB5001F5
:108A7000B1FBF0F1A1F1100040452AD84FF6F07299
:108A800001EA0200C1F34201084328E0FBF7B6FD0A
:108A9000E1E709281DD2DFE800F005080D1C1E1CC7
:108AA0001C1C0E00FBF786FD01E0FBF795FD0100A5
:108AB00001D116E01146606A37F81000B1FBF0F101
:108AC000606801EB5001B1FBF0F0A0F110014145ED
:108AD00004D9012505E0FBF791FDE8E780B22168A4
:108AE000C8600120A4F86A0024F8680F2846E660F0
:108AF0002661BDE8F081000000800040F369FFCFEF
:108B0000FFF4FF1100380140001002400044004013
:108B100000480040004C0040005000400024F40099
:108B2000DC960108FFFC0F002DE9F0479946174637
:108B30000D4604464FF00008089E33E0701C31D00B
:108B4000FAF77EFCA0EB0900B04218D8BEB120684D
:108B50000168490726D5802D24D0402D22D0C16937
:108B6000C94309070DD4082505622046FFF766FEB4
:108B7000C4F8905084F884800120BDE8F087032079
:108B8000FBE7C069C04300050CD421684FF40060C6
:108B900008622046FFF752FE2020C4F8900084F8B7
:108BA0008480ECE72068C06935EA000004D000202A
:108BB000B842C3D00020E0E70120F9E70148FDF703
:108BC000B1B900000458002010B50A46024903A0BC
:108BD00000F0D4FA004810BD7061002043444320E7
:108BE000436F6E66696700002DE9F0410C46D0F8CE
:108BF000C422D0F8BC12E9B104EB840600EB860570
:108C00000027AB693BB102EBC602126AB3FBF2F676
:108C100002FB163282B1C1F81472D0F8C0020369A7
:108C20002BB1D1F80802224601F5047198470020C3
:108C3000BDE8F0810320FBE700231A462146AF611F
:108C400000F084FCF3E770B5D0F8BC4205466CB187
:108C500000F073FBC4F80C02D5F8C012D4F804027B
:108C6000CA6804F503719047002070BD032070BDF1
:108C700070B50446812100F0CDFA00252587012139
:108C8000204600F0C7FAA4F878518221204600F06F
:108C9000C1FAA4F84C50A4F84E50D4F8BC0248B124
:108CA000D4F8C00204F52F7440688047206800F0B3
:108CB0003CFE2560002070BD1220088000487047EF
:108CC0004000002010B5D0F8BC4284B1D0F8C012EA
:108CD00059B194F80002FF2807D08B6894F801225C
:108CE00021469847FF2084F80002002010BD032091
:108CF00010BD00000A21018000487047B800002024
:108D00004321018000487047080100204321018071
:108D100000487047C400002043210180004870478C
:108D20004C0100202DE9F04704464FF4077000F095
:108D3000FDFD05004FF0000735D0C4F8BC52207C83
:108D40004FF010084FF40079012680B3402302222F
:108D50008121204600F047FB268740230222012183
:108D6000204600F040FBA4F87861A4F84E80082368
:108D700003228221204600F036FBA4F84C60D4F890
:108D8000C00200688047C5F81472C5F81872207CCC
:108D9000D5F80422A8B140230121204600F02FFB82
:108DA0000020BDE8F0870220C4F8BC72F9E7FFE7B5
:108DB0004B4602228121204600F015FB26874B46B8
:108DC000CCE74B46E8E7000010B50A46024903A08D
:108DD00000F0D4F9004810BD7061002043444320E6
:108DE000496E746572666163650000000420088046
:108DF000004870473C00002010B50A46024903A015
:108E000000F0BCF9004810BD7061002053544D695A
:108E100063726F656C656374726F6E696373000073
:108E200010B50A46024903A000F0A8F9004810BD99
:108E30007061002053544D3332205669727475614D
:108E40006C20436F6D506F727400000010B5D0F845
:108E5000BC1251B1027C002AD1F8042207D0402371
:108E6000012100F0CCFA002010BD032010BD4FF40A
:108E70000073F5E719B1C0F8C01200207047032055
:108E80007047000010B51A2008800A480168001DCC
:108E90000468001D0068081809D008220649FDF77B
:108EA00081FA0549042210312046FDF77BFA024879
:108EB000801E10BD9075FF1F56000020D0F8BC0228
:108EC00018B1C0F804120020704703207047D0F892
:108ED000BC0228B1C0F81022C0F808120020704768
:108EE000032070472DE9FC410646D0F8BC720020F3
:108EF0000C468DF80000ADF80400054637B1207827
:108F000010F0600128D0202944D102E00320BDE800
:108F1000FC81E288C2B1000660780AD5D6F8C0129A
:108F20008B6839469847E288072A00D907223946D4
:108F300028E087F80002A07987F80102E288394624
:108F4000304600F06CF82AE0D6F8C01260780022B3
:108F50008B682146984722E0607830B101281ED006
:108F60000A2809D00B2815D110E096F89C02032896
:108F700010D1022201A905E096F89C02032809D12C
:108F800001226946304600F064F808E096F89C0239
:108F9000032804D02146304600F036F80325284641
:108FA000B5E710B5D0F8BC12012219B1D1F81432CE
:108FB00013B10FE0032010BD0122C1F81422D1F833
:108FC0001022C262D1F81032D1F80822812100F0BB
:108FD000BDFA0022104610BD10B5D0F8B8220AB173
:108FE00052689047002010BD134610B50A46002174
:108FF00000F005FA002010BD134610B50A46002106
:1090000000F0A4FA002010BD10B50446802100F045
:1090100082FA2046BDE81040002100F07CBA10B56D
:109020000323C0F89432C0F858211346C0F85C21DD
:109030000A46002100F0E3F9002010BD10B505211B
:10904000C0F8941200231A46194600F0D8F90020FF
:1090500010BD10B50223C0F8943282611346C2617C
:109060000A46002100F072FA002010BD10B504215C
:10907000C0F8941200231A46194600F067FA00203F
:1090800010BDF8B504460020ADF8000048880D4634
:10909000010A062947D006DC01290FD0022912D087
:1090A000032962D11DE0072946D00F295DD1D4F8EC
:1090B000B402C26920E0694690473BE0D4F8B4129C
:1090C000207C0A68F7E7207C02260028D4F8B80242
:1090D00005D0C16A684688470146467036E0816A15
:1090E000F8E7C0B2062840D2DFE800F003090D110E
:1090F0001519D4F8B4024268B2B3207CDBE7D4F887
:10910000B4028268F8E7D4F8B402C268F4E7D4F88D
:10911000B4020269F0E7D4F8B4024269ECE7D4F88B
:10912000B4028269E8E7207CF0B9D4F8B802416B58
:1091300068468847014609E0207CA8B9D4F8B802FF
:10914000016B68468847014607204870EA888AB163
:10915000BDF8000040B1824200D90246ADF80020BF
:109160002046FFF776FFF8BDFFE729462046FFF7C8
:109170004BFFF8E72046FFF779FFF4E770B50023CF
:1091800000281ED00025044602E06D1CEDB2641CD0
:109190002678002EF9D1022404EB450414801278BD
:1091A000CA545B1C0322CA5400245B1C06E0CA5448
:1091B0005B1CDAB28C54521CD3B2401C0278002AD9
:1091C000F5D170BD01004FF0000004D0012901D09D
:1091D000022901D0032070470120704778B1002395
:1091E000C0F8B832C0F8C032C0F8CC3209B1C0F80B
:1091F000B412012180F89C12027000F0A3B8032081
:10920000704710B5D0F8C402FAF764FABDE8104010
:10921000FFF7D8BF10B5D0F8C402FAF736FABDE8A8
:109220001040FFF7CFBF70B51646044621B194F841
:109230009C02032841D048E0D4F8941204F11400B1
:109240000025022932D1D0E902318B4206D95A1ABF
:10925000826031462046FFF7CFFE0FE0994214D1DD
:109260004068884211D3D4F8981288420DD2002267
:1092700011462046FFF7C0FEC4F8985200231A4654
:109280001946204600F0BBF810E094F89C02032831
:1092900005D1D4F8B802C16809B1204688478021B9
:1092A000204600F038F92046FFF7C8FE94F8A002E7
:1092B00001280AD184F8A05207E0D4F8B802426924
:1092C0001AB120469047002800D1002070BD10B58B
:1092D0001346044621B194F89C02032823D02AE0C7
:1092E000D4F8941204F5AA70032924D1D0E902120B
:1092F00091420AD98A1A8260C068824200D302462B
:1093000019462046FFF770FE15E094F89C020328EA
:1093100005D1D4F8B802016909B120468847204632
:10932000FFF7A4FE07E0D4F8B80282691AB120461C
:109330009047002800D1002010BDD0F8C402FAF7F1
:1093400024BC000010B51E490446C1F8D802C0F87C
:10935000C4121C4808600820087102204871C871B6
:109360000020087248728872C8720846FAF746FDF3
:1093700008B1F8F784FB0022D4F8C4021823114680
:1093800004F53174FAF750F958230022802120683F
:10939000FAF74AF9C023002281212068FAF744F93C
:1093A0004FF48873002201212068FAF73DF94FF449
:1093B0008073002282212068FAF736F9002010BD60
:1093C000C45B0020005C00400A0601F07F01D0F879
:1093D000C40201EB810100EBC10001D5807C704724
:1093E00090F85201704710B51C461346D0F8C402DD
:1093F0002246FAF7D3FBBDE81040FFF7E3BE10B5F5
:10940000D0F8C402FAF7F8FBBDE81040FFF7DABE67
:1094100070B50125044680F89C520020C4F89402DF
:109420006060C4F8A402D4F8B802E0B1D4F8BC1269
:1094300021B1426812B1002120469047002240230A
:1094400011462046FFF7CFFF4026A4F8645133466B
:10945000002280212046C4F86061FFF7C4FFA58484
:109460000020266270BD032070BD90F89C12042974
:1094700003D190F89D1280F89C120020704710B51F
:10948000D0F8B81221B190F89C22032A02D004E04F
:10949000032010BDC96901B18847002010BD0174C7
:1094A0000020704710B5D0F8C402FAF74DFDBDE8B2
:1094B0001040FFF787BE70B5044600F2AA200546AB
:1094C00000F04DF80120C4F89402B4F8B002C4F8DA
:1094D000980294F8AA0210F01F010AD001290ED0B8
:1094E000022912D000F080012046BDE8704000F053
:1094F00012B829462046BDE8704000F0C3B829469E
:109500002046BDE8704000F0E7B929462046BDE896
:10951000704000F041B910B5D0F8C402FAF783FBEF
:10952000BDE81040FFF74EBE10B5D0F8C402FAF700
:1095300025FDBDE81040FFF745BE90F89C1280F86D
:109540009D12042180F89C120020704710B5D0F8BD
:10955000C402FAF797FBBDE81040FFF733BE70B5C1
:10956000054611F8010B2870087868704C1C2046DD
:10957000FEF7A8FB6880A41C2046FEF7A3FBA8808A
:10958000A01CFEF79FFBE88070BD38B504460020A4
:10959000ADF8000049B1C4F8B812C96A19B16846FB
:1095A0008847C4F8CC02002038BD032038BD0246ED
:1095B0000320D2F8B832002B02D01B68104618479F
:1095C000704700002DE9F0410F462C4E89780025A8
:1095D00004463170012906D939462046FFF714FDAB
:1095E0000320BDE8F08194F89C0202280CD00328E7
:1095F0001DD039462046FFF707FD31782046FFF79A
:10960000EBFC03252846ECE799B320466160FFF7A1
:10961000CEFF050004D039462046FFF7F5FCF1E700
:109620002046FFF723FD032084F89C02EAE74FF071
:109630000208C1B1606888421BD0C1B22046FFF762
:10964000CBFC317820466160FFF7B1FF050010D0F8
:1096500039462046FFF7D8FC21792046FFF7BCFCAD
:1096600084F89C82CEE784F89C8220466160FFF7F4
:10967000B3FC2046FFF7FAFCC4E70000B40000206A
:10968000FFF752BF2DE9F0410A78002512F0600281
:1096900008D0202A01D0402A71D1D0F8B82292688F
:1096A000904731E04B78002201260A2B67D2DFE891
:1096B00003F0415E6658660805662D29FFF7E1FC58
:1096C0005FE004468888D8B9C888C8B94888802827
:1096D00016D200F07F0794F89C02032810D084F87B
:1096E0009E7239462046FFF7DDFE2046FFF7BEFC9E
:1096F0001FB1022084F89C0243E084F89C6240E0A1
:1097000020463CE0FFF75EFF05463AE0CB88012BA0
:1097100035D190F89C32012B04D0022B02D0032BC0
:109720002DD104E08260012200F1080116E001223F
:10973000011D13E090F89C22012A03D0022A01D0D7
:10974000032A1CD1CA88022A19D1C660D0F8A412F3
:1097500009B10321C160022200F10C01FFF779FC7D
:109760000FE0498801290CD1C0F8A46211E090F8FB
:109770009C32012B08D0022B06D0032B04D0FFF71C
:1097800043FC2846BDE8F08149880129F9D1C0F899
:10979000A422FFF76BFCF4E72DE9F0410D460446E7
:1097A00028780026097910F060000BD0202801D01D
:1097B00040286DD1D4F8B8022946826820469047E7
:1097C000064686E06878A8B3012822D003287CD119
:1097D00094F89C02022802D0032876D10BE00029DD
:1097E00073D0802971D02046FFF795FE8021204656
:1097F000FFF791FE6DE0688838B931B1802904D057
:10980000E88810B92046FFF786FE2046FFF72EFCB9
:109810005FE094F89C020228E1D0032855D16888C3
:10982000A8BB480602D02046FFF7EBFC2046FFF716
:109830001DFCBFE7FFE794F89C020027022802D036
:10984000032842D111E009B180293ED1080601F078
:109850007F0000EB800004EB800101D5143101E0B2
:1098600001F5AA7102220F602BE0080601F00F003B
:1098700000EB800004EB80000BD5808C40B101F040
:109880007F0000EB800004EB800514350CE020E045
:109890001BE0B0F86401C0B101F07F0000EB800074
:1098A00004EB800505F5AA7541B1802906D0204654
:1098B000FFF78AFD10B10120286000E02F6002222E
:1098C00029462046FFF7C5FB03E029462046FFF75F
:1098D0009BFB3046BDE8F08170B506460878002451
:1098E0000D4610F0600003D0202801D0402817D189
:1098F00096F89C02012803D0022801D003280FD13A
:10990000287901280CD8D6F8B802826830469047EA
:109910000446E888204306D13046FFF7A7FB02E063
:109920003046FFF771FB204670BD70470048704716
:10993000A45900202DE9F04F0C78002530F8243090
:1099400048F68F121340CA78002A7DD0012A7CD0B5
:10995000022A02D0032A79D0012548F2800213435B
:1099600020F824300E7830F8263048F68F742340E3
:109970003343134320F826300B7B48F2C00A48F6E5
:10998000BF774CF280094BF68F764FF6FF7B4FF492
:10999000004EE3B3CB7891F800C0022B30F82C30A6
:1099A0007ED048F68F6803EA0803134320F82C3072
:1099B000B0F8503091F800C0034403EBCC03B1F889
:1099C00008C02CF0010CA3F800C4B0F8503091F896
:1099D00000C0034403EBCC03B1F80AC02CF0010C27
:1099E000A3F804C44B7891F800C0002B30F82C3059
:1099F0004FEA43437ED0002B06DA30F82C30234068
:109A000043EA090320F82C3091F800C000E02EE072
:109A100030F82C305B0606D530F82C30234043EA72
:109A20000A0320F82C30CB780C78012B30F8243046
:109A300003EA070301D083F02003134320F8243006
:109A40000B7830F8231002E008E00DE009E0314027
:109A5000114320F823102846BDE8F08F43F400732B
:109A60007BE743F4C06378E743F4806375E74B78A2
:109A7000002BB0F85030034424D00E7803EBC6031B
:109A8000CE8826F00106A3F800640B7830F8236036
:109A9000760608D530F82360264046EA0A0600E03C
:109AA00061E020F82360CB78012B06D00B7830F8EA
:109AB0002310394081F02001CAE70B7830F82310D9
:109AC0003940C5E70F7803EBC703CF8827F00107BC
:109AD000A3F80474B0F850300F78034403EBC703C5
:109AE000B3F80674C7F30907A3F8067403F2064334
:109AF0000F6900E03DE05FB13E2F0DD84FEA570CF3
:109B0000FF0701D00CF1010C1F880BEA8C2C0CE034
:109B10001F8847F400470AE04FEA571CFF0601D1AF
:109B2000ACF1010C1F884EEA8C2C47EA0C071F8011
:109B30000F7830F827305B0406D530F82730234003
:109B400043EA090320F827300B782BB130F82310B3
:109B5000314081F400517BE70188314081F440516C
:109B60001143018077E7234048F2801843EA080355
:109B70001CE7002B06DA30F82C30234043EA0903B7
:109B800020F82C3091F800C030F82C305B0606D558
:109B900030F82C30234043EA0A0320F82C304B786D
:109BA00013B1012B2DD035E0B0F850300C780344C0
:109BB00003EBC403B3F80244C4F30904A3F802445A
:109BC0000C6903F202435CB13E2C0ED84FEA540CF0
:109BD000E40701D00CF1010C1C880BEA8C2C0DE081
:109BE0001C8844F400441C8014E04FEA541CE40632
:109BF00001D1ACF1010C1C884EEA8C2C44EA0C0417
:109C0000F1E7B0F850300C78034403EBC4030C8A3E
:109C1000A3F802444B7813B1012B2DD035E0B0F8F6
:109C200050300C78034403EBC403B3F80644C4F388
:109C30000904A3F806440C6903F206435CB13E2C08
:109C40000ED84FEA540CE40701D00CF1010C1C882B
:109C50000BEA8C2C0DE01C8844F400441C8014E0BA
:109C60004FEA541CE40601D1ACF1010C1C884EEA09
:109C70008C2C44EA0C04F1E7B0F8504023180C781F
:109C800003EBC4030C8AA3F806440C7830F82430A4
:109C9000334083F44053134320F824300DE72DE97B
:109CA000F04391F80C804F780A7848F6BF7C4BF669
:109CB0008F7948F2800348F2C0054CF2800648F6DE
:109CC0008F74B8F1000F28D0002F30F822704FEABF
:109CD000474748D0002F05DA30F822702740374335
:109CE00020F822700A7830F822707F0605D530F807
:109CF000227027402F4320F822700D7830F825205D
:109D00002240324320F825200C7830F8242002EA43
:109D10000C021A4320F824201AE07FB130F82260A8
:109D2000760605D530F8226026402E4320F82260C2
:109D30000A7830F8221001EA0C010EE030F82250C7
:109D40006D0405D530F822502540354320F82250C7
:109D50000A7830F8221001EA0901194320F822108C
:109D60000020BDE8F083002F05DA30F8227027408C
:109D7000374320F822700A7830F82260760605D53D
:109D800030F8226026402E4320F822600E7830F80A
:109D9000262022402A4320F826200C7830F8242060
:109DA00002EA09021A4320F82420C1E730F8581FBC
:109DB00041F40041018000207047012120F8401F3C
:109DC00000210180818001820846704730F8401FE1
:109DD0004BF68072914301800020704730B54B787C
:109DE0000A78002B48F68F7530F8223048F280044C
:109DF00015D05B0607D530F822302B4048F2C0055D
:109E00002B4320F82230CA78012A1DD00A7830F876
:109E1000221048F6BF73194081F0200111E05B0465
:109E200007D530F822302B404CF280052B4320F828
:109E300022300A7830F822104BF68F73194081F4E3
:109E40004051214320F82210002030BD10B54A783F
:109E50000978002A48F2800330F8212005D048F61E
:109E6000BF74224082F0100204E04BF68F7422404F
:109E700082F480521A4320F82120002010BD0000F7
:109E80002DE9F04706460C464878097B4FF000085C
:109E900048F68F7248F2801748F68F6348F2800ABE
:109EA000012809D0002971D0E07802286FD001285C
:109EB0006ED00120BDE8F087A5692069854200D9F0
:109EC000054691B1E17802291ED0206A401B20622C
:109ED000207836F820104906B6F85010314401EBCE
:109EE000C00075D5A0F8065418E1ABB2E288304640
:109EF000616900F0A9F9B6F850002178304400EB10
:109F0000C100A0F802540FE1216A81427AD9217878
:109F100036F821001040384326F82100206A401B03
:109F20002062207836F820104FF6FF7749066178D6
:109F30004FF4004967D511B101292AD030E0B6F8B5
:109F40005010314401EBC000B0F80614C1F3090110
:109F5000A0F8061400F206404DB13E2D0CD8690859
:109F6000EA0700D0491C028807EA81210BE001883A
:109F700041F40041018013E06909EA0600D1491E5D
:109F8000028849EA81210A43028009E0EFE008E102
:109F90001DE1B6F85020911901EBC000A0F806545D
:109FA0006289ABB23046616900F04EF960692844BD
:109FB00060612169206A884202D9401B206202E068
:109FC0000546C4F82080607818B101282BD032E013
:109FD0002FE0B6F850002178304400EBC100B0F813
:109FE0000214C1F30901A0F8021400F202405DB1AD
:109FF0003E2D0ED86908EA0700D0491C028807EAFE
:10A0000081210DE0A0E018E0018841F400410180C9
:10A0100011E06909EA0600D1491E028849EA812156
:10A020000A43028007E0B6F850002178304400EB84
:10A03000C100A0F80254228971E011B1012927D092
:10A040002DE0B6F85010314401EBC000B0F8021416
:10A05000C1F30901A0F8021400F202404DB13E2DF7
:10A060000CD86908EA0700D0491C028807EA812158
:10A070000BE0018841F40041018010E06909EA0623
:10A0800000D1491E028849EA81210A43028006E084
:10A09000B6F85010314401EBC000A0F802542289F8
:10A0A000ABB23046616900F0CFF860692844606166
:10A0B0002169206A884202D9401B206202E00546DD
:10A0C000C4F82080607810B1012836D026E0B6F8B8
:10A0D00050002178304400EBC100B0F80614C1F301
:10A0E0000901A0F8061400F206404DB13E2D0CD82F
:10A0F0006908EA0700D0491C028807EA81210BE0C1
:10A10000018841F40041018008E06909EA0600D1B4
:10A11000491E028849EA81210A4302806289ABB262
:10A120003046616900F090F8217836F8210048F651
:10A13000BF72104080F0300053E0B6F8501088191C
:10A14000217800EBC100CDE6227836F822001840D5
:10A1500040EA0A0026F82200B6F85000227830447F
:10A1600000EBC2008BB2A0F802342289D8E7A069C4
:10A1700008B9E07878B1217836F82100184040EA33
:10A180000A0000BF26F82100A169206981421ED97A
:10A19000081AA0611DE0217836F8210010403843EC
:10A1A000F0E7E069A8B1217836F82100430401D531
:10A1B000430603D444F2400318420AD136F8210082
:10A1C000104048F2C002104326F8210001E0C4F814
:10A1D0001880217836F821004BF68F72104080F4F9
:10A1E000405040EA0A0026F82100002062E60021E3
:10A1F000A0F844104BF68071A0F840100020704782
:10A200000148F9F756BD0000C45B0020B0F84400D7
:10A21000704710B510445C0800F5806008D030F835
:10A22000022B01F8012B120A01F8012B641EF6D152
:10A23000DA0701D00088087010BD11B98021A0F89C
:10A240004C1000207047000010B55B1C10445B08E8
:10A2500000F580600AD000BF11F8012B11F8014B06
:10A2600042EA042220F8022B5B1EF5D110BDFEE766
:10A2700030B503461120002208E09D182C686D6857
:10A28000E44374EA050400D0102008328A42F4D373
:10A2900030BD00002DE9F041DFF8A480074600241E
:10A2A000B8F802000D46B0F5FC6F02D31220BDE8ED
:10A2B000F0810120F7F7B6FD411C09D021494FF686
:10A2C000FF734FF400220E889E4204D1134606E02D
:10A2D0004FF00300EBE74FEA06434FEA93134FEAD0
:10A2E00053034FF48026B6FBF3F304D009884FEAFA
:10A2F00001414FEA91124FEA52014FF0006202EB26
:10A30000C02003FB010655EA070004D03946284661
:10A31000F6F71CFD0446D8F8040047EA0442444618
:10A3200030442B46F7F754FC08B10220BFE76068C1
:10A33000083060606088401C60800020B7E7000043
:10A34000D0030020E075FF1F70B50C460546FFF7EF
:10A35000A1FF122806D121462846BDE87040002200
:10A36000FDF738B970BD00000FB4084B10B504A953
:10A3700002AA039800F03AFE044602A9002001F068
:10A38000C3F9204610BC5DF814FB000009B70008B3
:10A390007CB50C001D461646014601D0601E00E04B
:10A3A0000020CDE90010064B6A462946304600F0F1
:10A3B0001DFE002C02D0009A002111707CBD00000F
:10A3C000F3B600084100080218BF04200A0E18BFA7
:10A3D00040F001004FF07F4232EA010108BF40F037
:10A3E0000200012808BF0520704720F00040C0F19E
:10A3F000FF40C00F704720F00040C0F1FF40C00F89
:10A4000070470907090E002804DB00F1E02080F8FE
:10A410000014704700F00F0000F1E02080F8141DD8
:10A420007047000010EE100AC0F3C7517F3917299A
:10A43000A8BF7047DFED140A002970EE200A0DDA7C
:10A44000F5EEC00AF1EE10FA1ADD0028A8BF0020D0
:10A4500016DAB0F1004F18BF0C4811E00C4ACA40A0
:10A46000104208BF7047F5EEC00AF1EE10FA07DDA2
:10A47000002804DA4FF4000323FA01F10844904362
:10A4800000EE100A70470000CAF24971000080BF58
:10A49000FFFF7F0010B52DED028BB0EE608AF0EE6D
:10A4A000408A18EE101A18EE900AF6F7B7FA00F084
:10A4B0007040B0F1005F0CD018EE100A20F00040A0
:10A4C000C0F1FF40C00F02BFB0EE480ABDEC028BE6
:10A4D00010BDB0EE680ABDEC028B10BD10B52DEDBD
:10A4E000028BF0EE408A18EE900AB0EE608A20F0FF
:10A4F0000040C0F1FF40C00F07D118EE100A20F055
:10A500000040C0F1FF40C00F2BD018EE101A18EE1B
:10A51000900AF6F7CDF900EE100A10EE100A6FEA75
:10A52000D05010F0FF0F04BFBDEC028B10BD18EE31
:10A53000900A00F0004110EE100A00F00040814245
:10A5400004BFBDEC028B10BD18EE101A10EE100AFD
:10A55000BDEC028B61F31E0000EE900A30EE600A43
:10A5600010BD18EE900A4FF07F41B1EB400F1CBFB9
:10A5700018EE100A5FEA4000C7D1012000F06EFC1F
:10A58000BDEC028BBDE8104000F040BC10EE101A8C
:10A590000023036021F00042B2F1FF4FA8BF7047D3
:10A5A000002A08BF7047B2F5000F0ADA6FF01603F1
:10A5B000DFED0A0A036020EE200A10EE101A21F0E7
:10A5C00000426FF07D0C0CEBE2521A44026021F065
:10A5D000FF4040F07C5000EE100A70470000004B36
:10A5E00010EE100A10B50023A0F50001B1F1FE4FE6
:10A5F00067D200BF00F500216FF07E0202EBE15C44
:10A60000C1F302524FF07E5101EB025100EE901A5D
:10A61000A0EBCC5003EB0C0100EE100A51EA020053
:10A6200036D030EE601A70EE200A9FED3D2A3E488B
:10A6300081EE200A9FED3B1A60EE000A00EE821ABE
:10A6400060EE201A61EE810A784401EE101A00EBE8
:10A6500082009FED362AB8EEC11AD0ED001A3448B8
:10A6600041EE021A784401EE101A00EB8200B8EEB7
:10A67000C11A90ED002ADFED2F2A01EE222AB0EE5A
:10A68000001A72EE200A40EE010A31EEA00A10BD57
:10A69000F7EE000A9FED291A30EE600ADFED260A78
:10A6A00000EE201ADFED260A60EE001A40EE010AE5
:10A6B0009FED241A00EE201A61EE810A30EE200A86
:10A6C00010BD4FF07F41B1EB400F03D2BDE8104009
:10A6D00000F096BBB0F1FF4F08BF10BDB5EEC00A49
:10A6E000F1EE10FA06D2012000F0B8FBBDE81040F0
:10A6F00000F08CBBB5EEC00AF1EE10FA07D10220D3
:10A7000000F0ACFB00F072FBB1EE400A10BDDFEDD3
:10A710000E0A6FF0160320EE200A10EE100A69E709
:10A7200066F1CC3EAAAA2A3F582F01000070313FA3
:10A730005C2F0100F4FD053821ED423E0A1180BE78
:10A74000C1ABAA3EFFFFFFBE0000004B10B510EEEC
:10A75000100A2DED068BB7EE001A10EE901AB0EE2F
:10A76000418A0022A0F5000CDFEDFE9A4FF0007345
:10A77000BCF1FE4F4FF07F4403EB410C80F0B481FD
:10A78000BCF1804FC0F02082F74901449FEDF73AB9
:10A79000B1F5005F40F2D48200F58021CB0C03F0CC
:10A7A0000F0101EE901AC3F307137F3BA0EBC350D8
:10A7B000B8EEE12A00EE100A1A44DFEDED2AF0EEC1
:10A7C000411A42EE221AF0EE613A70EE232A30EE80
:10A7D000632A12EE900A00F500606FF30B0001EEA1
:10A7E000900A73EEE13A33EE804AC1EE223A22EE4D
:10A7F000230A10EE100A00F500606FF30B0000EE64
:10A80000100A00EE612A00EE442A62EE232A70EE5E
:10A81000221A21EEA12ADFEDD73A02EE233A23EEE7
:10A82000023A20EE012A22EE811A03EE211A32EEBC
:10A83000010A10EE100A00F500606FF30B0000EE45
:10A84000100A72EE401A31EE812A9FEDCB1A60EEAB
:10A85000011A9FEDCA1A20EE011A9FEDC90A02EEF5
:10A86000001A31EE810A10EE100A00F500606FF355
:10A870000B0000EE100AC34871EEC01A31EE812AB7
:10A88000784400EBC10090ED003AD0ED011A1001C0
:10A8900001EE100AF8EEC12A32EE211A31EE001A4A
:10A8A00031EE031A31EE221A11EE100A00F50060A3
:10A8B0006FF30B0009EE100A39EE621A31EE431AFB
:10A8C00031EE400A30EE610A32EE40AA10EE900AF4
:10A8D000002100F500606FF30B0008EE900A0846B7
:10A8E00070EEE8AAF6F7B5F829EE280A00F00C0198
:10A8F000F0EEC00A10EE900AB0F18B4F0DDD10EEB5
:10A90000900AB4EB400F08D310EE100A4FF08B42C0
:10A9100062F31E0008EE900A13E069EE2A0A38EE90
:10A92000AA1A4AEE010A30EE201A11EE100A00F5BA
:10A9300000606FF30B0008EE900A30EE680A70EECC
:10A94000209A0C20F6F785F838EEA90AB5EEC00A71
:10A95000F1EE10FA34BFFEEE000AF6EE000A30EE19
:10A96000800ABDEEC00A10EE100A011100EE101AA6
:10A97000F8EEC00A00EE100AB8EEC00A38EEC00ABF
:10A9800030EE290ADFED801A9FED801A00EE211AC1
:10A99000DFED7F1A7F4900F00F0040EE011A21EE33
:10A9A000800A794401EB800191ED001A7A497944DB
:10A9B00001EB8001D1ED001A784901EE801A79444B
:10A9C00001EB8000764990ED000A31EE001AB0EEFE
:10A9D000E00A10EE100A884215DA10EE100AB4EB05
:10A9E000400F10D39FED6F0A30EE800ADFED6E0A44
:10A9F00020EE200A68EE010ABDEC068BBCEEC00A10
:10AA000020EE200A10BD10EE100A6849884243DA91
:10AA100010EE100AB4EB400F3ED3BDEEE00A68EE34
:10AA2000010A10EE100A00EBD0725110C90501F1B5
:10AA30007E5100EE101AA0EB6200C00560EE200A05
:10AA400000F17E5000EE100A60EE808A18EE900A47
:10AA5000B4EB400F0FD1022000F000FA00F0DEF955
:10AA600010EE101A18EE100ABDEC068B61F31E00F2
:10AA700000EE100A10BD18EE900A400011D018EE3A
:10AA8000900AFFF79FFC042808BF00F0CFF9B0EE52
:10AA9000680ABDEC068B10BDF5EEC00AF1EE10FAA7
:10AAA0000FD2022000F0DAF900F0C0F910EE101A0F
:10AAB00018EE100ABDEC068B61F31E0000EE100AC2
:10AAC00010BD022000F0CAF900F0A8F910EE101A2B
:10AAD000B0EE480A10EE100ABDEC068B61F31E00C2
:10AAE00000EE100A10BD00BFBCF1804F6CD300BF58
:10AAF00000F1FF43B3F1FE4F24D200BFB0EEC00A15
:10AB000010EE100AC1F3C7537F2B0DDB972BBFF656
:10AB10003BAEC3F196034FF0010C0CFA03F3A3F123
:10AB2000010C1CEA010F08D0012000F097F9BDECE0
:10AB3000068BBDE8104000F069B90B4218BFBFEEAC
:10AB4000008A21E643001CBF4FF08073B3EB400F37
:10AB500034D96FF01A02DFED161A20EE210A10EE3A
:10AB6000100A27E000000000001080C0ABAAAA3E37
:10AB70000000803D7EE24C3E00B03842D49AB8BB23
:10AB80003BAA3842602D0100FC596337C9FF753A72
:10AB90001872313DFE2C0100322D0100A22C010063
:10ABA0000000FC420000FE420000004B0000404359
:10ABB0000000004D10F0004FA0D1E5E5A0F5000326
:10ABC000B3F1FE4F21D2DFE503EB4103B3F1007F88
:10ABD00011D3F5EEC00AF1EE10FA05D1430018BF0B
:10ABE000B4EB400F76D883E701F0004141F0FC510F
:10ABF00000EE901A7CE7B3F1807F06D210EE903A17
:10AC0000A3F5000300EE903A72E720F000426FF0E7
:10AC1000FF4C604C02EB0C03A34210D321F0004325
:10AC20009C44A4450BD3B0F17E5F18BF5FEA410C92
:10AC300050D0B2F1FF4F98BFB3F1FF4F05D9BDEC33
:10AC4000068BBDE8104000F0DEB8B0F1FF4F0FD02A
:10AC5000C1F3C7527F2A09DB972A11DAC2F19602A3
:10AC6000012303FA02F2531E0B4205D0002208E032
:10AC700011F0004F55D128E00A4218BF012200D13F
:10AC8000022210F5000F13D028B3B0F1004F26D0E8
:10AC900010F1814F4FD04FF0FE42B2EB400F94BF06
:10ACA00001200020012202EBE171884239D10CE041
:10ACB00011F0004F02D0012A38D032E0012A02BF41
:10ACC0009FED350ABDEC068B10BD9FED340ABDEC3F
:10ACD000068B10BD2FE011F0004F0CD121E0B1F137
:10ACE000FF4F1ED011F5000F05D011F0004F15D009
:10ACF0000AB1012A08D0022000F0B0F8BDEC068BA2
:10AD0000BDE8104000F072B8022000F0A7F800F093
:10AD10006DF8BDEC068BB1EE400A10BD0AB1012AF8
:10AD200004D0B0EE690ABDEC068B10BDBDEC068BFD
:10AD30009FED1B0A10BDBDEC068BB7EE000A10BDDF
:10AD400030EE410AB5EE001A9FED172A00EE413AA7
:10AD5000B6EE001A60EE001A00EE431A61EEC11A58
:10AD60009FED101A20EE011A20EE020A9FED0F2A25
:10AD700001EE820A71EE001A11EE900A00F50060F1
:10AD80006FF30B0009EE100A31EE491A31EE00AAFA
:10AD90009CE50000FFFF3F00000080FF0000807F77
:10ADA0000000008000B0B841D49A38BB3BAAB8413B
:10ADB00010B52DED028BB1EEC08A18EE100A20F00E
:10ADC0000040C0F1FF40C00F0AD010EE100A20F082
:10ADD0000040C0F1FF40C00F04BF012000F03EF86A
:10ADE000B0EE480ABDEC028B10BD0000DFED030A97
:10ADF000B7EE001A81EE200A704700000000000044
:10AE000030EE000A704730EE200A7047DFED020A8C
:10AE100080EEA00A70470000000000009FED020ACB
:10AE200020EE000A70470000000000709FED020A4B
:10AE300020EE000A704700000000001002E008C881
:10AE4000121F08C1002AFAD170477047002001E0A4
:10AE500001C1121F002AFBD17047000001490860A0
:10AE600070470000600400202DE9FF5F82B00021E0
:10AE7000DDE90430020DDDF840B0034318D044F69C
:10AE80001050A2F2FF3242431514119801281FD02E
:10AE9000A5EB0B00401C5FEA000A4FF000064E4F86
:10AEA000DFF83891B046504615D5CAF1000413E0DA
:10AEB000119801244AA3012801D16FEA0B010298DD
:10AEC000119AC0E90031C0E9024206B0BDE8F09F26
:10AED000CBF10000DFE704460021404A491842EB6D
:10AEE0000450CDE9001012E0E00707D032463B469F
:10AEF00040464946F5F727FB8046894632463B46A1
:10AF000010461946F5F71FFB06460F466410002C45
:10AF1000EAD1DDE90401DDE90023BAF1000F06DA28
:10AF2000F5F711FB42464B46F5F70DFB05E0F5F74B
:10AF30007CFB42464B46F5F778FB04460E46002262
:10AF4000284BF5F753FD03D84FF0FF30014607E0DB
:10AF50000022254B20463146F5F74EFAF5F72EFD37
:10AF6000102409E0002C0ADB0A220023F5F7B2F9CD
:10AF7000039B30321A55641E50EA0102F2D1641C60
:10AF8000039AC4F111031444119A012A03D0012237
:10AF900008430DD10AE0084304D000204FF0110B04
:10AFA000119072E7A3EB0B056D1E0DE05B4504DD10
:10AFB0004FF0000205F1010504E003DA4FF0000252
:10AFC000A5F10105002AECD002981199C0E90231DF
:10AFD000C0E9004579E70000000014400000F03FA0
:10AFE000300000000000F0430000E03F2DE9FF4F7B
:10AFF00095B09A46884606460025EEE1252877D189
:10B0000000242746F94A0121039400E0044316F87E
:10B01000013F203B01FA03F01042F7D130782A2893
:10B0200011D06FF02F033078A0F13002092A16D822
:10B03000039A44F0020402EB820203EB4202104442
:10B04000761C0390EFE758F8042B0392002A03DAEA
:10B05000504244F40054039044F00204761C3078CB
:10B060002E2816D116F8010F44F004042A280DD01A
:10B070006FF02F023078A0F13003092B09D807EBCD
:10B08000870302EB4303C718761CF3E758F8047BE9
:10B09000761C30786C280FD006DC4C2817D0682836
:10B0A0000DD06A2814D104E0742810D07A280FD16A
:10B0B0000DE044F400140AE044F4801401E044F488
:10B0C00040147278824202D104F58014761C761CFA
:10B0D000307866280BD013DC582877D009DC00289C
:10B0E00075D04528F6D04628F4D047281AD193E1E8
:10B0F00018E0632835D0642879D0652812D18BE117
:10B10000702873D008DC6728F1D069286FD06E28CA
:10B110000DD06F2806D1ACE073282CD0752874D0E0
:10B12000782853D05246179990476D1C54E1C4F3C8
:10B130000250022809D003280DD0D8F800100428A6
:10B140000DD00D6008F1040846E1D8F80010EA17A8
:10B15000C1E90052F6E7D8F800100D80F2E70D7053
:10B16000F0E718F8041B8DF8001000208DF801009E
:10B17000EB46012003E058F804BB4FF0FF306107B5
:10B180004FF0000102D40DE009F101018946B942F6
:10B190000FDA8145F8DB1BF809100029F4D108E02B
:10B1A00009F1010189468142FADB1BF809100029E7
:10B1B000F6D103985346A0EB090721463846179A63
:10B1C00000F080FA284400EB090507E044E008E1BC
:10B1D0000DE01BF8010B524617999047B9F1010990
:10B1E000F7D2534621463846179AF2E039E00A2151
:10B1F000C4F302524FF0000B0091022A06D058F817
:10B20000040BC117032A09D00AE023E008F1070064
:10B2100020F00702F2E80201904605E000B2C117F3
:10B22000042A01D140B2C117002906DA0A460021DA
:10B23000404261EB02012D2202E0220504D52B22BF
:10B240008DF80420012203E0E20701D02022F7E775
:10B25000914657E00A2100E010214FF0000B0091C9
:10B260000BE010214FF0000B44F00404082700917C
:10B2700003E008204FF0000B0090C4F30252022AB2
:10B2800005D058F8040B0021032A08D008E008F183
:10B29000070020F00702F2E80201904603E080B2C6
:10B2A000042A00D1C0B24FF0000922072AD5327813
:10B2B000702A07D0DDF800C08CF0100C5CEA0B0C93
:10B2C00005D00EE040228DF80420012208E050EA6B
:10B2D000010306D030238DF804308DF805200222BA
:10B2E0009146009B83F0080353EA0B030AD150EA0E
:10B2F000010201D1620705D530228DF804204FF0FC
:10B3000001097F1E3278582A04D039A20C920CAA67
:10B3100002920BE03BA2F9E75B46009AF4F7DAFFF2
:10B320000C9B9B5C029A521E0292137050EA01021F
:10B33000F2D1029804A9081A00F1200B600702D587
:10B3400024F4803400E001275F4502DDA7EB0B0009
:10B3500000E0002000EB0B01009003984944401AE4
:10B360000390E00306D453462146179A039800F051
:10B37000A9F90544002706E001A85246C05D1799C7
:10B3800090476D1C7F1C4F45F6DBE0030CD5534600
:10B390002146179A039800F095F9054404E03020FF
:10B3A0005246179990476D1C0099481E009000293D
:10B3B000F5DC08E00298029952460078491C029197
:10B3C000179990476D1CBBF10001ABF1010BF1DC4B
:10B3D0005BE100F065F90544761C307800287FF4C5
:10B3E0000DAE19B02846BDE8F08F00000928010015
:10B3F00030313233343536373839616263646566EB
:10B4000000000000303132333435363738394142AC
:10B410004344454600000000600700D4062708F1B9
:10B42000070020F00700F0E80223804603F0004CFC
:10B430005FEA0C0001D097A009E0200501D596A095
:10B4400005E0E00701D095A001E0AFF24C001390B9
:10B45000307823F0004365280CD006DC452809D05D
:10B4600046281DD047287FD13BE0662818D06728A2
:10B470007AD136E00021112F01DB112000E0781C89
:10B48000CDE9000104A90CA8FFF7EEFCDDE90D01F0
:10B490000C9A4FF0000B07F10109109200914EE059
:10B4A0004FF000400097CDE9011004A90CA8FFF768
:10B4B000DBFCDDE90D020C9B0F994FF0000B914670
:10B4C0001093009211B9791C00EB0109B7EB090048
:10B4D00003D4C0F1FF3B07F10109A9EB070001907C
:10B4E00042E0012F00DA01270021112F01DD112098
:10B4F00000E03846CDE9000104A90CA8FFF7B4FC30
:10B50000DDE90D010C9A00914FF0000BB946109245
:10B5100021070FD4009A4A4503DA914601E0A9F1C8
:10B520000109B9F1010F05DD109AA9F10101515C82
:10B530003029F4D0B84202DA10F1040F03DA012105
:10B54000CDE9011010E0002803DC8344A9EB0001E1
:10B5500002E0411C494500DD8946A0EB0B00401C80
:10B5600001904FF000400290200705D40198484513
:10B5700002DB4FF0FF30019000208DF84B00029865
:10B580000DF14B07B0F1004F25D002200C902B207D
:10B590000D90029800280CDA404202902D200D9068
:10B5A00007E00A210298F5F724F93031029007F8F4
:10B5B000011D0C99481E0C900029F2DC029800280D
:10B5C000EFD1791E0D980870307800F0200040F01F
:10B5D000450007F8020D11A8C01BC01D029013986A
:10B5E000007800B1012000EB0901019801EBE07146
:10B5F000029801440398401A401E0390E00306D4C9
:10B6000053462146179A039800F05CF805441398B6
:10B61000007818B15246179990476D1CE00323D566
:10B6200053462146179A039800F04CF805441BE056
:10B63000BBF1000F07DB0098584504DD10981799FF
:10B6400010F80B0001E017993020524690470198FE
:10B650000BF1010B401E05F10105019004D12E20D4
:10B660005246179990476D1CB9F10001A9F10109E3
:10B67000DEDC05E017F8010B5246179990476D1C68
:10B680000299481E02900029F4DC53462146179A7D
:10B6900003989EE62D0000002B0000002000000013
:10B6A0002DE9F041044600251E461746880404D4BF
:10B6B00005E039462020B0476D1C641EF9D52846A8
:10B6C000BDE8F0812DE9F041044600251E46904674
:10B6D000C80301D5302700E02027880404D505E001
:10B6E00041463846B0476D1C641EF9D52846BDE872
:10B6F000F0814A68002A06D00A68531C0B6010705B
:10B700004868401E486070470A68531C0B60107000
:10B710007047000010B52C4902780A7042784A70D0
:10B7200090ED010A81ED010A90ED020A81ED020A15
:10B7300090ED030A81ED030A90ED040A81ED040AFD
:10B7400090ED050A81ED050A90ED060A81ED060AE5
:10B7500090ED070A81ED070A90ED080A81ED080ACD
:10B7600090F8240081F8240017484FF40C71283019
:10B77000F4F727FE24211548F4F723FE134824216B
:10B780002430F4F71EFE114824214830F4F719FE46
:10B790000E4824216C30F4F714FE0C48242190301C
:10B7A000F4F70FFE08494FF0FF302831C1F80802C6
:10B7B000064908602431086024310860243108609B
:10B7C0002431086010BD000004B600205CB80020E1
:10B7D000184B10B55C6A01282144174C0ED0022882
:10B7E00015D003281DD004281AD1E26019644FF641
:10B7F000EF701861D86840F0100010E022605963C3
:10B800004FF6FD701861D86840F0020007E06260F2
:10B8100099634FF6FB701861D86840F00400D86057
:10B8200010BDA260D9634FF6F7701861D86840F078
:10B830000800F4E7000C00407003002038B505460E
:10B84000F0EEC00A0C4610EE900A1B49884201DA5D
:10B850009FED1A0A002000906846FEF797FEF0EE72
:10B86000C00A10EE900A0021B0F17C5F01DA009866
:10B8700012E0B6EE001A009870EEC10AB0EE001A9F
:10B880007E30009060EE810A9FED0D1A60EE810A15
:10B89000FCEEE00A10EE901AB5EEC00AC0B2F1EE6E
:10B8A00010FA60F3DF5101D241F0004122462846F0
:10B8B00000F028F838BD0000E655A30000000000A5
:10B8C0000000004B30B513680D0A5C1C1460C554B1
:10B8D00013685C1C1460C15430BD30B513680D0E84
:10B8E0005C1C1460C55413680D0C5C1C1460C554BA
:10B8F00013680D0A5C1C1460C55413685C1C14604A
:10B90000C15430BD30B513680D0E5C1C1460C554B5
:10B9100013680D0C5C1C1460C55413680D0A5C1C84
:10B920001460C55413685C1C1460C15430BD000021
:10B930009FED112AF7EE002AD0ED351A20EE022AEB
:10B9400090ED371AD0ED380A82EE820A9FED0B2A6D
:10B9500061EE801A21EE000A20EEA01AC0ED2E1A28
:10B9600080ED2F0A9FED060AC2EE010A20EE800A42
:10B9700080ED390A70470000BD3786356F12833A73
:10B98000002474492DE9F0474FF0FF392DED028B6B
:10B990008EB0F0EE408A002007F014F9401C7CD0F5
:10B9A00004F06AFC8246012005F02CF908F090FCB6
:10B9B000044608F08DFC054604F0DAFB90ED000A21
:10B9C00084ED000A90ED010A84ED010A90ED020A6F
:10B9D00084ED020A90ED030A84ED030A90ED040A57
:10B9E00084ED040A90ED050A84ED050A90ED060A3F
:10B9F00084ED060A90ED070A84ED070A90ED080A27
:10BA000084ED080A90ED090A84ED090A90ED0A0A0E
:10BA100084ED0A0A90ED0B0A84ED0B0A90ED0C0AF6
:10BA200084ED0C0A90ED0D0A84ED0D0A90ED0E0ADE
:10BA300084ED0E0A90ED0F0A84ED0F0A90ED100AC6
:10BA400084ED100A90ED110A84ED110A90F8481067
:10BA500084F8481090ED130A84ED130A90ED140A4F
:10BA600084ED140A90ED150A84ED150A90ED160A7E
:10BA700084ED160A90ED170A84ED170A90ED180A66
:10BA800084ED180A90ED190A84ED190A90ED1A0A4E
:10BA900084ED1A0A90ED1B0A00E023E384ED1B0AF3
:10BAA00090ED1C0A84ED1C0A90ED1D0A84ED1D0A20
:10BAB00090ED1E0A84ED1E0A90ED1F0A84ED1F0A08
:10BAC00090ED200A84ED200A90ED210A84ED210AF0
:10BAD00090ED220A84ED220A90F88C1084F88C10E4
:10BAE00090F88D1084F88D1090F88E1084F88E10D8
:10BAF00090F88F1084F88F1090ED240A84ED240ABA
:10BB000090ED250A84ED250A90ED260A84ED260A9B
:10BB100090ED270A84ED270A90ED280A84ED280A83
:10BB200090ED290A84ED290A90ED2A0A84ED2A0A6B
:10BB300090F8AC1084F8AC1090F8AD1084F8AD100B
:10BB400090F8AE1084F8AE1090F8AF1084F8AF10F3
:10BB500090F8B01084F8B01090F8B11084F8B110DB
:10BB600090F8B21084F8B21090F8B31084F8B310C3
:10BB700090ED2D0A84ED2D0A90ED2E0A84ED2E0A0B
:10BB800090ED2F0A84ED2F0A90ED300A84ED300AF3
:10BB900090ED310A84ED310A90ED320A84ED320ADB
:10BBA00090F8CC1084F8CC1090ED340A84ED340A6F
:10BBB00090ED350A84ED350A90ED360A84ED360AAB
:10BBC00090ED370A84ED370A90ED380A84ED380A93
:10BBD00090ED390A84ED390A90ED3A0A84ED3A0A7B
:10BBE00090ED3B0A84ED3B0A90ED3C0A84ED3C0A63
:10BBF00090ED3D0A84ED3D0A90ED3E0A84ED3E0A4B
:10BC000090ED3F0A84ED3F0A90ED400A84ED400A32
:10BC100090ED410A84ED410A90ED420A84ED420A1A
:10BC200090ED430A84ED430A90ED440A84ED440A02
:10BC300090ED450A84ED450A90ED460A84ED460AEA
:10BC400090ED470A84ED470A90ED480A84ED480AD2
:10BC500090ED490A84ED490A90ED4A0A84ED4A0ABA
:10BC600090ED4B0A84ED4B0A90F8301184F83011B6
:10BC700090F8311184F8311190F8321184F83211B2
:10BC800090F8331184F8331190F8341184F834119A
:10BC900090F8351184F8351190F8361184F8361182
:10BCA00090F8371184F8371190F8381184F838116A
:10BCB00090ED4F0A84ED4F0A90ED500A84ED500A42
:10BCC00090ED510A84ED510A90F8481184F848111A
:10BCD00090F8491184F8491190F84A1184F84A11F2
:10BCE00090ED530A84ED530A90F8501184F85011E6
:10BCF00090ED550A84ED550A90ED560A84ED560AEA
:10BD000090F85C1184F85C1190F85D1184F85D1175
:10BD100090F85E1184F85E1190ED580A84ED580A8F
:10BD200090F8641184F8641190ED5A0A84ED5A0A6F
:10BD300090ED5B0A84ED5B0A90ED5C0A84ED5C0A91
:10BD400090ED5D0A84ED5D0A90ED5E0A84ED5E0A79
:10BD500090ED5F0A84ED5F0A90ED600A84ED600A61
:10BD6000B0F88411A4F8841190ED620A84ED620A9F
:10BD700090F88C1184F88C1190F88D1184F88D1145
:10BD800090ED640A84ED640A90ED650A84ED650A1D
:10BD900090ED660A84ED660A90ED670A84ED670A05
:10BDA00090ED680A84ED680A90ED690A84ED690AED
:10BDB00090ED6A0A84ED6A0A90ED6B0A84ED6B0AD5
:10BDC00090ED6C0A84ED6C0A90F8B41184F8B4110B
:10BDD00090F8B51184F8B51190ED6E0A84ED6E0AF5
:10BDE00090F8BC1184F8BC1190ED700A84ED700AD3
:10BDF00090ED710A84ED710A90ED720A84ED720A79
:10BE000090ED730A84ED730A90F8D01184F8D01184
:10BE100090F8D11184F8D11190ED750A84ED750A6E
:10BE200090F8D81184F8D81190ED770A84ED770A4C
:10BE300090ED780A84ED780A90ED790A84ED790A1C
:10BE400090ED7A0A84ED7A0A90ED7B0A84ED7B0A04
:10BE500090F8F01184F8F01190ED7D0A84ED7D0AE0
:10BE600090F8F81184F8F81190ED7F0A84ED7F0ABC
:10BE700090ED800A84ED800A90ED810A84ED810ABC
:10BE800090ED820A84ED820A90ED830A84ED830AA4
:10BE900090ED840A84ED840A90ED850A84ED850A8C
:10BEA00090ED860A84ED860A90ED870A84ED870A74
:10BEB00090ED880A84ED880A90ED890A84ED890A5C
:10BEC00090ED8A0A84ED8A0AD0F82C12C4F82C125C
:10BED00090ED8C0A84ED8C0A90ED8D0A84ED8D0A2C
:10BEE000D0F83812C4F8381290ED8F0A84ED8F0A1A
:10BEF00090ED900A84ED900A90ED910A84ED910AFC
:10BF000090ED920A84ED920A90ED930A84ED930AE3
:10BF100090ED940A84ED940A90F8541284F8541227
:10BF200090F8551284F8551290F8561284F856126B
:10BF3000D0F85812C4F8581290ED970A84ED970A79
:10BF400090ED980A84ED980A90ED990A84ED990A8B
:10BF500090ED9A0A84ED9A0A90F86C1284F86C12AB
:10BF600090F86D1284F86D1290ED9C0A84ED9C0A95
:10BF7000D0F87412C4F87412D0F87812C4F8781299
:10BF800090ED9F0A84ED9F0A90EDA00A84EDA00A2F
:10BF900090F8841284F8841290EDA20A84EDA20A2B
:10BFA00090EDA30A84EDA30A90F8901284F8901201
:10BFB000D0F89412C4F8941290EDA60A84EDA60A63
:10BFC00090EDA70A84EDA70A90F8A01284F8A012B9
:10BFD00090F8A11284F8A11290EDA90A84EDA90AA3
:10BFE00090EDAA0A84EDAA0A90EDAB0A84EDAB0AA3
:10BFF00090EDAC0A84EDAC0A90EDAD0A84EDAD0A8B
:10C0000090EDAE0A84EDAE0A90EDAF0A84EDAF0A72
:10C0100090EDB00A84EDB00A90F8C41284F8C4120E
:10C02000B0F8C802A4F8C8024FF43372214628467B
:10C03000F4F7A0F9022684F88E604FF0000884F827
:10C0400030819FED870A84ED300A9FED860AF2EE7B
:10C05000040A84ED2E0AB7EE000A84ED2F0AC4ED1F
:10C06000000AFAEE040AC4ED010AF3EE090AC4ED6F
:10C07000060A84ED1C0A84ED1D0A9FED7B0A84EDFF
:10C080001A0A9FED7A0A84ED1B0A9FED790A84ED66
:10C09000080A9FED780A204684ED070A04F0B4FDF3
:10C0A00041F288300CF016FA20B34FF47A7008F0A1
:10C0B00057F904F011FA9FED708A04AB8DED078AF1
:10C0C0008DED068A8DED048AD4ED000A94ED880A80
:10C0D00005AA06A907A8B0EE681A07F027FD070011
:10C0E0004FD114E004F0A8F864380EB0BDEC028B18
:10C0F000BDE8F087284604F087FD204608F00EF9D9
:10C10000284608F00BF9504604F07CFDEAE794F865
:10C11000480101284CD09FED590A00BF84ED300A38
:10C12000204604F071FD8DED038A8DED098A8DEDB9
:10C130000A8ADDED040AB0EE041A0BAB80EE810A28
:10C140000AAA09A903A89DED062ADDED071A9FEDAD
:10C150004C1ADFED4C0A00F02BFB07464A490A98BF
:10C1600088420ADD9DED090A8DED030AB5EEC00A8D
:10C17000F1EE10FA01D88DF82C8001208DF82C00FA
:10C18000CFB105F083FC04F025FDB7EE000A05F001
:10C1900085FC284604F038FD204608F0BFF8284604
:10C1A00008F0BCF8504604F02DFDA7F164009CE7B0
:10C1B0009FED360AB2E79DED040A02A885ED000A5C
:10C1C0009DED040AF1EE400AC5ED010AF7EE080AFA
:10C1D00020EE200AF3EE090A8DED020AB0EE480ABD
:10C1E0000BF0EAFC9DED020A284685ED060A85F86B
:10C1F0008E609DED070A85ED370A9DED060A85EDF7
:10C20000350A9DED050A85ED360A9DED030A85ED9B
:10C21000380A9FED1F0AFFF78BFB0021284601F02B
:10C22000DDF8284604F0F0FC42F210700CF086F9BC
:10C2300004F05AF904F0CEFCB7EE000A05F02EFC2B
:10C2400005F024FC284604F0DFFC204608F066F8E0
:10C25000284608F063F8504604F0D4FC484644E70A
:10C2600000401C466F12033A001BB749001BB7C9B8
:10C270000050C3470050C3C70000000000401C47E7
:10C280000000E1449A99993E000070420050C34674
:10C2900000007A442DE9F041A8B040F62441FE4860
:10C2A000F4F78FF80020FC4902464FF4B37400BF46
:10C2B00002F57A7321F81030401C521CA242F7D3C9
:10C2C0005FF0000202F5FA6321F81030401C521CA6
:10C2D000B82AF7D35FF0000202F6B83321F8103025
:10C2E000401C521C402AF7D300224FF4007400BFB8
:10C2F00002F57A6321F81030401C521CA242F7D399
:10C30000002241F27075531921F81030401C521C64
:10C310004E2AF8D3F6F71AFFE049B220086101204F
:10C32000F4F7BAFEDE49DFF87C83DF4C08806F4605
:10C330000026701980B227A9F5F776FB00287DD07A
:10C34000F6F7A4FE9C213846F4F73BF8D8F8001025
:10C350004046A14203D141688268CDE90112C1681B
:10C36000A14203D101694269CDE904128069A0426A
:10C3700005D1CC4980221C3107A8F3F7FBFF4046CA
:10C3800000940394069440F8044BDDE9011240F850
:10C39000181B40F8142C40F8104CDDE9041240F84A
:10C3A0000C1C40F8082C40F8044C9DF81C1001703F
:10C3B0009DF81D1041709DF81E1081709DF81F1092
:10C3C000C1709DF8201001719DF8211041719DF8F8
:10C3D000221081719DF82310C1719DF82410017203
:10C3E0009DF8251041729DF8261081729DF8271046
:10C3F000C1729DF8281001739DF8291041739DF8B2
:10C400002A1081739DF82B10C1739DF82C100174B4
:10C410009DF82D1041749DF82E1081749DF82F10F9
:10C42000C1749DF8301001759DF8311041759DF86B
:10C43000321081759DF83310C17500E0A7E19DF8B9
:10C44000341001769DF8351041769DF836108176CE
:10C450009DF83710C1769DF8381001779DF8391096
:10C4600041779DF83A1081779DF83B10C1779DF890
:10C470003C1080F820109DF83D1080F821109DF8A8
:10C480003E1080F822109DF83F1080F823109DF890
:10C49000401080F824109DF8411080F825109DF878
:10C4A000421080F826109DF8431080F827109DF860
:10C4B000441080F828109DF8451080F829109DF848
:10C4C000461080F82A109DF8471080F82B109DF830
:10C4D000481080F82C109DF8491080F82D109DF818
:10C4E0004A1080F82E109DF84B1080F82F109DF800
:10C4F0004C1080F830109DF84D1080F831109DF8E8
:10C500004E1080F832109DF84F1080F833109DF8CF
:10C51000501080F834109DF8511080F835109DF8B7
:10C52000521080F836109DF8531080F837109DF89F
:10C53000541080F838109DF8551080F839109DF887
:10C54000561080F83A109DF8571080F83B109DF86F
:10C55000581080F83C109DF8591080F83D109DF857
:10C560005A1080F83E109DF85B1080F83F109DF83F
:10C570005C1080F840109DF85D1080F841109DF827
:10C580005E1080F842109DF85F1080F843109DF80F
:10C59000601080F844109DF8611080F845109DF8F7
:10C5A000621080F846109DF8631080F847109DF8DF
:10C5B000641080F848109DF8651080F849109DF8C7
:10C5C000661080F84A109DF8671080F84B109DF8AF
:10C5D000681080F84C109DF8691080F84D109DF897
:10C5E0006A1080F84E109DF86B1080F84F109DF87F
:10C5F0006C1080F850109DF86D1080F851109DF867
:10C600006E1080F852109DF86F1080F853109DF84E
:10C61000701080F854109DF8711080F855109DF836
:10C62000721080F856109DF8731080F857109DF81E
:10C63000741080F858109DF8751080F859109DF806
:10C64000761080F85A109DF8771080F85B109DF8EE
:10C65000781080F85C109DF8791080F85D109DF8D6
:10C660007A1080F85E109DF87B1080F85F109DF8BE
:10C670007C1080F860109DF87D1080F861109DF8A6
:10C680007E1080F862109DF87F1080F863109DF88E
:10C69000801080F8641009E0ACB90020002002404E
:10C6A000DC030020845200201E6B89059DF8811058
:10C6B00080F865109DF8821080F866109DF8831050
:10C6C00080F867109DF8841080F868109DF8851038
:10C6D00080F869109DF8861080F86A109DF8871020
:10C6E00080F86B109DF8881080F86C109DF8891008
:10C6F00080F86D109DF88A1080F86E109DF88B10F0
:10C7000080F86F109DF88C1080F870109DF88D10D7
:10C7100080F871109DF88E1080F872109DF88F10BF
:10C7200080F873109DF8901080F874109DF89110A7
:10C7300080F875109DF8921080F876109DF893108F
:10C7400080F877109DF8941080F878109DF8951077
:10C7500080F879109DF8961080F87A109DF897105F
:10C7600080F87B109DF8981080F87C109DF8991047
:10C7700080F87D109DF89A1080F87E109DF89B102F
:10C7800080F87F1000F0C4FD28B0BDE8F081BDF84E
:10C790009C0007EB4601000A07F81600BDF89C0054
:10C7A000761C48704E2EFFF4C4ADF6F76FFCE6E53C
:10C7B0002DE9FF4F00262DED060B99468A460546CA
:10C7C00034462DED0E8BB0EE40DA81B0F0EE42BA79
:10C7D000B0EE61CAB0EE41EAF0EE60CAF0EECD8A8A
:10C7E0001E7003F0C5FC90ED880AF4EEC08AF1EEED
:10C7F00010FA11D8B5EEC0CAF1EE10FA03D803F062
:10C80000B7FC90ED37CAF5EEC0BAF1EE10FA03D8D6
:10C8100003F0AEFCD0ED35BAB5EEC0CAF1EE10FAB9
:10C8200004D9F5EEC0BAF1EE10FA06D8204601B0F0
:10C83000BDEC0E8B0AB0BDE8F08FF7EE00AA9FEDBD
:10C84000FE0A2BEE808A2CEE009A07F041FD04468A
:10C8500007F03EFD009003F08BFC90ED000A84EDA4
:10C86000000A90ED010A84ED010A90ED020A84EDC0
:10C87000020A90ED030A84ED030A90ED040A84EDA8
:10C88000040A90ED050A84ED050A90ED060A84ED90
:10C89000060A90ED070A84ED070A90ED080A84ED78
:10C8A000080A90ED090A84ED090A90ED0A0A84ED60
:10C8B0000A0A90ED0B0A84ED0B0A90ED0C0A84ED48
:10C8C0000C0A90ED0D0A84ED0D0A90ED0E0A84ED30
:10C8D0000E0A90ED0F0A84ED0F0A90ED100A84ED18
:10C8E000100A90ED110A84ED110A90F8481084F8AE
:10C8F000481090ED130A84ED130A90ED140A84EDAC
:10C90000140A90ED150A84ED150A90ED160A84EDCF
:10C91000160A90ED170A84ED170A90ED180A84EDB7
:10C92000180A90ED190A84ED190A90ED1A0A84ED9F
:10C930001A0A90ED1B0A84ED1B0A90ED1C0A84ED87
:10C940001C0A90ED1D0A84ED1D0A90ED1E0A84ED6F
:10C950001E0A90ED1F0A84ED1F0A90ED200A84ED57
:10C96000200A90ED210A84ED210A90ED220A84ED3F
:10C97000220A90F88C1084F88C1090F88D1084F8AE
:10C980008D1090F88E1084F88E1090F88F1084F827
:10C990008F1090ED240A84ED240A90ED250A84ED91
:10C9A000250A90ED260A84ED260A90ED270A84EDEB
:10C9B000270A90ED280A84ED280A90ED290A84EDD3
:10C9C000290A90ED2A0A84ED2A0A90F8AC1084F81E
:10C9D000AC1090F8AD1084F8AD1090F8AE1084F85B
:10C9E000AE1090F8AF1084F8AF1090F8B01084F843
:10C9F000B01090F8B11084F8B11090F8B21084F82B
:10CA0000B21090F8B31084F8B31090ED2D0A84EDB5
:10CA10002D0A90ED2E0A84ED2E0A90ED2F0A84ED5A
:10CA20002F0A90ED300A84ED300A90ED310A84ED42
:10CA3000310A90ED320A84ED320A90F8CC1084F875
:10CA4000CC1090ED340A84ED340A90ED350A84ED73
:10CA5000350A90ED360A84ED360A90ED370A84EDFA
:10CA6000370A90ED380A84ED380A90ED390A84EDE2
:10CA7000390A90ED3A0A84ED3A0A90ED3B0A84EDCA
:10CA80003B0A90ED3C0A84ED3C0A90ED3D0A84EDB2
:10CA90003D0A90ED3E0A84ED3E0A90ED3F0A84ED9A
:10CAA0003F0A90ED400A84ED400A90ED410A84ED82
:10CAB000410A90ED420A84ED420A90ED430A84ED6A
:10CAC000430A90ED440A84ED440A90ED450A84ED52
:10CAD000450A90ED460A84ED460A90ED470A84ED3A
:10CAE000470A90ED480A84ED480A90ED490A84ED22
:10CAF000490A90ED4A0A84ED4A0A90ED4B0A84ED0A
:10CB00004B0A90F8301184F8301190F8311184F804
:10CB1000311190F8321184F8321190F8331184F801
:10CB2000331190F8341184F8341190F8351184F8E9
:10CB3000351190F8361184F8361190F8371184F8D1
:10CB4000371190F8381184F8381190ED4F0A84EDC0
:10CB50004F0A90ED500A84ED500A90ED510A84ED91
:10CB6000510A90F8481184F8481190F8491184F856
:10CB7000491190F84A1184F84A1190ED530A84ED56
:10CB8000530A90F8501184F8501190ED550A84ED35
:10CB9000550A90ED560A84ED560A90F85C1184F817
:10CBA0005C1190F85D1184F85D1190F85E1184F8C5
:10CBB0005E1190ED580A84ED580A90F8641184F8DB
:10CBC000641190ED5A0A84ED5A0A90ED5B0A84EDE7
:10CBD0005B0A90ED5C0A84ED5C0A90ED5D0A84EDE1
:10CBE0005D0A90ED5E0A84ED5E0A90ED5F0A84EDC9
:10CBF0005F0A90ED600A84ED600AB0F88411A4F831
:10CC0000841190ED620A84ED620A90F88C1184F828
:10CC10008C1190F88D1184F88D1190ED640A84EDDB
:10CC2000640A90ED650A84ED650A90ED660A84ED6C
:10CC3000660A90ED670A01E0ABAA264484ED670A14
:10CC400090ED680A84ED680A90ED690A84ED690A3E
:10CC500090ED6A0A84ED6A0A90ED6B0A84ED6B0A26
:10CC600090ED6C0A84ED6C0A90F8B41184F8B4115C
:10CC700090F8B51184F8B51190ED6E0A84ED6E0A46
:10CC800090F8BC1184F8BC1190ED700A84ED700A24
:10CC900090ED710A84ED710A90ED720A84ED720ACA
:10CCA00090ED730A84ED730A90F8D01184F8D011D6
:10CCB00090F8D11184F8D11190ED750A84ED750AC0
:10CCC00090F8D81184F8D81190ED770A84ED770A9E
:10CCD00090ED780A84ED780A90ED790A84ED790A6E
:10CCE00090ED7A0A84ED7A0A90ED7B0A84ED7B0A56
:10CCF00090F8F01184F8F01190ED7D0A84ED7D0A32
:10CD000090F8F81184F8F81190ED7F0A84ED7F0A0D
:10CD100090ED800A84ED800A90ED810A84ED810A0D
:10CD200090ED820A84ED820A90ED830A84ED830AF5
:10CD300090ED840A84ED840A90ED850A84ED850ADD
:10CD400090ED860A84ED860A90ED870A84ED870AC5
:10CD500090ED880A84ED880A90ED890A84ED890AAD
:10CD600090ED8A0A84ED8A0AD0F82C12C4F82C12AD
:10CD700090ED8C0A84ED8C0A90ED8D0A84ED8D0A7D
:10CD8000D0F83812C4F8381290ED8F0A84ED8F0A6B
:10CD900090ED900A84ED900A90ED910A84ED910A4D
:10CDA00090ED920A84ED920A90ED930A84ED930A35
:10CDB00090ED940A84ED940A90F8541284F8541279
:10CDC00090F8551284F8551290F8561284F85612BD
:10CDD000D0F85812C4F8581290ED970A84ED970ACB
:10CDE00090ED980A84ED980A90ED990A84ED990ADD
:10CDF00090ED9A0A84ED9A0A90F86C1284F86C12FD
:10CE000090F86D1284F86D1290ED9C0A84ED9C0AE6
:10CE1000D0F87412C4F87412D0F87812C4F87812EA
:10CE200090ED9F0A84ED9F0A90EDA00A84EDA00A80
:10CE300090F8841284F8841290EDA20A84EDA20A7C
:10CE400090EDA30A84EDA30A90F8901284F8901252
:10CE5000D0F89412C4F8941290EDA60A84EDA60AB4
:10CE600090EDA70A84EDA70A90F8A01284F8A0120A
:10CE700090F8A11284F8A11290EDA90A84EDA90AF4
:10CE800090EDAA0A84EDAA0A90EDAB0A84EDAB0AF4
:10CE900090EDAC0A84EDAC0A90EDAD0A84EDAD0ADC
:10CEA00090EDAE0A84EDAE0A90EDAF0A84EDAF0AC4
:10CEB00090EDB00A84EDB00A90F8C41284F8C41260
:10CEC000B0F8C802A4F8C8024FF4337221460098A3
:10CED000F3F750FAD4ED190A9FEDE50A20EE800A27
:10CEE000B4EEEC0AF1EE10FA01D2F0EE40CA0220E4
:10CEF00084F88E0084F8306184ED2E8A84ED2F9AB8
:10CF000084F85C61204603F07FFE002603F094F96C
:10CF100030B10A2007F024FA761CB6F5FA7FF5DB6B
:10CF200003F08AF906000AD0009803F06DFE20464F
:10CF300007F0F4F9009807F0F1F9304677E44FF480
:10CF40007A7B584607F00CFA03F0C6FA4FF0000857
:10CF50009FEDC89A94ED880AB0EE49AA9FEDC6BA33
:10CF6000F4EEC08AF1EE10FA7EDD00269FEDC38A52
:10CF700003F0BAFA00EE106AB8EEC00A60EE0D0ACD
:10CF800080EE880AF0EE4A0A04F0F8FC03F054F947
:10CF9000070012D004F07AFD03F01CFEB7EE000A81
:10CFA00004F07CFD009803F02FFE204607F0B6F950
:10CFB000009807F0B3F9384639E4012007F0D0F9BA
:10CFC000761CC82ED4DBB0EE498A0026F0EE489AD3
:10CFD0004FEA0B07F0EE698A03F0F8F8B0EEC00AEA
:10CFE00078EEAA8A70EE299A012007F0B9F9761C2A
:10CFF000BE42F1DB03F020F906007BD1C9EEA8EABE
:10D00000B0EE489A43F6982BF0EE49DA56E0DFEDA1
:10D010009C0A8EEE200A30EE0AAA03F065FA94F814
:10D02000550210B1F1EE4A0A01E0F0EE4A0AB0EE04
:10D030004D0A04F0A3FC03F0FFF80600DDD1012047
:10D0400007F08EF908F1010803F0C0F8B0EEC00A4D
:10D05000B4EEED0AF1EE10FA01DDF0EE40DAD8455B
:10D0600006DBBFEE000A00E0ADE085ED000A2EE031
:10D07000B8F57A6F1DDDDFED830A6DEEA00AF4EEE0
:10D08000C00AF1EE10FA02DDB8EE000A0AE09FEDE8
:10D090007E0A2EEE800AB4EEEC0AF1EE10FA08DDFC
:10D0A000B8EE080A85ED000A4FEA070007F058F9C4
:10D0B0008BE01AEE100A7549884208DA03F086F808
:10D0C000B0EEC00AB4EEEC0AF1EE10FA9FD3384687
:10D0D00007F046F9D84578DAB0EE498A0027F0EE35
:10D0E00048CAF0EE488AF0EE489AB0EE48DA42F2CA
:10D0F000107800E0B3E006F061F870EE2CCA06F09C
:10D1000057F870EE288A05F04DFF70EE299A05F069
:10D1100043FF30EE0DDA38EE2A8A012007F020F9BD
:10D1200003F08AF8060002D17F1C4745E1DBCCEE14
:10D13000880A88EE880A60EEA00AC9EE88CA6AEEFC
:10D140000B9A40EE000AB0EE600ACDEE088AFDF7B9
:10D150002FFEB0EE408A2CEEAC0A08EEA80AFDF7CE
:10D1600027FE0CEE408AC8EE290A40EE6B0AC5ED98
:10D17000000A84ED37CAC4ED35BA95ED000A84ED96
:10D18000380A95ED000A20EE000ADFED410A20463C
:10D1900080EE801A84ED391A03F036FD4FF4FA70F0
:10D1A00007F0DEF803F068F802280AD05FF000000C
:10D1B00006F0D8FBB0EE490A06F064FB052075E7DF
:10D1C00003E00120F4E785ED009AF0EE498AB0EE25
:10D1D000688A9EBBDFF8BC8000274FF4FA6B00BF63
:10D1E00005F040FF60EE0B9A05F0D0FEB0EEC00AED
:10D1F00010EE100A404511DB05F0E0FFC0EE290AF1
:10D2000038EE2A8A012070EEA88A07F0A9F803F008
:10D2100013F8060002D17F1C5F45E1DB1798B5EEDD
:10D22000C08A80ED008A0120F1EE10FA07DD88EE59
:10D23000880A8AED000A89F8000002E00BE08AED16
:10D24000009A95ED000AB5EEC00AF1EE10FA01DD84
:10D2500089F800001EB18AED009A85ED009A04F06D
:10D2600015FC03F0B7FCB7EE000A04F017FC5BE610
:10D270006666663F000000005077D63D00004843D8
:10D2800000007A443333333FCDCC8C3F00803B46A3
:10D290000000FA430AD7A33CF8B5044611B141F2A5
:10D2A000883601E04FF47A7601254FF4B377701990
:10D2B00080B26946F4F7B8FBD8B1204600F020F9F7
:10D2C00094ED010AD4ED1D0A20EE200A84ED200A17
:10D2D00094ED000AD4ED1C0A20EE200A84ED1F0A0A
:10D2E00094ED030A84ED220A94ED020A84ED210AEA
:10D2F000F8BDBDF80000010A04F8151004EB450163
:10D30000BDF800006D1C4870BD42D0D9D8E70000C0
:10D310002DE9F84F01262D4DF5F718FF2C49B220C5
:10D320000861DFF8B080DFF8B0A0002441F2707926
:10D3300015F8140005EB44010002ADF8000049782F
:10D3400004EB09070143ADF80010B8B2F4F77DFB18
:10D35000AAF8000008EB4401B8B2F4F765FB38F80E
:10D360001400BDF80010884201D0002611E0BAF880
:10D3700000005746C00504D5F3F778FD3988084307
:10D3800038803878C04310F0FF0FEED0641C4E2C6C
:10D39000CED3F5F77BFE00244F46E01980B26946F4
:10D3A000F4F742FB18B100263046BDE8F88FBDF80F
:10D3B000000005EB4401000A05F81400BDF8000068
:10D3C000641C48704E2CE8D3EEE700008452002025
:10D3D0000020024010B90020DC0300202DE9F041BC
:10D3E0000C46064602F048FF0546012003F00AFC01
:10D3F00004F04CFB03F0EEFB03F06EF8B0EE000A15
:10D4000004F04CFBA8B1022003F0FCFB04F03EFB4F
:10D4100003F0E0FB03F060F8B0EE000A04F03EFB1E
:10D4200038B10AF089FB4FF0010854B141F2883756
:10D4300009E004F02BFB284603F0E4FB0020BDE8E4
:10D44000F0814FF47A772146304602F045FEA6F887
:10D45000C802F5F77BFE1B49B22008611A4D012472
:10D4600006EB440116F81400497841EA0021381906
:10D4700080B2F4F7EAFA2880C00504D5F3F7F6FC89
:10D480002988084328802878C04310F0FF0F16D061
:10D49000641CB4F5B37FE3D9F5F7F8FD0AF058FB47
:10D4A000642006F05DFF012003F0ACFB04F0EEFA0F
:10D4B000022003F0A7FB04F0E9FA4046BFE74FF073
:10D4C0000008E9E700200240DC0300200B4C4FF08D
:10D4D000FF352A460021012007F0B4F8606907F003
:10D4E00052F900210120B2EE040AFEF74BFA6069FE
:10D4F00007F039F90A2006F033FFEAE700000020C0
:10D5000010B5012200F88C2F002141700223837096
:10D51000C170B2EE041A00ED231AFAEE041A40EDBF
:10D52000221A00ED211A40ED201AF7EE000A40ED14
:10D530001F0A9FEDFE0AB3EE093A00ED1E0A00ED48
:10D540001D3A9FEDFB0A00ED1C0A9FEDFA0A00ED63
:10D550001B0ADFEDF93A40ED1A3A9FEDF80A00EDAB
:10D56000190A9FEDF70A00ED180A00ED171A9FED52
:10D57000F50A00ED160A00ED151AB2EE000A00EDEC
:10D58000140A9FEDF10A00ED130A9FEDF00A00ED79
:10D59000120A00F8441C9FEDEE0A00ED100A9FED00
:10D5A000ED4A00ED0F4A9FEDEA0A00ED0E0A00ED8C
:10D5B0000D4A9FEDE90A00ED0C0A9FEDDC0A00ED33
:10D5C0000B0A9FEDE60A00ED0A0A9FEDE50A00ED61
:10D5D000090A9FEDE40A00ED080A40ED070A40ED54
:10D5E000060A40ED050A9FEDE00A80ED010A9FED75
:10D5F000D70A80ED020A80ED031A9FEDDC0A80ED68
:10D60000040AC0ED053A9FEDDA0A80ED060A9FEDA7
:10D61000D90AFF2380ED070A00F8203F0323427058
:10D6200083700223C370052400F8044F062343705F
:10D6300004238370FF23C3709FEDCF0A80ED010A9E
:10D640009FEDCE0A80ED020A9FEDCD0A80ED030A20
:10D650009FEDCC0A80ED040A9FEDCB0A80ED050A10
:10D6600001779FEDCA0A80ED060AB1EE0C0A80ED43
:10D67000080A80F880109FEDC00A80ED100A9FED27
:10D68000C40A80ED110A9FEDC30A80ED090A9FEDDF
:10D69000C20A80ED0A0A9FEDC12A80ED0B2A9FED98
:10D6A000C02A80ED0C2A9FEDBF2A80ED0D2ADFED08
:10D6B000BE4ABFEE002AC0ED0E4A80ED0F2A9FED54
:10D6C000BB2A80ED122A9FEDA02A80ED132AC0ED1F
:10D6D000140A9FEDB72A80ED152A9FED992A80ED57
:10D6E000162A80ED170A9FEDB32A80ED182A9FEDC8
:10D6F000B22A80ED192ADFEDB12AC0ED1A2AF6EE22
:10D70000002AC0ED1C2AC0ED1D3AC0ED1B2A80ED99
:10D710001E0AFFEE003AC0ED1F3A80F8813080F813
:10D72000823080F8833080F8843080F8853080F84B
:10D73000863080F8873080F88830DFED913AC0ED90
:10D74000233ADFED9B3AC0ED243ADFED9D3AC0ED80
:10D75000253A80F8981080F8991080F89A1080ED9A
:10D76000270A80F8A01080ED293ADFED943AC0ED49
:10D770002A3A80F8AC1080F8AD1080F8AE10DFEDDA
:10D78000913A0F23C0ED2C3A80F8B430F3EE043A0E
:10D79000C0ED2E3AF1EE003AC0ED2F3AF1EE083A24
:10D7A000C0ED303ADFED883AC0ED313ADFED6A3A4C
:10D7B000C0ED323A80ED330ADFED843AC0ED343A01
:10D7C000A0F8D440DFED823AC0ED363A80F8DC2094
:10D7D00080F8DD20DFED7F3AC0ED383ADFED7E3AAC
:10D7E000C0ED393ADFED7D3AC0ED3A3A80ED3B0AC3
:10D7F00080ED3C0A80ED3D0A80ED3E0A80ED3F0A57
:10D8000080ED400A80F8042180F80521DFED743AAC
:10D81000C0ED423A80F80C1180ED440ADFED653A24
:10D82000C0ED453A80ED462ADFED6E3AC0ED473A4D
:10D8300080F8201180F82111C0ED490A80F82841B4
:10D84000DFED693AC0ED4B3ADFED673AC0ED4C3A97
:10D85000DFED663AC0ED4D3A80ED4E2A80ED4F4A3D
:10D8600080F84021DFED623AC0ED513A80F848116E
:10D870009FED604A80ED534A80ED540A80ED550AD1
:10D880009FED5D4A80ED564A80ED572AC0ED580A5B
:10D8900080ED590A80ED5A0A9FED582A80ED5B2AE7
:10D8A000C0ED5C4A9FED562A80ED5D2A9FED552A1A
:10D8B0004FF4FA7380ED5E2A9FED4A2AC0F87C315E
:10D8C00080ED602AC0ED612A5303C0F88831C0EDB5
:10D8D000640AC0ED660A9FED4C2A072380ED632A97
:10D8E00080ED652AC0ED672A80ED680A80F8A431D2
:10D8F00080F8A51180F8A61110239FED342AC0F8F6
:10D90000A83180ED6B2A9FED2E2A80ED6C2A9FEDC9
:10D910003F2AC0ED6D3A80ED6E2A80F8BC119FED74
:10D920003C2A80F8BD1180ED702A73E00AD7A33B32
:10D930000050C3C70050C347CDCC4C3F00009643B6
:10D940000080BB440000404200007A4400808944CB
:10D950000000AA420000C8429A99193E3333733F2F
:10D96000001BB749001BB7C90000164300007842EE
:10D9700000409C47000016440000FA447F6ABC3C0B
:10D980000000FA4300409C468FC2F53D0000024370
:10D990000060EA4695EDC13800000000BF372C3C1E
:10D9A0006701873A0C1D604ECDCC4C3D00004842CB
:10D9B00000401C456666663FCDCC4C3ECDCCCC3D90
:10D9C00000B80847000070429A99993E00803B4594
:10D9D0006F12833A00A0FE4400D0014500E0FE44EF
:10D9E00000007A450AD7A33C6F12833B17B7D138A2
:10D9F0000050C346CDCCCC3C3480B7390AD7233C49
:10DA000099BB963B0AD7233D3333D33F0040534560
:10DA1000F6281C3F9FED262A032380ED742A80ED13
:10DA2000733AC0F8C4312D23C0F8C8310E2380F8F2
:10DA3000D431B0EE082A80ED762A9FED1E2A03230A
:10DA400080ED772A80F8E011B1EE082AC0F8E431C1
:10DA500080ED7A2AC0ED7B0A80F8F021DFED160A0E
:10DA600080F8F131C0ED7D0ADFED140AC0ED7E0AC9
:10DA7000C0ED7F4A80ED800A9FED110A80ED810A9A
:10DA8000B0EE040A80ED820A9FED0E0A80ED830A53
:10DA90009FED0D0A80ED840A80F8141240ED0C1AF7
:10DAA00000ED0D1A40ED0A1A00ED0B1A10BD000032
:10DAB00000401C46E7FBA93D0000344200008242C2
:10DAC0009A993940666686409A9989402DE9F04FC7
:10DAD00004462DED0A8BB0EE40AA91B000F1080586
:10DAE000066890ED139AD0ED128A90ED480ADFEDAA
:10DAF000FE0A96F8300120EE200AB0EEC00A032894
:10DB000021D096F8300105281DD096F8300106285E
:10DB100019D096F83001072815D096F8300108285A
:10DB200011D096F83001042823D16079032820D041
:10DB3000D5ED0C0A96ED881AF0EEE00AF4EEC10A73
:10DB4000F1EE10FA15DD94F8B40090B996ED601A74
:10DB500094F8840310B1DFEDE50A01E0F7EE080A5E
:10DB600061EE200AF4EEC00AF1EE10FA01DD0120A8
:10DB700000E000208246B6F88411D4F8AC02884256
:10DB800001DB012000E000203AEA0001DFEDD89A35
:10DB900002D0C5ED0C9A05E096F83011042901D1A8
:10DBA0004FF0000A96F8308128B996F85E010028F7
:10DBB0007DD00820804684F884A395ED0D0A10A836
:10DBC000B0EEC00A8DED100AD6ED190AB0EE690A62
:10DBD00009F0CEFF95ED120AD5ED130AF7EE00AA73
:10DBE00020EE280AC34909EE200A85ED1D0A95EDAD
:10DBF000130AD5ED120A20EE280A09EE600A85ED17
:10DC00001E0A95ED1F0AD5ED1D0A96ED561A70EE07
:10DC1000600A95ED1F0A01EE600A85ED1F0A95ED79
:10DC2000200AD5ED1E0A96ED561A70EE600A95EDA3
:10DC3000200A01EE600A85ED200AD6ED440AB0EE16
:10DC40006A0A10EE900A88422ADAD5ED0E1ADDED46
:10DC5000100AA94910EE900A81EEA01A8842F0EE4F
:10DC6000C12A01DAF0EE6A2AD6ED440AF4EEE20A9D
:10DC7000F1EE10FA14D296ED452AD6ED440AF7EEED
:10DC8000001AB7EE001AB0EE620A09F047FED6EDB0
:10DC9000450AF4EEC00AF1EE10FA01DD96ED450AF0
:10DCA000D5ED0A0A95ED1D1A70EEC11A00E045E0A7
:10DCB000D5ED0C0A95ED1E1A96F8500130EEC11AFA
:10DCC000D6ED2F0A08B1D4EDF60A95ED232A60EEC1
:10DCD000802A60EE8A0A62EE8A2A01EEA22A85ED87
:10DCE000232A95ED242A01EE202A85ED242A96ED9B
:10DCF0002E2AD5ED230A62EE211A41EE800AC5EDE7
:10DD0000210A95ED240AD6ED2E0A01EE200A85EDB2
:10DD1000220AB0EE690A6079B0EE401AF0EE400ACD
:10DD2000052839D296F85C01B0B396F85C01012859
:10DD300006D0022817D003282ED117E0032039E798
:10DD400095ED201AD4ED480AD4EDF71A21EE201AE9
:10DD500021EE211AD5ED1F1A61EEA00AD4EDF81AB2
:10DD600060EEA10A18E094ED480A11E0D5ED200A12
:10DD700094ED480A94EDF71AD4EDF81A60EE800A93
:10DD800020EE811AD5ED1F0A60EE800A60EEA10A2E
:10DD9000D6ED381A20EE210AD5ED211A31EEC11A3E
:10DDA00030EE800A85ED211A95ED221A31EE000A37
:10DDB00085ED220A9DED100ADFED500A05F1840081
:10DDC00095ED21BA20EE200AD5ED170A814620EE06
:10DDD000200AD6ED750A20EE208AB0EE480A09F036
:10DDE000FDFED5ED210A95ED230A70EECB0A30EE4B
:10DDF000200A85ED230A28EE080AD5ED210A95EDC3
:10DE0000211A00EEC10AFCF7D3FF05F1880095ED59
:10DE100022BA074609F0E2FED5ED220A95ED240A62
:10DE2000394670EECB0A484630EE200A85ED240ACA
:10DE3000B0EE480A09F00EFE95ED170AF7EE080A53
:10DE400080EE808A95ED210A20EE080A85ED1A0AF7
:10DE500095ED220A20EE080A85ED1B0A95ED1C0AB5
:10DE600010EE100AFCF7C1FA10B1B0EE690A01E039
:10DE700095ED1C0A9FED221A85ED1C0A95ED1C0AF2
:10DE8000D5ED1B0A70EE600A95ED1C0A00EEC10A82
:10DE900085ED1C0A95ED060AD5ED120A95ED131ACB
:10DEA00020EE200AD5ED070A00EE810A85ED160A5C
:10DEB00095ED1D0AD5ED1D0A95ED1E1A20EE200ADE
:10DEC000D5ED1E0A00EE810AFCF772FF85ED140AFB
:10DED00095ED1F0AD5ED1F0A95ED201A20EE200AB8
:10DEE000D5ED200A0EE00000EBC918416666E63F5A
:10DEF00000000000A4707D3F0AD7233C3ACD133FB9
:10DF0000CDCC4C3E00EE810AFCF752FF85ED150AA0
:10DF100095ED1A0AD5ED1B0A04F5307720EE280A94
:10DF200009EE600A85ED080A95ED1B0AD5ED1A0A7F
:10DF300020EE280A09EE200A85ED090AD5ED080A27
:10DF400080EE880A84ED1A0A95ED091A20EE280A57
:10DF5000C1EE080AC4ED1B0A09EE200A85ED210A6C
:10DF600094ED1B0AD4ED1A0A20EE280A09EE600A85
:10DF700085ED220A38789FEDFECA012802D00228DA
:10DF80007ED14CE0B0EE69BA4FF0000907EB890092
:10DF9000834690ED050A90ED0D1AD0ED09BAF8EE22
:10DFA000C00A20EE811AD0ED110A41EE0A0AB8EE3D
:10DFB000C01AC0ED110AF4EEC10AF1EE10FA05DB49
:10DFC000B8EEC00A30EEC00A8BED110A1BEE900AC3
:10DFD000E84988420FDD9BED110AFCF723FABDEEFC
:10DFE000C00ADBF8041010EE100A01EB800090ED7F
:10DFF000000A00EE2BBA09F10109B9F1040FC5DBE3
:10E000002BEE080AD5ED080A49EE400AC5ED080ACC
:10E01000D5ED090A48EE800AC5ED090A59E0B86E47
:10E0200007EB8001496D5FEA010959D007F1640BE4
:10E0300010F80B0020B3D7ED1CBAB0EE6B0AFCF75A
:10E04000F1F9BDEEC00A10EE100A19F9000000EE59
:10E05000100AB8EEC00ADFEDC80A20EE200AD7ED9C
:10E060001D0A20EE20BA97ED1B0A4AEE00BAC7ED52
:10E070001CBAB0EE6B0AFCF7D5F9F0EE400A00E0EE
:10E080002EE0B86E07EB800090ED170AB8EEC01ACC
:10E09000F4EEC10AF1EE10FA0FDBB8EEC00A00216F
:10E0A0003BEEC00A87ED1C0ABA6E02F80B10B86E80
:10E0B000401CB866012800DDB96695ED080A09EE36
:10E0C0004B0A85ED080A95ED090A08EE8B0A85EDE5
:10E0D000090A05F12401B0EE4C0A081F09F0BAFC48
:10E0E000DFF89892BAF1000F7DD095ED080A8DED1A
:10E0F000030A95ED090A8DED020A95ED080A8DEDEA
:10E10000050A95ED090A8DED040AB6F88411D4F8D4
:10E11000AC02884202DA96ED5A0A0DE095ED1E0A2D
:10E1200096ED5C2AD6ED5B1AB0EEC00A96ED001AA9
:10E13000DFED930A09F0F2FB8DED090A95ED0E0A69
:10E14000D5ED170AB0EEC00A3AEEC00A20EE200A5A
:10E15000DFED8C0A20EE200ADFED8B0A20EE200A8C
:10E16000DFED8A0A09A820EE200A09F037FDB0EE9B
:10E17000000A01276AEE000AB8F1070F75D0B8F15E
:10E18000080F72D0B8F1050F6ED0B8F1060F6BD042
:10E1900094F88C027E4900287E4AD4F888027CD00C
:10E1A000D4F880C1034600FB0CF001EB800CD5EDE8
:10E1B000120A9CED000A02EB800095ED131A20EE86
:10E1C000200AD0ED000A04EB83006A4B00EE810ABE
:10E1D000D4EDA70A30EE600A80ED810A10EE100A35
:10E1E00098420FDD00E08BE2D6ED300AD4F88802C9
:10E1F00020EE800ADDED090A04EB800080EE201A93
:10E2000080ED611AD4F88802401CC4F88802D4F862
:10E210007C31984204D10020C4F8880284F88472CA
:10E22000D4F88031DDED090A584301EB800090ED10
:10E23000000A60EE200A9DED030A00EE880A8DEDCB
:10E24000030AD4F88011D4F88802484302EB800016
:10E2500090ED000ADDED090A60EE200A9DED020A4C
:10E2600000EE880AB5E100E0E3E094F88C02B0B378
:10E2700094ED5A0AD4ED591A20EE281A20EE090A14
:10E2800009EE611A08EEA10AD4EDA71A31EEC11AFF
:10E29000D4EDA81A31EEC00A00E0CFE1D4F888022C
:10E2A00004EB8000D0ED611A31EE800A80ED610A46
:10E2B000D4F8880204EB800090ED620A30EE2A0A5E
:10E2C00080ED620A84F8847294F8480140B196F8AF
:10E2D0004801012811D0B8F1070F0CD00DE085E0FE
:10E2E00094ED480AB1EE400A84EDAA0A94ED3A0A88
:10E2F00084EDA90A10E0F0EE4A0A96ED300ADDED51
:10E30000091A204620EE011A94EDF90A60EE211A4E
:10E3100081EE210A00F018FF96F8480101284ED03E
:10E32000B8F1080F4BD0D4ED580A94ED570A20EEFF
:10E33000A81A60EE890A09EE401A48EE800A84EDB8
:10E34000A71AC4EDA80A9DED090A60EE280A9DED02
:10E35000050A00EEC80A8DED050A9DED090A60EE7A
:10E36000090A9DED040A00EEC80A8DED040A13E0C7
:10E370000C9E523F0AD7233C0000003C2C2C01404D
:10E380000AD723BCD7B35D3FABAA2A3F3333733FD1
:10E3900034990108349801089DED090A60EE280AB5
:10E3A0009DED030A00EE880A8DED030A9DED090A32
:10E3B00060EE090A9DED020A00EE880AF4E09DED88
:10E3C000090A60EE280A9DED030A00EEC80A8DEDE9
:10E3D000030A9DED090A60EE090A5FE1012000E0F1
:10E3E000002084F88C02C4ED5BAAF4E095ED130ADA
:10E3F000D5ED120A20EE280A09EE600A84EDA70A7C
:10E4000095ED130AD5ED120A20EE090A08EEA00ACE
:10E4100084EDA80A9DED090A60EE280A9DED030A25
:10E4200000EE880A8DED030A9DED090A60EE090AE7
:10E4300014E794F88C02A8B395ED0C0A96ED5F1AD8
:10E44000B0EEC00AB4EEC10AF1EE10FA0DDD95EDA2
:10E450000C0AB5EEC00AF1EE10FA02D2BFEE000AC5
:10E4600001E0B7EE000A84EDA40A94EDA50A94ED4C
:10E47000591AD4ED5A1A20EE010A94EDA61A01EEAB
:10E48000210A94EDA71A84F8847294F8480130EEBA
:10E49000410A40B196F84801012811D0B8F1050FA2
:10E4A0000CD00DE0AFE094ED480AB1EE400A84EDE7
:10E4B000AA0A94ED3A0A84EDA90A18E0F0EE4A0A95
:10E4C00096ED301ADDED091A204621EE001A81EE94
:10E4D000210A94EDFA1AD4EDF91A30EE410A94EDBE
:10E4E000A41A20EE011A81EE210A00F02DFED4EDCF
:10E4F000A40A9FEDB60AF5EEC00AF1EE10FA08DDA7
:10E5000078EE890A60EE800AC4EDA60A78EEC90AA0
:10E5100007E079EE680A60EE800AC4EDA60A78EE9C
:10E52000890A20EE800A84EDA50A96F848010128A0
:10E5300042D0B8F1060F3FD0D4ED570A94EDA61A99
:10E54000D4ED581A60EE200A41EE210AC4EDA70A64
:10E55000DDED090A60EE200A9DED050A00EE880A4D
:10E560008DED050A94EDA60ADDED090A60EE200A9C
:10E570009DED040A00EE880A8DED040A94EDA50ACB
:10E58000DDED090A60EE200A9DED030A00EEC80ADF
:10E590008DED030A94EDA60ADDED090A60EE200A6E
:10E5A0009DED020A00EEC80A8DED020A94F88C0275
:10E5B00000287FF415AF11E7DDED090A60EE200AAF
:10E5C0009DED030A00EE880A8DED030A94EDA60A7C
:10E5D00040E68DED020AB0EE4C0A02A903A809F04C
:10E5E00039FA94F88C02E8B35FF0000084F88C02EA
:10E5F00096F84801012858D0B8F1050F5ED0B8F15F
:10E60000070F5BD068E094EDA50AD5ED120A94EDF2
:10E61000A61AD5ED131A60EE200A41EE210AC4EDC8
:10E62000A70ADDED090A60EE200A9DED030A00EE5F
:10E63000C80A8DED030A94EDA60A2BE0D4F88031C8
:10E64000D5ED120A584301EB800102EB800091EDF9
:10E65000000A95ED131A20EE200AD0ED000A00EE14
:10E66000810A00E01FE084EDA70A91ED000ADDEDCC
:10E67000090A60EE200A9DED030A00EEC80A8DED3E
:10E68000030AD4F88011D4F88802484302EB8000D2
:10E6900090ED000ADDED090A60EE200A9DED020A08
:10E6A00000EEC80A95E70120A0E79DED030A85ED7D
:10E6B000080A9DED020A85ED090A2EE0B0EE4C0A2B
:10E6C00004A905A809F0C6F99DED050A85ED080A1B
:10E6D0009DED040A85ED090A05F194000090D9F832
:10E6E000000004F5AA731A1F96ED191A111FDDED2B
:10E6F000020A9DED030A01F075FA84F858710CE0E6
:10E700000020C4F8880284F8840284F88C02C4EDE6
:10E71000A79AC4EDA89AC4EDAA9AD9F8000005F109
:10E720009401009196ED191AD5ED090A95ED080AA4
:10E730000EAB0DAA0BA901F055FA254884420FD162
:10E740002448016841F002010160224A0B993432E9
:10E750001160121D0D991160121D0E9911600FE0CC
:10E760001D48016841F0020101601B4A0B993432D7
:10E770001160121D0D99116017490E9A3C310A6003
:10E78000016821F00201016096F8D101A8B1BAF147
:10E79000000F12D10B990D9881420ED10E9988422B
:10E7A0000BD194F8D800022802D0204601F046FB95
:10E7B00011B0BDEC0A8BBDE8F08F94F8D8000128A9
:10E7C000F6D0204607F03CF8F2E70000F304353FAE
:10E7D00070730020002C01400034014030B5034626
:10E7E00000200246074C09E013F8015B521C85EA41
:10E7F000102534F8155085EA002080B28A42F3D300
:10E8000030BD0000489A01082DED028B84B0F7F767
:10E810007FFE00248723F022214620460094F7F74C
:10E8200057FEDFF8ACA300264FF4FC684FF6FF79E3
:10E830004FF0100BE74D6868864206D00021872311
:10E84000F02208460094F7F743FE6E68012E7DD053
:10E850009AF80400574600284FF02000CDE9004008
:10E860004346029473D0DCA205210A20F8F7BAF8D7
:10E87000CDE9004B5D464B46D9A20521822002948A
:10E88000F8F7B0F8CDF80080CDE9014597ED190A09
:10E89000022303220521AA20F8F719F8CDE9004543
:10E8A0004B46D1A20521DC200294F8F79BF8CDE974
:10E8B00000454B46CDA2152182200294F8F792F82C
:10E8C000CDF80080CDE9014597ED180A0223032217
:10E8D0001521AA20F7F7FBFFCDE900454B46C5A25D
:10E8E0001521DC200294F8F77DF8CDE900454B4670
:10E8F000C1A2252182200294F8F774F80223032292
:10E900009FEDBF0ACDF800802521AA20CDE9014561
:10E91000F7F7DDFFCDE900454B46BAA22521DC2003
:10E920000294F8F75FF80A2287233C211046CDF8BD
:10E930000090F7F774FDE62287233C211046CDF8BE
:10E940000090F7F76CFDCDE9004501E0CFE03CE138
:10E950004B46ADA2282114200294F8F743F8CDE9E4
:10E9600000454B46AAA23C2114200294F8F73AF83D
:10E97000CDE900454B46A8A2502114200294F8F797
:10E9800031F8CDE900454B46A5A26421142002943C
:10E99000F8F728F8CDE900454B46A3A278211420CA
:10E9A0000294F8F71FF8CDE900454B46A0A22821B4
:10E9B0004C200294F8F716F84FF607408DE8310026
:10E9C00097ED0C0A022303223C214420F7F7FEFEB8
:10E9D000CDE900454B4698A23C217C200294F8F7F3
:10E9E00001F8CDF80080CDE9014597ED1F0A02231B
:10E9F00003223C218C20F7F7E9FECDE900454B4688
:10EA00007CA23C21C4200294F7F7ECFFCDF80080F3
:10EA1000CDE9014597ED0E0A02230322502144203F
:10EA2000F7F7D4FECDE900454B4683A250217C2068
:10EA30000294F7F7D7FFCDF80080CDE9014597EDB7
:10EA4000200A0223032250218C20F7F7BFFECDE9D4
:10EA500000454B4667A25021C4200294F7F7C2FF3D
:10EA6000CDF80080CDE9014597ED2F0A9FED738A1F
:10EA70000223032220EE080A64214420F7F7A6FEB1
:10EA8000CDE900454B466CA264217C200294F7F747
:10EA9000A9FFCDF80080CDE9014597ED100A0223CA
:10EAA000032220EE080A64218C20F7F78FFECDE9BF
:10EAB00000454B4662A26421C4200294F7F792FFFE
:10EAC000CDE9005497ED470A0023424678214620BD
:10EAD000F7F766FFCDE900454B465AA27821C420DE
:10EAE0000294F7F77FFF0A2005F03AFCA2E6202007
:10EAF000CDE90040434654A205210A200294F7F7CD
:10EB000071FF0A224F4687233C211046CDF8009022
:10EB1000F7F785FCE62287233C2110460097F7F79C
:10EB20007EFCCDE9004B5D463B4649A23C211420CA
:10EB30000294F7F757FFCDE900453B4647A2502125
:10EB400014200294F7F74EFFCDE900453B4646A25C
:10EB5000642114200294F7F745FFCDE900453B46B8
:10EB600044A2782114200294F7F73CFFCDE9005429
:10EB7000DAF800005746002390ED370A42463C2160
:10EB80006420F7F70DFFCDE90054386800234246B2
:10EB900090ED350A50216420F7F702FFCDE90054CB
:10EBA00038686421002390ED380A42460846F7F79A
:10EBB000F7FECDE9005438680023424690ED390A4B
:10EBC00078216420F7F7ECFE8DE72DA24CE60000DB
:10EBD00070730020000000205B2052554E205D0025
:10EBE000566275733A000000560000004962757362
:10EBF0003A00000041000000546D6F733A000000BD
:10EC000000000000430000004D6F6465203A0000E2
:10EC100049642E20203A000049712E20203A00003D
:10EC200044757479203A00004572706D203A0000F6
:10EC30005B447574795D00002D3E00000000C84201
:10EC400025000000722F73005B4D4F544F525D0042
:10EC500052202020202020203A0000004C2020209C
:10EC6000202020203A0000006C696E6B61676520EF
:10EC70003A00000067616D616D6120203A0000007C
:10EC80005B52454144595D002DE9F041040006D036
:10EC9000184E306884420AD10020BDE8F08150202F
:10ECA00080F31188BFF34F8FBFF36F8FFEE709F03A
:10ECB00073F86569776BB66B09F08EF8BD4201D0C9
:10ECC000B54201D10220E8E70B48854208D1A06A8D
:10ECD0000028F7D194F858000128F3D00320DCE78E
:10ECE00005481438854202D00DB10120D5E7042033
:10ECF000D3E70000E0030020C0CA002070B504463E
:10ED00002DED028B86B0C06B07F050F810EE100AA4
:10ED1000B0EE408AF7EE008AB0F17E5F01DDB0EE22
:10ED2000688A07F085F8E0634FF40340ADF80C0003
:10ED30004FF404403A4EADF8100000220421304652
:10ED4000F4F779FB0A25012301AA03A935480095A8
:10ED5000F6F71DF8012204213046F4F76CFB00227F
:10ED600004213046F4F767FB012302AA04A92D48C9
:10ED70000095F6F70CF8012204213046F4F75BFB0E
:10ED8000BDF80800BDF8041040EA012080B280EA16
:10ED9000102181EA111181EA910181EA5101C943EF
:10EDA000A063C90730D081070ED5E06A401CE0623D
:10EDB00094ED0A0A70EE680A08EE600A84ED0A0A09
:10EDC00006B0BDEC028B70BD800800EE100ADFEDCE
:10EDD000160AB8EE400A20EE200ADFED140A20EEF3
:10EDE000200A84ED0C0A94ED090AF0EE400A48EE80
:10EDF000400AC4ED090A94ED0A0AF0EE400A48EE12
:10EE0000400AC4ED0A0ADBE7606B401C606394EDC6
:10EE1000090A70EE680A08EE600A84ED090ACFE775
:10EE2000000C0048585600200000B4430000803811
:10EE300070B5044690F88E000D46022824D194F84F
:10EE40003001012820D104F01FFA00281CD094F8CA
:10EE5000540207280FD00C2816D10C48C06800288F
:10EE600012D0804700280FD0002229461C20BDE880
:10EE7000704001F057B906480649806A884203DDB0
:10EE8000002229461920F2E770BD0000F802002098
:10EE900018840020CDCC4C3D0149002048707047BB
:10EEA000F802002004484078072801D0012070476C
:10EEB000024890F82C007047F80200201003002050
:10EEC00070B50E4C014600256278284602B160708C
:10EED00091F854120226072902D00C2907D105E027
:10EEE0006670032006F072FF012501E00A206070C1
:10EEF0006670032006F06AFF284670BDF802002005
:10EF00000148407870470000F80200200948417825
:10EF1000022904D00A2906D09FED070A7047074846
:10EF200090ED0C0A7047816801B1084790ED010A25
:10EF300070470000F8020020000000001884002044
:10EF4000FFF7E4BF90F8541201291DD004291AD10B
:10EF5000D0ED900AB7EE000A0E4980EE201A81ED3E
:10EF6000011AD0ED8F0AC1ED030AD0ED920A80EEAE
:10EF7000201A81ED021A90ED910A81ED040A90EDBC
:10EF8000930A81ED050A7047D0F8380202490860FB
:10EF90007047000058840020100300202DED028BE4
:10EFA00096B0DFF840914FF0FF3A52460021012021
:10EFB00005F048FB99F8001061F3070599F8011076
:10EFC000D9F8046061F30F25D9F80880454C99ED14
:10EFD000038A6834D9ED048A94F8CC02C5F3072774
:10EFE000B84204D1D4F82C02C4F83003DDE701F0B4
:10EFF00089F818B994F8CC0203285ED094F8CC02B2
:10F00000F0BB08F099FD3848006815903748006853
:10F010001490364814380068139008F099FD15F0E4
:10F02000FF0F01D0022000E001208DF800008DF8D4
:10F03000017001F0C5F98DED010A01F0D5F92948FB
:10F040008DED020A1430C088DFED290A00EE100AA7
:10F05000B8EE400A20EE200AF3EE000A20EE200A65
:10F060008DED030A94EDE30A8DED040A01F0AEF88C
:10F070008DED050A01F002F98DED060A002000E091
:10F080001BE001F069F90790D4F83803089015984F
:10F09000099014980A9013980B9004F06DFC0C9052
:10F0A00000F040FF8DED0D0ACDE90F688DED118A5E
:10F0B000CDED128A684606F0D9FCD4F82C02C4F8CB
:10F0C000300394F88E0020B1012802D0022806D126
:10F0D00002E004F023FD02E0E8B204F043FC84F80F
:10F0E000CC7262E78877002034340140402C014024
:10F0F0006740533A9FED122A90F8481121EE021A08
:10F10000B0EEC12A9FED0F1A21EE811A51B131EEF6
:10F11000811AB4EEC21AF1EE10FA0DD2002180F875
:10F120004811704731EEC11AB4EEC21AF1EE10FA6E
:10F13000F7DD012180F84811B0EE600A7047000049
:10F14000EBC91841CDCC4C3D31B504462DED020B39
:10F150002DED028BF0EE608A056802A895ED5E0A3F
:10F1600008F04DFD95ED5D0ADFED160A9DED021AE2
:10F1700004F52A7020EE208AF2EE040A20EE200A1E
:10F18000D4EDAA0A41EE000AC4EDAA0A94ED480A99
:10F19000B0EEC00A08F033FD94EDAA0ADDED020AD4
:10F1A00004F5297008EE200AD4EDA90A48EEC00A39
:10F1B000C4EDA90A08F02EFC012084F88402BDECFD
:10F1C000028B3EBD00007A4570B504462DED108BD4
:10F1D0000D46F0EE41CAF0EE40DAB0EE42AAB0EED3
:10F1E00061CAB0EE60DA106890F84A3190ED371AD3
:10F1F00090ED350A90ED388A90F85D11012B0DD015
:10F20000022B02D0032B38D11FE0022935D3D4EDD5
:10F21000021AC1EE880A20EE800A2EE0D2ED170A0B
:10F22000D0ED001A80EEA12AD0ED530AF0EE401A7C
:10F2300062EE200A40EE601AB0EE610AF0EE481A63
:10F2400048EE601AB0EE618A17E0022905D3D4EDCA
:10F25000021AC1EE880A20EE800AD2ED171A90ED4C
:10F26000002AC1EE820AD0ED531A60EEA10AF0EE38
:10F27000401A40EE601AB0EE610A90F850310BB1BE
:10F2800092EDF51AD2ED1F1AF64B90ED362AF0EEFC
:10F29000E12A12EE906AD2ED200AB6EE00FA9E4202
:10F2A00005DCF0EEE02A12EE906A9E420DDD61EE82
:10F2B000A11A02EE4F0A40EEA01A60EEA00A60EE1C
:10F2C000822AC2EEA10A30EE800AD2ED510A61EE26
:10F2D0002CBA21EE0CBA60EE2C9A20EE0C9A60EE5D
:10F2E0008FAADFEDE1FAB0EE04EADFEDE0EA04F127
:10F2F00008069FEDDF1ADFEDDF8AD4ED000A07294B
:10F300002CD2DFE801F0042C7E2CC1C1C10070EECC
:10F31000E92A94ED012A22EEA20A32EE491A01EE00
:10F32000010A18EE080AB5EEC00AF1EE10FA01DD86
:10F33000B0EE680A7DEEEB1A62EEAA2A21EE2A1AD6
:10F3400042EE801A7DEE4B2A41EE002A41EE8A0AF7
:10F3500002EE8A2AC4ED000A84ED012ACAE03DEEDD
:10F36000EB1AD4ED031A21EE0A1A7CEEE11A00EE34
:10F37000611A71EE200A3DEE4B1AC4ED000AD4ED7D
:10F38000041A21EE0A1A7CEE611A00EE611A94ED5D
:10F39000010A31EE000A84ED010A90F85D010328AC
:10F3A0000ED0B0EE480A204608F029FCB0EE480A1C
:10F3B000201D08F024FCF0EE689AB0EE699A99E0FE
:10F3C00060EEA00A2AEEAF1A304640EE000A94ED35
:10F3D000020A21EE001A50EE000A61EE600A00EE09
:10F3E0008A0A68EE0E0A84ED020A28EE2E0A08F058
:10F3F000D1FB94ED020A204608F001FC94ED020ACC
:10F40000D6E730EEE90A6AEE810A304660EE00FA8D
:10F4100094ED010A30EE490A40EE00FA94ED020A3A
:10F4200060EE800A50EE00FA60EEEF0A00EE8A0A03
:10F4300068EE0E0A84ED020A28EE2E0A08F0AAFBF6
:10F44000F5EEC0FAF1EE10FA01DDF0EE68FAD4ED57
:10F45000000AD4ED011A3DEEEB0A30EEE91A31EE66
:10F46000C92A21EE2A1A22EE2A2A01EE2F0A3DEE9F
:10F470004B1A02EE2F1A40EE0A0A41EE0A1AC4EDA8
:10F48000000AC4ED011A35E03DEEEB0A7DEE4B1AA1
:10F4900040EE0A0AC4ED000A94ED010A01EE8A0A60
:10F4A00084ED010A90F85D01052860D070EEE90A4C
:10F4B00030EE490A062860EEA00A40EE000AB0EEDF
:10F4C000600A22D0FBF774FCB4EEC80AF1EE10FA21
:10F4D00010DD94ED001AC1EE000A60EE880AC4ED5A
:10F4E000000AD4ED010A80EE801A21EE080A00BF5E
:10F4F00084ED010AC4ED03CA84ED04CA2068FAF75A
:10F500007AFF98B3B0EE680A74E0FBF751FCB0EEF6
:10F5100040BA2AEEAF1A94ED020A304660EE000AB5
:10F5200021EE0A1A60EE810A30EE4B1A00EEC10A93
:10F5300068EE0E0A84ED020A28EE2E0A08F02AFB75
:10F5400094ED020AB4EECB0AF1EE10FAD2D294EDA9
:10F55000001AC1EE0B0A60EE800AC4ED000AD4ED79
:10F56000010A80EE8B1A21EE000AC1E740E070EE3E
:10F57000E90A30EE490A2AEE811A304660EEA00A06
:10F5800040EE000A94ED020A21EE001A50EE000A45
:10F5900061EE600A00EE8A0A68EE0E0A84ED020A45
:10F5A00028EE2E0A08F0F6FA94ED000AD4ED010ACE
:10F5B00030EE690A70EEC90A20EE000A00EEA00AD9
:10F5C000FBF7F6FBD4ED020AF4EEC00AF1EE10FAF6
:10F5D00090D2D4ED001A81EE801A21EE201A84ED2B
:10F5E000001A94ED011AC1EE001A21EEA00A7FE77D
:10F5F00094ED000A84ED000A6068FAF7FCFE08B991
:10F60000D4ED018AC4ED018A94ED000A20EE000ACF
:10F6100008EEA80AFBF7CCFB68EE0F0AF4EEC00A6E
:10F62000F1EE10FA0DDDD4ED000A9FED130A60EE45
:10F63000800AC4ED000AD4ED010A20EE800A84EDB0
:10F64000010A002D0BD094ED000A70EE690A94EDCA
:10F65000010A30EE490A07F0CBFE85ED000ABDEC49
:10F66000108B70BDCDCCCC3DCDCCCC3D9A99993E84
:10F67000CDCC4C3E00000000CDCC8C3F70B5054693
:10F680002DED048B82B016460C46F0EE608AB0EE8B
:10F69000409A0068FAF7AFFE9FED1B8A10B1F0EEBA
:10F6A000480A01E0D5ED000A6846C5ED000A39EECA
:10F6B000600A8DED000A08F0ADF92068FAF79BFEAC
:10F6C00008B994ED008A284684ED008A96ED3C0A3C
:10F6D000DDED000A00EE208A95ED000A08EE280A0A
:10F6E00085ED000A08F096F9D6ED3D0A9DED001A69
:10F6F00094ED000A60EE810A00EEA80A84ED000A8B
:10F7000002B0BDEC048B70BD000000000168B6EED5
:10F71000000A91ED351AD1ED360A00EE801A80ED1F
:10F72000F71AD1ED350AD1ED361A41EEC00AF7EEDF
:10F73000001A81EE812AC0EDF80AC1EEA02A72EE0D
:10F74000621AC0EDF91AC0EE011A80EE201ADFED40
:10F750000A0A31EE810A20EE200ADFED080A80ED68
:10F76000FA0A91ED380A80ED430A91ED750A80EEB0
:10F77000801A80EDFB1A70476666663F3ACD933F6C
:10F7800070B504462DED028BB0EE408A0568DFEDC2
:10F790002C0AD5ED888AB0EE680AFAF77BFE95ED63
:10F7A000702AB4EEC20AF1EE10FA38DC2079022891
:10F7B00035D1607902280AD0032808D0012806D064
:10F7C00094ED320AB4EEE80AF1EE10FA27DDD5ED39
:10F7D000710ADFED1C1A10EE900A1B49D4EDD12AF4
:10F7E000B0EE610A884210DA95ED191A60EE810ACE
:10F7F000F4EEE20AF1EE10FA07D2B0EE620A08F077
:10F800009AF8F7EE000AC4ED330A2068D0ED720AC8
:10F81000F4EEC80AF1EE10FA04D284ED320ABDEC1F
:10F82000028B70BD88EE201AD0ED700A04F1C8007A
:10F83000BDEC028BBDE8704061EE200A08F05FB9B4
:10F840006F12833A00000000A4707D3F70B5064639
:10F850002DED0A8BB0EE40BA82B00C4648790D68A7
:10F8600091ED50AA91ED370A9FED6C8A04280DD0D6
:10F8700084EDE28A84EDE38A84EDE5AA84EDE78AEB
:10F8800081EDE88A02B0BDEC0A8B70BDF0EE4A0A49
:10F8900007F076FDF7EE00BA95F85402F0EE6BAA89
:10F8A00020B195F8CC0008B1FFEE00AA5C4960EEEB
:10F8B0002A8A95ED850AD5ED7F1A10EE100A95ED8E
:10F8C000801AD5ED810AD5ED829A884214DDD5EDF6
:10F8D000842A80EE222AF0EEE82AF4EEC22AF1EE23
:10F8E00010FA09D282EE820A61EE801A21EE001A25
:10F8F00060EE800A69EE809A94EDE20A21EE0B1A1E
:10F9000028EEA1CA08EE810A84EDE20A94EDE40A29
:10F9100030EE0B1A84EDE41A94EDE30AB4EE680AB3
:10F92000F1EE10FA02D1B0EE480A07E0C0EE811AFB
:10F9300038EEC00A84EDE48A21EE800A94EDE79A5D
:10F94000D5ED830A39EE400A00EEC09A84EDE79ABD
:10F9500094EDE60A30EE0B0A84EDE60AD4EDE50AF2
:10F96000F4EE4A0AF1EE10FA02D1B0EE480A0FE0C6
:10F97000B0EE4A0A07F004FDD4EDE60AB1EE400A03
:10F9800084EDE68A89EEA01A20EE2A0A20EE010A0A
:10F99000D4EDE89AD5ED830A01A839EEC00A40EE0D
:10F9A000C09AB7EE000AC4EDE89A8DED01CA08F0DE
:10F9B00026F99DED010A04F56270B0EEC00A3BEE37
:10F9C000C00A08F01CF9C4EDE38A84EDE5AA94EDC1
:10F9D000E20AF7EE000A684630EE0C0A30EE090A39
:10F9E00030EE290A8DED000ABFEE000A08F0D2F8C9
:10F9F00095F8540200B126B195ED000ADDED000A3C
:10FA000003E095ED000ADFED070A20EE200AD5EDB0
:10FA10001C0A20EE200A84ED310A33E700000000C2
:10FA2000CDCCCC3DCDCCCC3EF0B506462DED068BF5
:10FA300081B00C46F0EE409A48799FED648A0D68DB
:10FA4000012809D084EDE98A84EDEA8A81EDEB8A08
:10FA500001B0BDEC068BF0BD95ED7D0AB5EEC00A98
:10FA6000F1EE10FA15DD60EE290A04F1E00094EDE4
:10FA7000390A074608F043F826B995ED420A384698
:10FA800008F0BDF8D5ED080A95ED070A384608F0EC
:10FA900081F895F8F801F0EE488A9FED4D0A20B103
:10FAA000012805D0022807D11AE0D4ED470A01E069
:10FAB000D4ED480A60EE808A94ED380AD5ED7B0AD1
:10FAC00030EE689AB0EEC00AB4EEE00AF1EE10FA39
:10FAD00009D284EDE98A84EDEA9A84ED318AB7E7A8
:10FAE000D4ED4A0AE6E795ED791A9FED3AAAD5EDED
:10FAF0007A1AC1EE290A94EDEA1A95ED770A68465A
:10FB000039EE411A20EE090A20EE0A0A60EE810A57
:10FB100020EE8A1AD4EDEB0A30EEC11A41EEC10A8A
:10FB2000C4EDEB0A84EDEA9A94EDE91A31EE000A8D
:10FB300030EE200A8DED000AB7EE000A08F05FF8FB
:10FB4000D5ED780A94EDE90A04F5697060EE890A4A
:10FB500060EEA90A00EE8A0A84EDE90AB6EE000A10
:10FB600008F04DF81C49D5F8E001884201DA84ED2F
:10FB7000E98A95F8F001D8B918EE900A1749884239
:10FB800008DD9DED000AB5EEC00AF1EE10FA01D2D3
:10FB90008DED008A18EE900A1149884208D99DED32
:10FBA000000AB5EEC00AF1EE10FA01DD8DED008A13
:10FBB00095ED1F0ADDED000A20EE200AD5ED1C0AA6
:10FBC00020EE200A84ED310A42E700000000000028
:10FBD000EBC91841CDCC4C3D5F7089300000A0418D
:10FBE0000000A0C12DE9FE431D4616468846DFED04
:10FBF0008F1AF0EE402A40EEE12A60EEA13A9FED26
:10FC00008C2AB1EE403AF0EE404A20EE824AB0EE45
:10FC1000402A00EEE13A00EEA12A50EEA14AF5EEAC
:10FC2000C00ADDF82890F1EE10FA68DBDFED811AEA
:10FC3000B5EEC00A60EEA10AF1EE10FA20DBF4EE98
:10FC4000C03AF1EE10FA3CDC00EE100A0124B8EEE6
:10FC5000400A22EE800ABDEEC00A10EE101A00EE35
:10FC6000100A4318B8EE400A20EE800ABDEEC00A22
:10FC700010EE102A13445B08591ACDE900313BE01D
:10FC8000B4EEC04AF1EE10FA1BDD00EE100A0324B8
:10FC9000B8EE400A20EE800ABDEEC00A10EE101A3F
:10FCA00000EE100A4318B8EE400A23EE000ABDEE3B
:10FCB000C00A10EE102A13445B08591ACDE901312D
:10FCC00068E000EE100A0224B8EE400A22EE000AB4
:10FCD000BDEEC00A10EE102A00EE100A8318B8EE2E
:10FCE000400A24EE800ABDEEC00A10EE101A0B4442
:10FCF0005B08591ACDE90013891A02916AE0DFED19
:10FD00004E1AB5EEC00A60EEA10AF1EE10FA21DB40
:10FD1000B4EEC04AF1EE10FA3FDC00EE100A062401
:10FD2000B8EE400A20EE800ABDEEC00A10EE102A9E
:10FD300000EE100A8318B8EE400A22EE000ABDEE6B
:10FD4000C00A10EE101A0B445B08591A0291009376
:10FD5000891A3EE0F4EEC03AF1EE10FA1DDD00EE35
:10FD6000100A0424B8EE400A24EE800ABDEEC00A50
:10FD700010EE102A00EE100A8318B8EE400A20EEAA
:10FD8000800ABDEEC00A10EE101A0B445B08591A27
:10FD9000CDE90113891A00911CE000EE100A052438
:10FDA000B8EE400A23EE000ABDEEC00A10EE102A9B
:10FDB00000EE100A8318B8EE400A22EE800ABDEE6B
:10FDC000C00A10EE101A0B445B089A1A511A0293DB
:10FDD00000920191B7EE000A002170EE410AB6EEE2
:10FDE000001A00EEC10A00EE900A6846F8EE600ABA
:10FDF00020EE200ABDEEC00A10EE107A3A4607F057
:10FE00000FFF3A46002101A807F00AFF3A460021F9
:10FE100002A807F005FF0099C8F8001001983060AB
:10FE200002982860C9F80040BDE8FE833ACD133F30
:10FE30003ACD13BF3ACD933F3ACD93BF10B588B0BA
:10FE400004461C216846F0F7BCFA00214020CDE9A9
:10FE500000018000CDE90410400006902E48029178
:10FE600003910A468442694627D12C48F5F746FD9E
:10FE700000212A48F5F77AFD00212848F5F778F99E
:10FE8000042269462548F5F739FD04212348F5F792
:10FE90006DFD04212148F5F76BF9082269461F48DA
:10FEA000F5F72CFD08211D48F5F760FD08211B48DA
:10FEB000F5F75EF92021194826E01948F5F71EFDEF
:10FEC00000211748F5F752FD00211548F5F750F9C4
:10FED000042269461248F5F711FD04211048F5F790
:10FEE00045FD04210E48F5F743F9082269460C4800
:10FEF000F5F704FD08210A48F5F738FD0821084800
:10FF0000F5F736F920210648F5F7C8FB022084F8FA
:10FF1000D80008B010BD0000707300206C5700209E
:10FF20002057002010B5354C2DED088B208ADFEDD1
:10FF3000349A00EE100A9FED339AF8EE400A89EEEB
:10FF4000A00A70EE490A80EE890AFAF749FB9FED94
:10FF50002EAADFED2EAAB7EE00BAC0EE0A0ADFED38
:10FF60002CBAE08B70EEAA0A8BEE200A70EE6B8A38
:10FF700000EE100AF8EE400A89EEA00A70EE490A77
:10FF800080EE890AFAF72CFBC0EE0A0A208C70EE8C
:10FF9000AA0A8BEE200A30EE6B8A00EE100AB8EE49
:10FFA000400AC9EE800A70EEC90A80EE890AFAF7A3
:10FFB00017FBC0EE0A0AF4EEC88A30EEAA0ACBEEAE
:10FFC000000A30EEEB0AF1EE10FA09DDF4EEC08A19
:10FFD000F1EE10FA04DDB0EE680ABDEC088B10BD3E
:10FFE000B4EEE88AF1EE10FAF7DDB4EEC08AF1EE75
:10FFF00010FAF2DDB0EE480AEFE700009C7700202F
:020000040801F1
:100000003C361C4C00401C46004053450FCF5B3B28
:100010003393884310B504467821F0F7D2F90020D5
:100020002070014609489FED0A0ADFED0A0A2023E5
:1000300004EB81025060536182ED090AC2ED0D0AA2
:10004000491C82ED110A0429F2DB10BD3498010825
:100050000000000000007A44F3F700FAF7F78BFF86
:10006000F6F7B4FEF6F756FEF6F744FDF6F790FF06
:10007000F7F71CF8F7F774F8F6F7CEFDF6F738FF48
:10008000F6F75EFF05F042FD7F210F48F1F7FCFF18
:100090007F210E48F1F7F8FF06220D490A48F2F7D2
:1000A000EDF80C4801680A6822F004020A60006852
:1000B000016821F00801016004F082F9F6F758FEAA
:1000C00004F0A6F9FEE70000205500208C55002022
:1000D0009C770020F855002070B5040002D101B1D2
:1000E00070BD074CB4F8C8520020A4F8C8024FF401
:1000F00033712046FEF772FBA4F8C85270BD0000B1
:10010000F07700200649002091F88E1029B10129CE
:1001100003D0022903D103F0B1B803F0BFBC70478C
:10012000F0770020074A10B55070117004F05AF9AA
:1001300005480121C06B04F04BFABDE8104004F003
:1001400083B9000088770020DC01002007489FED7C
:10015000060A90F88E00002805D0012803D0022856
:1001600001D102F0F3BE704700000000F0770020DC
:1001700000487047F077002010B512482DED028B33
:1001800090F88412F0EE080A00EE101A9FED0E1A95
:10019000B8EE400A20EE200AD0EDA20A20EE200A96
:1001A000D0EDA30A002060EE810A80EE808A00F084
:1001B000BFF800EE100AB8EEC00A20EE080ABDEC47
:1001C000028B10BDF0770020DB0F494010B5154CB5
:1001D0009FED130A2DED028B94F88E0020B10128BB
:1001E00002D0022805D102E003F0CCFB01E002F0CE
:1001F000CDFE94F8550210B19FED0B8B01E09FED01
:100200000C8B10EE100AF0F7C5FA53EC182BF0F730
:100210009AF9F0F7D2FABDEC028B00EE100A10BD8D
:1002200000000000F0770020000000000000F0BF98
:10023000000000000000F03F014890F8CC02704739
:10024000F0770020014890EDE70A7047F077002032
:1002500008489FED070A90F88E0028B1012803D0C6
:10026000022803D102F0A4BE03F092BB7047000045
:1002700000000000F07700200120704710B5154CF9
:100280009FED130A2DED028B94F88E0020B101280A
:1002900002D0022805D102E003F080FB01E002F069
:1002A000C9FE94F8550210B19FED0B8B01E09FED54
:1002B0000C8B10EE100AF0F76DFA53EC182BF0F7D8
:1002C00042F9F0F77AFABDEC028B00EE100A10BD8D
:1002D00000000000F0770020000000000000F0BFE8
:1002E000000000000000F03F08489FED070A90F86A
:1002F0008E0028B1012803D0022803D102F0BEBE2F
:1003000003F06CBB7047000000000000F077002095
:100310000649002091F88E1029B1012903D0022945
:1003200003D102F0BBBE03F053BB7047F07700204F
:10033000084A0146002092F88E2032B1012A04D0EA
:10034000022A05D1084602F0B5BE084603F04CBBB0
:1003500070470000F077002010B5144C01462DEDD9
:10036000028B002094F88E2022B1012A02D0022AAA
:1003700007D103E0084603F041FB02E0084602F023
:10038000A5FE94F8551211B19FED098B01E09FED88
:100390000A8BF0F7B9F953EC182BF0F7D4F8BDEC51
:1003A000028BBDE81040F0F7D6B90000F0770020CE
:1003B000000000000000F0BF000000000000F03F5F
:1003C00008489FED070A90F88E0028B1012803D055
:1003D000022803D102F086BE03F01ABB704700006A
:1003E00000000000F077002008489FED070A90F811
:1003F0008E0028B1012803D0022803D102F08ABE62
:1004000003F00CBB7047000000000000F0770020F4
:1004100010B54FF470712748EFF7D3FF002125483E
:10042000FCF73AFF254C9FED240A4FF47A7084EDD7
:100430000C0AE061012020620020A0622070E062CE
:100440006070A0706062E07001F0D6FA1C4A002172
:100450001C4804F043F91A4A6063243200211A4808
:1004600004F03CF9164AA06348320021174804F012
:1004700035F9134AE0636C320021154804F02EF977
:1004800020640C48FEF71CFD0A4890F88E0020B14D
:10049000012802D0022808D103E0064803F0D2FA6E
:1004A00003E00449084602F08FFEBDE81040094809
:1004B000FBF730B9F077002000000000DC010020DD
:1004C000649701081D5E0108E15401089DEF0008D2
:1004D00035590108907A00200248012180F83C1328
:1004E00070470000F07700200248012180F83D139A
:1004F00070470000F07700202DE9F05FF84C83464C
:100500002DED088BA4F15409B9F8060000EE100A8D
:10051000B8EE400ADFEDF30A20EE200AF3EE000AFF
:1005200060EE208A94EDE70A70EE680A9FEDEE1AFD
:1005300000EEC10A84EDE70ADFEDECAA94ED0C1A97
:10054000EC4DB7EE008AB4EEE81AD5ED030AE8499F
:10055000F1EE10FA4FF07E564FF0000802DD31EE5A
:10056000680A08E094ED0D0AB4EEE80AF1EE10FA1C
:1005700025D238EEC00A10EE100A88421FDD30EE98
:10058000800A85ED030AD4ED0D0ADFEDDB1A20EEBB
:10059000A19AB4EEC90AF1EE10FA1BDDB4EEE81A26
:1005A000F1EE10FA01DD022000E00120012259469F
:1005B000FFF7B8FDB0EE000A29EE000A05E010EEE4
:1005C000900AB04204DD30EEC80A85ED030A01E06E
:1005D000C5ED03AA94F88E0002287DD003F0F8F947
:1005E000074603F015FAB0EE40BA03F017FAB0EE82
:1005F00040AA03F019FAF0EE409A03F009FAF0EE7F
:1006000040BAB0EE4A9A00BF94EDEA0AD4ED050A6A
:10061000022F30EE691A00EEC10A84EDEA0A7AD0A0
:10062000C4F83883686800B1804794EDD00A30EE92
:100630000A0A84EDD00A94EDD10A30EE290A84ED3D
:10064000D10A94EDD20A30EE080A84EDD20A94ED74
:10065000D30A30EE080A84EDD30A02F09DFCD4EDF3
:10066000D40A30EE200A84EDD40A02F09BFCD4EDCB
:10067000D50A30EE200A84EDD50A94EDD60A30EE84
:10068000080A84EDD60A94EDD70A30EE080A84ED04
:10069000D70A02F08DFDD4EDD80A30EE200A84EDA1
:1006A000D80A02F08BFDD4EDD90A30EE200A84ED91
:1006B000D90A94EDDA0A30EE080A84EDDA0A94EDEC
:1006C000DB0A30EE080A84EDDB0A94F8480040B3F8
:1006D000B0EEC90A27E0FFE7584602F0E5FC0746FE
:1006E000584602F04DFDB0EE40BA584602F02AFDE1
:1006F000B0EE40AA584602F03DFDF0EE409A584652
:1007000002F01EFCF0EE40BA584602F013FCB0EEC8
:10071000409A79E7FFE7D4F83803401CC4F838035F
:1007200080E7B0EEEB0AD4ED060AB4EEE00AF1EE93
:1007300010FA04DD012259460420FFF7F3FC94ED82
:10074000E60A88EE009AB0EECA0A10EE100AB0422D
:1007500032DD95ED040A694909EE890A85ED040A3E
:10076000D5ED050A70EE890A10EE900AC5ED050A6E
:10077000884221DBB5EEC00AF1EE10FA0CDDD4EDB3
:10078000DC0A70EE800AC4EDDC0AD4EDDE0A40EE2D
:10079000280AC4EDDE0A0BE0D4EDDD0A70EEC00AD3
:1007A000C4EDDD0AD4EDDF0A40EE680AC4EDDF0ACD
:1007B000C5ED05AAC5ED04AAE978002659457DD105
:1007C0006978701E072979D2DFE801F078041427D0
:1007D00043274300A86AE96988425DD185F8018012
:1007E0000120A8700146A86BBDEC088BBDE8F05F46
:1007F00003F0EEBE022F02D0A86A002800DD012619
:10080000A86AE969884245D16878A87085F80180AE
:100810000121A86B03F0DCFE3CE0E96A0126002917
:1008200005DBE86AE969401A01D500F57A70A96A22
:1008300081420BD16878A87068780026032803D11C
:100840000121A86B03F0C4FE85F80180022F1CD0A3
:1008500020E0E96A0126002905DBE86AE969401A17
:1008600001D500F57A70A96A81420BD16878A87029
:1008700068780026042803D10121A86B03F0A8FEA4
:1008800085F8018094F8CC0220B1E86A002801DAEA
:10089000A86AE862002E11D0A869401CA861296AE4
:1008A00088420BDB0020A861A86AB0F57A7F01DBE3
:1008B0000020A86294F88E00114E00E069E1022841
:1008C00004D01048006804B2002057E00321BBF1B7
:1008D000000F484618D0428983891A4417E0000067
:1008E000F07700206740533A0AD7A33C000000008D
:1008F0006F12833ADC010020CDCC4C3D0AD7233C5B
:100900009C4E0020F4020020438982891A44C08949
:100910001044B0FBF1F004B202F050FB9FED9F8A4F
:10092000C0EE080ADFED9E8AA96A20EEA80ABCEE96
:10093000C00A10EE100A705402F068FBC0EE080AFC
:10094000A96A20EEA80ABCEEC00A10EE100A705484
:1009500002F048FBF0EE409A02F058FBF0EE690A14
:1009600006F00EFDDFED8F0A30EE200AC0EE080A19
:1009700020EEA80ABCEEC00A10EE100AA96A705454
:10098000894E06F5FA6806F57A6A9FED888A012F86
:100990001CD087492A78A1F11800BBF1000F77D04D
:1009A000F2B391ED030AAA6ABDEEC00A10EE100A76
:1009B00026F8120091ED040AAA6ABDEEC00A10EEF4
:1009C000100A28F8120091ED050A91E002F0D4FF18
:1009D000784901EB8000A96A10ED010A20EE080AAF
:1009E000BDEEC00A10EE100A26F8110002F0C4FF96
:1009F000714901EB8000A96A10ED010A20EE080A96
:100A0000BDEEC00A10EE100A28F81100AA6A0021F3
:100A10002AF81210694890ED000ABDEEC00A00E005
:100A20001CE010EE101A664AAB6A22F8131090ED23
:100A3000010AAB6A02F5FA62BDEEC00A10EE101AA6
:100A400022F8131090ED020A02F5FA61AA6ABDEECF
:100A5000C00A10EE100A21F8120067E090ED030AB8
:100A6000AA6A20EE080ABDEEC00A10EE101A26F897
:100A7000121090ED040AAA6A20EE080ABDEEC00A20
:100A800010EE101A28F8121090ED050A2EE0FFE77C
:100A9000A2B191ED000AAA6ABDEEC00A10EE100ADA
:100AA00026F8120091ED010AAA6ABDEEC00A10EE06
:100AB000100A28F8120091ED020A19E090ED000AE0
:100AC000AA6A20EE080ABDEEC00A10EE101A26F837
:100AD000121090ED010AAA6A20EE080ABDEEC00AC3
:100AE00010EE101A28F8121090ED020A20EE080AF3
:100AF000AA6ABDEEC00A10EE100A2AF81200B9F870
:100B00000A102F4AAB6A091B22F81310B9F80C100F
:100B1000AB6A091B02F5FA6222F81310B9F80E004D
:100B2000011B02F5FA60AA6A20F812102548A96A8A
:100B300020F811402BEE080A2349AA6ABDEEC00A2C
:100B400010EE100A21F812009FED200A286AC0EE6C
:100B5000090A00EE100AAA6A01F5FA61B8EEC00AA5
:100B600080EE801ABDEEC10A10EE100A21F81200C4
:100B700002F002FF044602F097FF1549AA6A44EA10
:100B8000C0008854A86A401CA862FFF761FB85ED8D
:100B90000C0ABDEC088BBDE8F09F00000000B443D8
:100BA00000007A4300003443640400208B2E784414
:100BB000D8770020D083002000840020E883002024
:100BC000D41B002044330020FC3E0020CDCCCC3D83
:100BD000143B002010B500F029FF00280FD1084871
:100BE00090F88E0038B1012805D0022807D1BDE861
:100BF000104002F0E1BDBDE8104002F065BF10BD3D
:100C0000F07700207047000070B5FF4C054694F85F
:100C1000540295F85412884205D0FEF73DF9284653
:100C2000FEF74EF902E02846FEF78CF994F88E00A4
:100C300095F88E1088427CD000F070FF02F070F9B9
:100C400095ED000A84ED000A95ED010A84ED010A94
:100C500095ED020A84ED020A95ED030A84ED030A7C
:100C600095ED040A84ED040A95ED050A84ED050A64
:100C700095ED060A84ED060A95ED070A84ED070A4C
:100C800095ED080A84ED080A95ED090A84ED090A34
:100C900095ED0A0A84ED0A0A95ED0B0A84ED0B0A1C
:100CA00095ED0C0A84ED0C0A95ED0D0A84ED0D0A04
:100CB00095ED0E0A84ED0E0A95ED0F0A84ED0F0AEC
:100CC00095ED100A84ED100A95ED110A84ED110AD4
:100CD00095F8480084F8480095ED130A84ED130A4E
:100CE00095ED140A84ED140A95ED150A84ED150AA4
:100CF00095ED160A84ED160A95ED170A84ED170A8C
:100D000095ED180A84ED180A95ED190A84ED190A73
:100D100095ED1A0A84ED1A0A95ED1B0A84ED1B0A5B
:100D200095ED1C0A84ED1C0A95ED1D0A84ED1D0A43
:100D300000E0D0E295ED1E0A84ED1E0A95ED1F0A33
:100D400084ED1F0A95ED200A84ED200A95ED210A15
:100D500084ED210A95ED220A84ED220A95F88C0093
:100D600084F88C0095F88D0084F88D0095F88E003D
:100D700084F88E0095F88F0084F88F0095ED240A92
:100D800084ED240A95ED250A84ED250A95ED260AC1
:100D900084ED260A95ED270A84ED270A95ED280AA9
:100DA00084ED280A95ED290A84ED290A95ED2A0A91
:100DB00084ED2A0A95F8AC0084F8AC0095F8AD00F3
:100DC00084F8AD0095F8AE0084F8AE0095F8AF0059
:100DD00084F8AF0095F8B00084F8B00095F8B10041
:100DE00084F8B10095F8B20084F8B20095F8B30029
:100DF00084F8B30095ED2D0A84ED2D0A95ED2E0AA9
:100E000084ED2E0A95ED2F0A84ED2F0A95ED300A18
:100E100084ED300A95ED310A84ED310A95ED320A00
:100E200084ED320A95F8CC0084F8CC0095ED340AB4
:100E300084ED340A95ED350A84ED350A95ED360AD0
:100E400084ED360A95ED370A84ED370A95ED380AB8
:100E500084ED380A95ED390A84ED390A95ED3A0AA0
:100E600084ED3A0A95ED3B0A84ED3B0A95ED3C0A88
:100E700084ED3C0A95ED3D0A84ED3D0A95ED3E0A70
:100E800084ED3E0A95ED3F0A84ED3F0A95ED400A58
:100E900084ED400A95ED410A84ED410A95ED420A40
:100EA00084ED420A95ED430A84ED430A95ED440A28
:100EB00084ED440A95ED450A84ED450A95ED460A10
:100EC00084ED460A95ED470A84ED470A95ED480AF8
:100ED00084ED480A95ED490A84ED490A95ED4A0AE0
:100EE00084ED4A0A95ED4B0A84ED4B0A95F83001E2
:100EF00084F8300195F8310184F8310195F8320118
:100F000084F8320195F8330184F8330195F83401FF
:100F100084F8340195F8350184F8350195F83601E7
:100F200084F8360195F8370184F8370195F83801CF
:100F300084F8380195ED4F0A84ED4F0A95ED500A7B
:100F400084ED500A95ED510A84ED510A95F8480157
:100F500084F8480195F8490184F8490195F84A0157
:100F600084F84A0195ED530A84ED530A95F850012F
:100F700084F8500195ED550A84ED550A95ED560A11
:100F800084ED560A95F85C0184F85C0195F85D01E2
:100F900084F85D0195F85E0184F85E0195ED580ACC
:100FA00084ED580A95F8640184F8640195ED5A0AB5
:100FB00084ED5A0A95ED5B0A84ED5B0A95ED5C0AB7
:100FC00084ED5C0A95ED5D0A84ED5D0A95ED5E0A9F
:100FD00084ED5E0A95ED5F0A84ED5F0A95ED600A87
:100FE00084ED600AB5F88401A4F8840195ED620AE5
:100FF00084ED620A95F88C0184F88C0195F88D01D6
:1010000084F88D0102E00000F077002095ED640A7D
:1010100084ED640A95ED650A84ED650A95ED660A2E
:1010200084ED660A95ED670A84ED670A95ED680A16
:1010300084ED680A95ED690A84ED690A95ED6A0AFE
:1010400084ED6A0A95ED6B0A84ED6B0A95ED6C0AE6
:1010500084ED6C0A95F8B40184F8B40195F8B501F3
:1010600084F8B50195ED6E0A84ED6E0A95F8BC0121
:1010700084F8BC0195ED700A84ED700A95ED710A53
:1010800084ED710A95ED720A84ED720A95ED730A8A
:1010900084ED730A95F8D00184F8D00195F8D10158
:1010A00084F8D10195ED750A84ED750A95F8D8019B
:1010B00084F8D80195ED770A84ED770A95ED780AE2
:1010C00084ED780A95ED790A84ED790A95ED7A0A2E
:1010D00084ED7A0A95ED7B0A84ED7B0A95F8F001A0
:1010E00084F8F00195ED7D0A84ED7D0A95F8F8010C
:1010F00084F8F80195ED7F0A84ED7F0A95ED800A6A
:1011000084ED800A95ED810A84ED810A95ED820ACD
:1011100084ED820A95ED830A84ED830A95ED840AB5
:1011200084ED840A95ED850A84ED850A95ED860A9D
:1011300084ED860A95ED870A84ED870A95ED880A85
:1011400084ED880A95ED890A84ED890A95ED8A0A6D
:1011500084ED8A0AD5F82C02C4F82C0295ED8C0A8D
:1011600084ED8C0A95ED8D0A84ED8D0AD5F8380250
:10117000C4F8380295ED8F0A84ED8F0A95ED900A38
:1011800084ED900A95ED910A84ED910A95ED920A0D
:1011900084ED920A95ED930A84ED930A95ED940AF5
:1011A00084ED940A95F8540284F8540295F8550297
:1011B00084F8550295F8560284F85602D5F858027C
:1011C000C4F8580295ED970A84ED970A95ED980AB0
:1011D00084ED980A95ED990A84ED990A95ED9A0A9D
:1011E00084ED9A0A95F86C0284F86C0295F86D0209
:1011F00084F86D0295ED9C0A84ED9C0AD5F8740282
:10120000C4F87402D5F87802C4F8780295ED9F0A04
:1012100084ED9F0A95EDA00A84EDA00A95F884025A
:1012200084F8840295EDA20A84EDA20A95EDA30A42
:1012300084EDA30A95F8900284F89002D5F8940200
:10124000C4F8940295EDA60A84EDA60A95EDA70AC6
:1012500084EDA70A95F8A00284F8A00295F8A102EF
:1012600084F8A10295EDA90A84EDA90A95EDAA0AD0
:1012700084EDAA0A95EDAB0A84EDAB0A95EDAC0AB4
:1012800084EDAC0A95EDAD0A84EDAD0A95EDAE0A9C
:1012900084EDAE0A95EDAF0A84EDAF0A95EDB00A84
:1012A00084EDB00A95F8C40284F8C402B5F8C80207
:1012B000A4F8C80294F88E0020B1012802D00228B8
:1012C00003D103E0204602F0BDFB3BE3FE490846A4
:1012D00001F07AFF36E395ED000A84ED000A95ED02
:1012E000010A84ED010A95ED020A84ED020A95EDEA
:1012F000030A84ED030A95ED040A84ED040A95EDD2
:10130000050A84ED050A95ED060A84ED060A95EDB9
:10131000070A84ED070A95ED080A84ED080A95EDA1
:10132000090A84ED090A95ED0A0A84ED0A0A95ED89
:101330000B0A84ED0B0A95ED0C0A84ED0C0A95ED71
:101340000D0A84ED0D0A95ED0E0A84ED0E0A95ED59
:101350000F0A84ED0F0A95ED100A84ED100A95ED41
:10136000110A84ED110A95F8480084F8480095EDBB
:10137000130A84ED130A95ED140A84ED140A95ED11
:10138000150A84ED150A95ED160A84ED160A95EDF9
:10139000170A84ED170A95ED180A84ED180A95EDE1
:1013A000190A84ED190A95ED1A0A84ED1A0A95EDC9
:1013B0001B0A84ED1B0A95ED1C0A84ED1C0A95EDB1
:1013C0001D0A84ED1D0A95ED1E0A84ED1E0A95ED99
:1013D0001F0A84ED1F0A95ED200A84ED200A95ED81
:1013E000210A84ED210A95ED220A84ED220A95F85E
:1013F0008C0084F88C0095F88D0084F88D0095F8A9
:101400008E0084F88E0095F88F0084F88F0095ED9B
:10141000240A84ED240A95ED250A84ED250A95ED2C
:10142000260A84ED260A95ED270A84ED270A95ED14
:10143000280A84ED280A95ED290A84ED290A95EDFC
:101440002A0A84ED2A0A95F8AC0084F8AC0095F8D5
:10145000AD0084F8AD0095F8AE0084F8AE0095F8C4
:10146000AF0084F8AF0095F8B00084F8B00095F8AC
:10147000B10084F8B10095F8B20084F8B20095F894
:10148000B30084F8B30095ED2D0A84ED2D0A95ED97
:101490002E0A84ED2E0A95ED2F0A84ED2F0A95ED84
:1014A000300A84ED300A95ED310A84ED310A95ED6C
:1014B000320A84ED320A95F8CC0084F8CC0095ED20
:1014C000340A84ED340A95ED350A84ED350A95ED3C
:1014D000360A84ED360A95ED370A84ED370A95ED24
:1014E000380A84ED380A95ED390A84ED390A95ED0C
:1014F0003A0A84ED3A0A95ED3B0A84ED3B0A95EDF4
:101500003C0A84ED3C0A95ED3D0A84ED3D0A95EDDB
:101510003E0A84ED3E0A95ED3F0A84ED3F0A95EDC3
:10152000400A84ED400A95ED410A84ED410A95EDAB
:10153000420A84ED420A95ED430A84ED430A95ED93
:10154000440A84ED440A95ED450A84ED450A95ED7B
:10155000460A84ED460A95ED470A84ED470A95ED63
:10156000480A84ED480A95ED490A84ED490A95ED4B
:101570004A0A84ED4A0A95ED4B0A84ED4B0A95F828
:10158000300184F8300195F8310184F8310195F883
:10159000320184F8320195F8330184F8330195F86B
:1015A000340184F8340195F8350184F8350195F853
:1015B000360184F8360195F8370184F8370195F83B
:1015C000380184F8380195ED4F0A84ED4F0A95ED06
:1015D000500A84ED500A95ED510A84ED510A95F8B0
:1015E000480184F8480195F8490184F8490195F8C3
:1015F0004A0184F84A0195ED530A84ED530A95F89F
:10160000500184F8500195ED550A84ED550A95ED89
:10161000560A84ED560A95F85C0184F85C0195F849
:101620005D0184F85D0195F85E0184F85E0195ED39
:10163000580A84ED580A95F8640184F8640195ED20
:101640005A0A84ED5A0A95ED5B0A84ED5B0A95ED22
:101650005C0A84ED5C0A95ED5D0A84ED5D0A95ED0A
:101660005E0A84ED5E0A95ED5F0A84ED5F0A95EDF2
:10167000600A84ED600AB5F88401A4F8840195ED50
:10168000620A84ED620A95F88C0184F88C0195F861
:101690008D0184F88D0195ED640A84ED640A95ED61
:1016A000650A84ED650A95ED660A84ED660A95ED96
:1016B000670A84ED670A95ED680A84ED680A95ED7E
:1016C000690A84ED690A01E0F077002095ED6A0A65
:1016D00084ED6A0A95ED6B0A84ED6B0A95ED6C0A50
:1016E00084ED6C0A95F8B40184F8B40195F8B5015D
:1016F00084F8B50195ED6E0A84ED6E0A95F8BC018B
:1017000084F8BC0195ED700A84ED700A95ED710ABC
:1017100084ED710A95ED720A84ED720A95ED730AF3
:1017200084ED730A95F8D00184F8D00195F8D101C1
:1017300084F8D10195ED750A84ED750A95F8D80104
:1017400084F8D80195ED770A84ED770A95ED780A4B
:1017500084ED780A95ED790A84ED790A95ED7A0A97
:1017600084ED7A0A95ED7B0A84ED7B0A95F8F00109
:1017700084F8F00195ED7D0A84ED7D0A95F8F80175
:1017800084F8F80195ED7F0A84ED7F0A95ED800AD3
:1017900084ED800A95ED810A84ED810A95ED820A37
:1017A00084ED820A95ED830A84ED830A95ED840A1F
:1017B00084ED840A95ED850A84ED850A95ED860A07
:1017C00084ED860A95ED870A84ED870A95ED880AEF
:1017D00084ED880A95ED890A84ED890A95ED8A0AD7
:1017E00084ED8A0AD5F82C02C4F82C0295ED8C0AF7
:1017F00084ED8C0A95ED8D0A84ED8D0AD5F83802BA
:10180000C4F8380295ED8F0A84ED8F0A95ED900AA1
:1018100084ED900A95ED910A84ED910A95ED920A76
:1018200084ED920A95ED930A84ED930A95ED940A5E
:1018300084ED940A95F8540284F8540295F8550200
:1018400084F8550295F8560284F85602D5F85802E5
:10185000C4F8580295ED970A84ED970A95ED980A19
:1018600084ED980A95ED990A84ED990A95ED9A0A06
:1018700084ED9A0A95F86C0284F86C0295F86D0272
:1018800084F86D0295ED9C0A84ED9C0AD5F87402EB
:10189000C4F87402D5F87802C4F8780295ED9F0A6E
:1018A00084ED9F0A95EDA00A84EDA00A95F88402C4
:1018B00084F8840295EDA20A84EDA20A95EDA30AAC
:1018C00084EDA30A95F8900284F89002D5F894026A
:1018D000C4F8940295EDA60A84EDA60A95EDA70A30
:1018E00084EDA70A95F8A00284F8A00295F8A10259
:1018F00084F8A10295EDA90A84EDA90A95EDAA0A3A
:1019000084EDAA0A95EDAB0A84EDAB0A95EDAC0A1D
:1019100084EDAC0A95EDAD0A84EDAD0A95EDAE0A05
:1019200084EDAE0A95EDAF0A84EDAF0A95EDB00AED
:1019300084EDB00A95F8C40284F8C402B5F8C80270
:10194000A4F8C80294F88E0040B1012806D00228FD
:1019500009D12046BDE8704001F040BF2046BDE8F7
:10196000704002F0BFB870BD034A5060916082EDD4
:10197000030AC2ED040A70478877002010B52DEDE8
:10198000048BB0EE608AF0EE408A00F04FF8002839
:1019900024D1144890F88E1000291FD001291DD0A1
:1019A00002291BD190F8550210B19FED0F9B01E069
:1019B0009FED0F9B18EE100AEEF7ECFE53EC192B7F
:1019C000EEF7C1FDEEF7F9FEB0EE680ABDEC048B50
:1019D00000EE900ABDE8104001F084BFBDEC048B1E
:1019E00010BD0000F0770020000000000000F0BFF4
:1019F000000000000000F03F10B5074C60212046B9
:101A0000EEF7DFFC02F0D2FC20609FED040A84EDCB
:101A1000120A84ED0E0A10BDC07A0020000096C3A1
:101A2000014890EDE20A7047F077002070B5FEF7AC
:101A30006FFC154C012805D102F070F84FF4FA70D4
:101A4000C4F83003D4F83053D4F8300340B994F8D4
:101A50003C0328B194F83D0350B1002084F83D03C5
:101A600094F88E0030B1012804D0022809D104E096
:101A70000125F5E701F0EEFF01E001F0F9FB00B907
:101A80000125284670BD0000F077002002480021A3
:101A900080F83C1370470000F077002070B52DED02
:101AA000028BB0EE408A02F081FC05461A48002401
:101AB00090F88E0050B1012808D0022826D119E0F4
:101AC00001F086FF30B3012002F04AFC284605F001
:101AD00043FC00EE100AB8EE400AB4EEC80AF1EE7C
:101AE00010FAEDD312E000BF01F0D8FA90B1012056
:101AF00002F036FC284605F02FFC00EE100AB8EE86
:101B0000400AB4EEC80AF1EE10FAEDD3BDEC028B38
:101B1000204670BD0124F9E7F077002003480178E2
:101B2000002901D000210170704700002002002030
:101B30002DE9F04F2DED0E8B95B004F079F9FE4EA6
:101B400011903068FE49FD4F40F300104FF0010A3C
:101B500000F101083C46C1F804A097F8841397F8F7
:101B60005801DFEDF88ADFEDF89ADFEDF8DA9FED46
:101B7000F8EADFF8E0B32568E0B3002087F8580101
:101B8000BBF80020012100EE102AD5ED640ABBF855
:101B90000200B8EE400A38EEC00A30EE600A20EECD
:101BA000290A00EE900A95ED651A3268F8EE600A8F
:101BB00078EEE00A70EEC10A60EEA90A42F0020275
:101BC0003260DD4AD7F84C3134321360121DD7F839
:101BD00050311360121DD7F854311360326822F06F
:101BE0000202326087ED570A20EE2D0A00EE8E0ABF
:101BF00087ED580A95F848014FF00009F7EE00CA42
:101C0000B6EE00BA01280DD0B8F1000F01D04FF0A8
:101C1000010995ED300A022820EE0B0A8CEE80AA0D
:101C200005D059E095ED300A8CEE80AA57E0E9BB6B
:101C3000D7ED480A97ED110A0BA860EE8A0A00EE6C
:101C40008B0A8DED0B0A05F0C5FE0DA90CA89DEDC4
:101C50000B0A05F01BFCDDED0C0AB748C7ED130AB3
:101C60009DED0D0A2C3087ED120A97ED1C1AD7ED69
:101C70001D1A21EE001A00EEE11A87ED0A1A97EDFF
:101C80001D1A21EE000A97ED1C1A00EE810A87ED5D
:101C90000B0A006807F19C01009195ED191AD7ED28
:101CA0000B0A97ED0A0A12AB0FAA00E014E00EA986
:101CB000FDF798FF316841F0020131609E490E9AAC
:101CC00034310A60091D0F9A0A60091D129A0A60D0
:101CD000316821F002013160B9F1000F7BD19FED35
:101CE0009E8ABBF80000594600EE100ABBF80200BD
:101CF000B8EE400A38EEC01A00EE100ABBF8040035
:101D0000B8EE400A78EEC00A00EE100A84ED2A1AF6
:101D1000C4ED2B0AB8EE400A904838EEC00A84EDB4
:101D20002C0AD5ED641A31EE611AD5ED651A70EE04
:101D3000E10AD5ED661A80ED001AC0ED010A30EE19
:101D4000610A71EE201A61EE298A80ED020A20EE06
:101D5000A99A71EE801A60EE299AC4ED291A95F8B5
:101D60004901022801D0B8B37FE0B0EEE81AF0EEE6
:101D7000C90AB0EEE90AB4EEE01AF1EE10FA0ADD93
:101D8000B4EEC01AF1EE10FA05DD00BF39EE290AF3
:101D9000F1EE408A69E0F4EEC10AF1EE10FA0ADDD4
:101DA000F4EEC00AF1EE10FA05DD00BF38EEA90A24
:101DB000B1EE409A59E0B4EEC10AF1EE10FA54DDEA
:101DC000B4EEE00AF1EE10FA4FDD00BF38EE890AFA
:101DD000F1EE409A49E0FDE3FFE7B8F1000F20D0B3
:101DE000706B4FF4FA72904202D9B06B9042EDD80A
:101DF000706BB26B904203D2726BF06B8242C5D3B0
:101E0000B26B706B824203D2B06BF26B9042CDD357
:101E1000F26B706B824228D2F06BB26B9042D5D3DA
:101E200023E0726BF06AA0F5FA70824205D2B26BC1
:101E3000F06AA0F5FA708242C8D3706BB26B904220
:101E400003D9706BF26B9042A0D8B06B726B90426A
:101E500003D9B26BF06B8242A8D8F06B726B9042E0
:101E600003D9F06BB26B9042B0D83D48C0ED008A08
:101E700080ED019AC0ED029A94ED190AC8889FED91
:101E8000391A00EE900AF3EE001A0026F8EE600A06
:101E900020EE811AF0EE400A41EE610A9FED321AFF
:101EA00000EEC10A84ED190A8DED128A8DF82460C6
:101EB000FDF726F828B1FDF729F88DED120A8DF807
:101EC00024A09DF824009FED29CA08B39DED120AB5
:101ED0008DED000A95F8CC0018B13CEE400A8DED6E
:101EE000000A95ED340ADDED000A684620EE200A6E
:101EF000D5ED320A30EE600A8DED000A05F04EFD98
:101F00009DED000ADFED1A0A20EE200A84ED3F0A5B
:101F10000A4822799FED17DA00F14801DFED16BA81
:101F2000DFED16AA00F1E80800F5827900F14C0B0C
:101F30000E91022A78D023E0002C0140707300201B
:101F4000C801002000F07F454108043C3ACD133F12
:101F50003ACD933F9C77002000000000D877002006
:101F6000C07700206740533ACDCCCC3D0000B4434D
:101F700035FA8E3CEBC91841CDCC4C3E0AD7233CF8
:101F8000B0EE480A84ED140A84ED150A84ED1F0AA8
:101F900084ED200A84ED210A84ED220A84EDD40A1E
:101FA00084ED180A84ED160A84ED170AF0EE400A53
:101FB000204604F0E3FFD4ED151A94ED141AD4ED85
:101FC0001B0A94ED1A0A224600214846B0EE4A2A1E
:101FD000FDF7FAF894EDD80AD4ED410A94ED421ACF
:101FE00070EE200A94EDD90A30EE010A05F000FAED
:101FF00084ED3A0AD4ED470A95ED3B1A404660EE6F
:102000008A0A00EE810A84ED3A0A05F0E3FC94EDB9
:10201000410A84EDD80A94ED420A84EDD90A95F874
:10202000300109287ED200E006E0DFE800F0FDFC88
:102030007BFBFBFBFBFBFB0095F84901012844D02F
:1020400028EEAD0AC4ED148A09EE0E0A84ED150AD5
:1020500094ED140A84ED590A94ED150A84ED5A0A98
:1020600094ED5B0AB5EEC00AF1EE10FA15D094EDCE
:10207000140AD4ED570A30EE200A20EE0B0A84ED44
:10208000140A94ED150AD4ED580A30EE200A20EE19
:102090000B0A84ED150A84ED5B8A94ED300A94ED09
:1020A000109AD4ED248AD4ED479A8DED000A94ED70
:1020B000310AF0EEC9DA8DED040A95ED190A84EDC6
:1020C0000F0A6079032811D017E09FEDFC0A28EE73
:1020D000800ADFEDFB0A09EE600A09EEE00A84EDF2
:1020E000140A29EE2D0A09EEED0AAFE795ED200A54
:1020F00004A8B1EE400A05F071FD94EDD10A04F593
:10210000517070EE6D0A00EEEA0A84EDD10AB7EE66
:10211000000A05F063FD94EDD20A70EE490A00EE64
:10212000EA0A00E02BE384EDD20AB7EE000A04F5D8
:10213000527005F053FD94ED2F0A617949B10829D9
:1021400007D0092905D00020DE4F032903D06421E0
:102150005CE00120F8E7F5EEC09AF1EE10FA02D249
:10216000FFEE000A01E0F7EE000A94EDCE1AB5EE9C
:10217000C01AF1EE10FA02D2BFEE001A01E0B7EE7B
:10218000001AF4EE410AF1EE10FA26D1F5EEC08AFB
:10219000F1EE10FA02D2FFEE000A01E0F7EE000ABB
:1021A00094EDCF1AB5EEC01AF1EE10FA02D2BFEEDE
:1021B000001A01E0B7EE001AF4EE410AF1EE10FA4F
:1021C0000BD1D4EDD20AF0EEE00A10EE901AB9422B
:1021D00003DBD4F840130A291ADADDED040A94ED82
:1021E000171AF0EEE00AF4EEC10AF1EE10FA05DD7E
:1021F0000120B0EE480AC4F8406309E0D4F8401367
:102200000A2905DA0120B0EE480A491CC4F8401337
:10221000C4EDCE9AC4EDCF8A6179012912D1D4EDF3
:10222000380A02E0ACE29AE2A5E295ED7B1AF0EE04
:10223000E00AF4EEC10AF1EE10FA03D20120B0EE8A
:10224000480A15E0A0B994F84C1389B1D4ED240ADA
:10225000C4ED260A95F85C11022901D0032907D1A3
:1022600094ED471AD5ED381A41EE610AC4ED260AFD
:1022700084F84C036179D5ED1F8A032903D1D5ED8C
:10228000200AF0EEE08AA8B13DEEEA1AF0EEC00AAC
:10229000F4EEC10AF1EE10FA79D294F8540330B397
:1022A000D4EDD60AF5EEC00AF1EE10FA0ED2FFEE2A
:1022B000000A0DE094ED200AC8B20328C0EE280AF7
:1022C000C4EDD40A84F8546379D08AE0F7EE000AAA
:1022D000B5EEC09AF1EE10FA02D2BFEE001A01E09C
:1022E000B7EE001AF4EE410AF1EE10FA4FD184ED88
:1022F000D69A84F854A311F0FF0F13D1B5EEC09A0B
:10230000F1EE10FAD4EDD40A05DDF5EEC00AF1EED7
:1023100010FA05DC06E0F5EEC00AF1EE10FA01D283
:1023200084EDD48AD4ED100A94ED191AD5ED3F1A34
:1023300030EE600ACCEE810A95ED3E1A61EE8A1A03
:1023400004F5547021EE001A21EE800A21EE209A45
:1023500094EDD41A00EE201AF7EE000ABFEE000A40
:1023600084EDD41A05F004FC94EDD40AF7EE000ACB
:1023700009A830EE090A8DED090ABFEE000A05F042
:10238000F7FB9DED090A20EE280A28E0FFE7D4EDCF
:10239000200AB5EEC00A80EEA81AF1EE10FA84ED1C
:1023A000D41A84ED0F0A03DDCDED048A04E006E0C3
:1023B000B1EE680A8DED040A84F8546311E09DEDD6
:1023C000040AF5EEC09AB0EEC00AF1EE10FA02D29D
:1023D000FFEE000A01E0F7EE000A20EEC00A8DEDE4
:1023E000040A94F8B400F8B9D4ED151A94ED141A4F
:1023F000D4ED1B0A94ED1A0A224641464846B0EE37
:102400004A2AFCF7E1FED4ED470A95ED3B1A94ED1C
:102410003A0A60EE8A0A31EE0B1A404600EE810A53
:1024200084ED3A0A05F0D6FA95F83001092816D25B
:10243000DFE800F0160512664F6666666600FCF778
:1024400031FD30B1D5ED511A94ED481AD4ED3F0A63
:1024500085E094ED400A87E094F8B400A0B38BE0E7
:1024600094F8F80088B394ED3B0A84ED110A94EDDA
:102470003C0A84ED410A94ED3D0A84ED420A9DED4B
:10248000040AD5ED4A0AB5EEC00AF1EE10FA02D2FE
:10249000BFEE001A01E0B7EE001A00EE810A8DEDE2
:1024A000040A95ED4B0AD5ED880AB4EEE00AF1EE88
:1024B00010FAD1DD04A805F091FBCDE7ABAA2A3FC5
:1024C000ABAAAA3E6F12833A51E0FFE794ED3A0AB5
:1024D0004AE094ED3A0A84ED110A94F8F8000028D5
:1024E000BAD0C4F8AC62C4F8B46284EDDF8A84ED7B
:1024F000E08A84F8F86084ED0C8A84F83460ABE7F5
:1025000094ED480AD5ED600A20EE0D0AB0EEC00A3F
:10251000B4EEE00AF1EE10FA04DD84EDAC8AB0EE20
:10252000480A05E094EDAC0A30EE0A0A84EDAC0AE4
:10253000D5ED620AB4EEE00AF1EE10FA09D294ED9C
:102540003A0A84EDA90A94ED480AB1EE400A84EDF6
:10255000AA0AD5ED601A94ED481AD4EDA90A94EDB3
:102560003A0A2046FCF7C6FD84ED110A74E760794B
:1025700007281FD08DED008A6079052808D006282D
:1025800009D0082807D0072814D0092812D015E050
:1025900084ED118A12E094EDD70AD4ED340A04F5E3
:1025A00057700AEE200A84EDD70A05F013FA94ED6D
:1025B000D70A01E094ED350A84ED110A94F8B400CD
:1025C000D0B194ED2E0A84ED110A58460E9904F00C
:1025D0005DFF00E0E3E2D5ED368A95F8BC01E0B39B
:1025E000F5EEC08AF1EE10FA3ED095ED389A9DEDE9
:1025F000040A022803D006E094ED110AE5E7D4EDC1
:10260000220A05F0BEF928EE800AF2EE000A20EE5A
:10261000000A20EE200A09EE090AF8F7C9FB79EE54
:10262000400AB1EE000A28EE801A80EE810A8DED94
:10263000000ADDED040A60EEA00A40EE400AB0EEAA
:10264000600AF8F7B5FBDDED040AF5EEC00AF1EE1D
:1026500010FA03D2FFEE000A02E005E0F7EE000AEE
:1026600020EE200A8DED040A94ED320ADDED000A19
:10267000D4ED1E8A30EEC00AF5EEC08AF1EE10FAF3
:102680008DED000A02D2BFEE000A01E0B7EE000AAB
:10269000D4ED320A95ED731A18EE900A60EE200A16
:1026A0009DED040AB84200EEC10A8DED040A06DD74
:1026B00095ED210A95ED221AC0EE280A0AE018EEDF
:1026C000900AFE4988420AD995ED220A95ED211A11
:1026D000C0EE280A04A881EE280A05F049FAF5EEB2
:1026E000C08AF1EE10FA04DDD5ED1F0A95ED200A3F
:1026F00007E095ED200AF1EE400A95ED1F0AB1EED4
:10270000400A04A805F034FAD5ED200A95ED1F0A19
:1027100005F02BF9F0EEC08A6846B0EE680A05F0C5
:102720005DFA68EEA80A9DED000A40EE400AB0EEA0
:10273000600AF8F73DFB04A805F050FA94F834005D
:1027400018B99DED000A84ED0C0A9DED040A20469F
:1027500084ED0E0AB0EE4A0AFBF7B8F9BCE0D5EDFD
:10276000511A94ED481AD4ED3F0A94ED3A0A2046E6
:10277000FCF7C0FC01E094ED3A0A84ED110A18E080
:1027800094ED3A0A84ED110A94ED470AD5ED600AFA
:1027900020EE0D0AB0EEC00A9FEDC91A60EE810A64
:1027A000B4EEE00AF1EE10FA03D2C4F8AC62C4F859
:1027B000B46294ED110A58460E9904F067FEC4F80D
:1027C000886284F8846284EDAA8A84F88C6284ED3D
:1027D000A78A84EDA88A84ED0C8A84F8346094ED8D
:1027E000110A84EDA90AD4ED120AD4ED1A1A94ED57
:1027F0001B1A94ED130A61EEA08A21EE209AD4F8F8
:102800008C0040EE018A00EE619AF7F7EEFD10B100
:10281000B0EE480A01E094ED230A84ED230AD4F8CF
:102820009000F7F7E2FD10B1B0EE480A01E094ED38
:10283000240A84ED240A94ED230A70EE680A00EE5F
:10284000EB0A84ED230A94ED240A70EE490A00EEA7
:10285000EB0A84ED240A94ED230A84ED250A94ED15
:10286000240A84ED260A95F85C01022801D0032889
:1028700007D1D4ED470A95ED381A00EEC10A84ED70
:10288000260AD4ED190AB7EE081A81EE200AD4ED13
:10289000230A60EE800AC4ED1C0AD4ED240A20EE5F
:1028A000800A84ED1D0AA06FF7F79FFD10B1B0EE0E
:1028B000480A01E094ED1E0A04F1780084ED1E0A36
:1028C000D4ED1D0A70EE600A00EEEB0A84ED1E0ADC
:1028D000B7EE000A05F082F994ED1C0AD4ED1D0A4A
:1028E00020EE000A00EEA00AF8F762FAD4ED240AFE
:1028F000F5EEC00AF1EE10FA02D2FFEE000A01E096
:10290000F7EE000AF0EE488A20EE200AD4EDFB0A2A
:1029100020EE200A84ED100A95F8D00110B10128AC
:1029200005D102E0D4ED118A01E0D4ED3A8A04F534
:102930008E712A460F46081FF0EE4A0AB0EE680A6A
:10294000FCF79CFED4EDDA0AB0EE680A04F034FD20
:102950008DED030A9FED5B9AF0EE490ADFED5A9A7E
:1029600003A8B0EE690A05F003F99DED030AC0EE75
:102970000A0A94ED480A70EE600A00EEEA0A84ED55
:10298000480A10EE100AF7F730FD10B1B0EE480A11
:1029900001E094ED480A84ED480A9DED030AC0EE7B
:1029A0000A0A94ED4A0A70EE600A00EEEB0A84ED22
:1029B0004A0A10EE100AF7F718FD10B1B0EE480AF7
:1029C00001E094ED4A0A84ED4A0AD4EDDB0A94ED65
:1029D000110A04F0F1FC8DED040AF0EE490AB0EEA4
:1029E000690A04A805F0C4F89DED040AC0EE0A0ABD
:1029F00094ED490A70EE600A00EEEA0A84ED490A95
:102A000010EE100AF7F7F1FC10B1B0EE480A01E041
:102A100094ED490AF0EE080A84ED490A94ED480A5B
:102A20003846B0EEC00A20EE200A05F0D7F8C4ED13
:102A3000DA8A94ED110A10A884EDDB0A94ED110AEC
:102A40008DED100A04F0C6FF9DED100ADFED1F0AA0
:102A50009FED1F1A70EE200A80EE810AF1EE080A3F
:102A600020EE200AF7F7DEFCBDEEC00A00200522AA
:102A700010EE101A052901DD114602E0002900DAE6
:102A80000146D4F87003C4F87013081A032801DD56
:102A9000801F03E010F1020F00DA801DD4F8381116
:102AA00000280144C4F83811D4F83C1100DA40423F
:102AB0000844C4F83C018DED068A0BE06F1283BA1E
:102AC000CDCC8C3F920A863F920A86BFDB0F4940ED
:102AD000DB0FC940FCF714FAE0B195F85402062860
:102AE00015D09DED120A00BF8DED060A06A804F070
:102AF00055FF95ED840A2C4910EE100A08442B4925
:102B000088420ED29DED060A84ED500A3DE0FCF7A6
:102B100017FAE9E794ED110ADFED250A20EE200A05
:102B2000E2E7244A06982449244B90420ADAD4F872
:102B300074739F4206DDCCEE000A94EDDE0A30EE9F
:102B4000800A0BE098420EDDD4F8740390420ADA52
:102B5000CCEE000A94EDDE0A30EE600A084684ED01
:102B6000DE0A04F01BFF9DED060A04F5A07084ED5B
:102B7000DD0AD5ED840A80EE201A94EDDE0A31EEEE
:102B8000000A84ED500A04F009FF0020FDF7B4FCB0
:102B90000B4C6660119803F009F984ED020A15B038
:102BA000BDEC0E8BBDE8F08FB71E85C013AE0700DD
:102BB000E02E65420000B442E87600200000874322
:102BC000C80100202DE9F14F4FF47A702DED0A8BEA
:102BD00088B001F0C5FBDFEDC8AA00252C46C74828
:102BE00026463746B8460168C14641F002010160F9
:102BF000C2492C310A68C14B520834331A600A6842
:102C000052081B1D1A60096849081A1D11600168E5
:102C100021F002010160BA4802F090FE1C216846D2
:102C2000EDF7CFFB6020CDE900054FF48070CDE9D2
:102C30000450400006900295039500226946B14871
:102C4000F2F71EFF0021AF48F2F7E0FF0021AD4888
:102C5000F2F728FB012001F083FB9FEDAB8ADFF840
:102C6000A0A2DFF8A8B2B0EE489ADFEDA99A9FEDD6
:102C7000A9AAF7EE008A00BF00EE104ADAED2A0A90
:102C8000BBF80A0030EE200A10EE104A00EE105A8F
:102C900000EE900A0120F8EE600A60EEA90A00EE4C
:102CA0008A0A10EE105A01F05BFB39EE289A9A4915
:102CB00019EE100A8842DFDB914802F03FFE042241
:102CC00069469048F2F7DCFE04218E48F2F79EFF39
:102CD00004218C48F2F7E6FA012001F041FBB0EE46
:102CE000489A00BF00EE106ADAED2B0ABBF80C0020
:102CF00030EE200A10EE106A00EE108A00EE900A04
:102D00000120F8EE600A60EEA90A00EE8A0A10EED1
:102D1000108A01F025FB39EE289A7F4919EE100A36
:102D20008842DFDB764802F009FE082269467548D2
:102D3000F2F7A6FE08217348F2F768FF08217148F0
:102D4000F2F7B0FA012001F00BFBB0EE489ADA4638
:102D50006B4800EE107AD0ED2C0ABAF80E0030EE77
:102D6000200A10EE107A00EE109A00EE900A012070
:102D7000F8EE600A60EEA90A00EE8A0A10EE109AD8
:102D800001F0EEFA39EE289A634919EE100A8842EA
:102D9000DEDB5B4802F0D2FD00EE104A584CC0EE7C
:102DA0002A0A206800EE106AC0ED640AC0EE2A0A02
:102DB000206800EE107AC0ED650AC0EE2A0A20688D
:102DC00000EE105A01EE109AB0EE08CAC0EE2A1AB0
:102DD000C0ED660A00EE908A206880EEAA0AC1EE75
:102DE0002A0A31EE801A31EE202A82EE0C1A71EE98
:102DF000C11A30EE410AC0ED671A206880ED680AFA
:102E000030EEC10A206880ED690A1298F0B30A20FA
:102E100001F0A6FA404EB0EE48BAF0EE48BAB0EE75
:102E2000489A5546688900EE100AA889B8EE400A0B
:102E300020EE290A60EE0A0A00EE100AE889B8EED0
:102E4000400A20EE290A40EE0A0A00EE100A6889BC
:102E5000B8EE400A20EE290A40EE0A0A80EE8C0AFB
:102E600000EE900AA889F8EE600A20EEA91AF0EEAA
:102E7000400A51EE0A0A3BEE20BA00EE900AF8EE44
:102E8000600A20EEA91AF0EE400A00E029E051EEB7
:102E90000A0AE88938EE208A00EE900A0120F8EE4E
:102EA000600A60EEA90A10EE8A0A7BEE80BA01F091
:102EB00057FA39EE289A19EE100AB042B2DB1048E0
:102EC00002F03CFD8BEE2A0A206888EE2A1ACBEE2F
:102ED000AA0A80ED6A0A206880ED6B1A2068C0EDAE
:102EE0006C0AFEF7D3FD0D490120087008B0BDEC57
:102EF0000A8BBDE8F88F000000007A44002C0140E6
:102F0000707300206C570020000000009C770020A8
:102F1000000080393333534000007A44C801002058
:102F200003484178002901D000214170704700001A
:102F3000C8010020014890ED170A70477073002007
:102F4000014890ED160A7047707300200348DFEDCA
:102F5000040A90ED290A20EE200A704770730020C1
:102F60004108043C084B10B51C6894ED640A80EDE0
:102F7000000A186890ED650A81ED000A186890ED66
:102F8000660A82ED000A10BD70730020014890EDC2
:102F9000100A704770730020014890ED1F0A7047B7
:102FA00070730020014890ED200A70477073002074
:102FB000014890ED020A7047C8010020074808B593
:102FC00090ED110ADFED060A684620EE200A8DED2D
:102FD000000A04F0E3FC9DED000A08BD70730020B8
:102FE000E02E6542074808B590ED3F0ADFED060A7E
:102FF000684620EE200A8DED000A04F0CFFC9DED1E
:10300000000A08BD70730020E02E6542074808B52D
:1030100090ED3A0ADFED060A684620EE200A8DEDB3
:10302000000A04F0BBFC9DED000A08BD707300208F
:10303000E02E65420348DFED040A90ED470A20EEDA
:10304000200A704770730020EBC918410348DFED78
:10305000040A90ED480A20EE200A704770730020A1
:10306000EBC918410348DFED040A90ED4A0A20EE4F
:10307000200A704770730020EBC9184106480168A8
:10308000006891F84811012990ED300A03D0F6EE5E
:10309000000A20EE200A7047707300200148007972
:1030A00070470000707300200148007970470000ED
:1030B000707300200449D1F83C2110B10020C1F800
:1030C0003C01104670470000707300200449D1F89D
:1030D000382110B10020C1F83801104670470000B7
:1030E000707300200A4890ED240AD0ED200A20EEEB
:1030F000200AB5EEC00AF1EE10FA02D2BFEE000AC5
:1031000001E0B7EE000AD0ED160A20EE200A704763
:10311000707300200A4890ED240AD0ED220A20EEB8
:10312000200AB5EEC00AF1EE10FA02D2BFEE000A94
:1031300001E0B7EE000AD0ED170A20EE200A704732
:10314000707300200A4890ED240AD0ED220A20EE88
:10315000200AB5EEC00AF1EE10FA02D2BFEE000A64
:1031600001E0B7EE000AD0ED170A20EE200A704702
:1031700070730020014890ED180A704770730020AA
:103180000A4890ED240AD0ED200A20EE200AB5EE80
:10319000C00AF1EE10FA02D2BFEE000A01E0B7EE6B
:1031A000000AD0ED160A20EE200A70477073002046
:1031B000014890ED230A704770730020014890ED9C
:1031C000240A7047707300202DE9F041074604F08F
:1031D000B3FC224D00266E704FF47C712048EDF751
:1031E000F0F86E601E4C276026710A206071B7EE01
:1031F000000A84EDF00A84EDF10A701EC4F8B003F1
:103200002046FCF783FA2068214690F88C0103F0F1
:103210007FF904F53070FCF7FDFE206890ED300A70
:10322000BDEEC00A10EE100A02F0D2FC204602F0F9
:1032300085FB04F08DFC01242C700A4A00210A4809
:1032400001F04CFA074A2861243A0021074801F0AE
:1032500045FAE8606C70BDE8F0810000C80100200C
:103260007073002040970108A9470108F95D010823
:103270000148407870470000C801002001480078EC
:1032800070470000C8010020014890F848017047CD
:10329000707300202DE9FF4F06462DED020B002034
:1032A000C14C2DED0C8B89B0B0EE408A00902068A7
:1032B00090F830B1206890F85EA12068D0ED30CA57
:1032C000206890ED5ACA2068D0ED5BBA206890ED76
:1032D0005CBA2068D0ED60AA206890F84891206818
:1032E00090F88C81206890F84971FDF7F5F80A2074
:1032F000607100252571204602F020FB2168032023
:1033000081F83001206880F85E51FCF79BFF20EEC9
:10331000080A10EE100AEDF73DFA9FEDA49B53EC5E
:10332000192BEDF710F99FEDA3DB53EC1D2BEDF7F7
:103330000AF9EDF742FA2168C1F86801FCF782FF4B
:1033400020EE080A10EE100AEDF724FA53EC192BC0
:10335000EDF7F9F853EC1D2BEDF7F5F8EDF72DFA35
:103360002168C1F86C01FCF76DFF20EE080A10EE31
:10337000100AEDF70FFA53EC192BEDF7E4F853ECC4
:103380001D2BEDF7E0F8EDF718FA21689FED8B0A99
:10339000C1F87001206880ED600A206880F848510B
:1033A0002168022081F88C01206880F8495120684A
:1033B0008349D0F8C000884204DD9FED820A20686E
:1033C00080ED300A206800F009FA012000F0C8FF03
:1033D0009FED7D9AB0EE490A00F074FA012000F0EA
:1033E000BFFF002505E0012000F0BAFF6D1C642D31
:1033F00003DC94F884020028F5D00A2E00DA0A26AD
:10340000F0EE499AF0EE498AB0EE498A0025B0EE16
:1034100049AA78E000F056FAFCF70EFF009070B36E
:1034200084ED30AA84ED31AA0A2060710020207159
:10343000204602F083FA216881F830B1216881F8D2
:103440005EA12068C0ED30CA206880ED5ACA2068AD
:10345000C0ED5BBA206880ED5CBA2068C0ED60AA60
:10346000216881F84891216881F88C81206880F872
:103470004971206800F0B2F9FEF708FB8DE0FFE724
:103480000A2000F06DFFD4F8703104F5C27006AA6E
:1034900001A905909847D4F8783103AA02A90598A4
:1034A0009847D4F8703107AA04A904F50170984729
:1034B0009DED020ADDED030A9DED01DA20EE000A22
:1034C00000EEA00AF7F774FCF0EE000AB6EE002A50
:1034D00020EE201AF7EE000A6D1C38EE208A7DEEF1
:1034E000011A80EEA10A7DEE411A80EEA11A70EE5B
:1034F000011A31EE400A41EE829A30EE099A9DEDB2
:10350000040A78EE808A0A2096FBF0F0A842B0EE1A
:103510004A0A3FF77FAF00F0B5F9216881F830B172
:10352000216881F85EA12068C0ED30CA206880ED76
:103530005ACA2068C0ED5BBA206880ED5CBA20688A
:10354000C0ED60AA216881F84891216881F88C81DA
:10355000206880F84971206800F040F9FEF796FA7B
:103560009FED1A0A189818B1C8EE880AC0ED000A33
:10357000DFED170A199838B189EE081A21EE201AE2
:1035800021EE001A80ED001A89EE881A1A9861EE71
:10359000200A20EE800A80ED000A009809B0BDECF8
:1035A0000C8B06B0BDE8F08F707300205555555553
:1035B0005555E53F000000E07AB6EB3F00409C46E1
:1035C0000060EA460060EA46000000006666663F6A
:1035D000002474492DE9F041DFED230A1D462DED4D
:1035E000048B82B0F0EE408A16460F4680469FED6F
:1035F0001D0ACDED000A9FED1D9AB7EE088A4FF027
:103600007C541BE0B0EE490A684604F0E7FA002358
:103610001A4601A90A209DED000AFFF73BFE00288B
:103620001BD19DEC020AF4EEE80AF1EE10FA09DA79
:10363000F0EE400A60EE880ACDED000A10EE900A26
:10364000A042DFDB02B02B46BDEC048B324639468C
:103650004046BDE8F041FFF71DBE02B0BDEC048B53
:10366000BDE8F081000000000AD7A33C9A99193FF9
:103670002DE9F74F8B462DED020B81462DED048B86
:10368000F0EE408AFCF728FF474C0026012084F822
:10369000B4009FED468A022084ED2E8A84ED308AA4
:1036A0006071354684F8C86320714FF00A08F0EE67
:1036B000E89A9FED3F9A04F1C40A3E4F1EE000BF16
:1036C000C9EE890AB0EE680A504604F0FBF9FCF72F
:1036D000B3FD06000FD000BF84ED308A84ED318A3F
:1036E00084F8B45084F805802571204602F026F94C
:1036F000FEF7CCF951E0012000F032FE94ED310AE2
:1037000030EE680AB0EEC00A10EE100AB842D7DCFC
:10371000322000F025FE84ED4C8A84ED4D8AC4F8F9
:103720002C51002742F2107A09E0012000F018FE27
:103730007F1C574507DCFCF77FFD0600CCD1D4F891
:103740002C114945F1DBD4ED4C0AD4F82C0100EEE4
:10375000100AD4F82C01B8EEC00A80EE809AD4ED9D
:103760004D0A00EE100ABBF1000FB8EEC00AC0EE21
:10377000808A0BD084ED308A84ED318A84F8B4508D
:1037800084F805802571204602F0D8F8FEF77EF90E
:1037900088EE890A089880ED000A3046BDEC048B5B
:1037A00005B0BDE8F08F000070730020000000003D
:1037B000000048436F12833A0648022141719FED91
:1037C000060A012180ED310A80ED300A80F8C81325
:1037D0007047000070730020000000002DE9F041E8
:1037E000254C054620602046FBF790FF95ED300AFA
:1037F0002249234FBDEEC00A10EE100A91FBF0F5EE
:1038000038680A264FF00008A8421BD0667184F879
:103810000480204602F092F819492C39086840F0DB
:10382000020008607007026842F0020202603D6018
:10383000012282630A6822F002020A60016821F014
:1038400002010160206890F88C1108208840D4F8AB
:103850007C1188420DD0667184F80480064802F01D
:103860006DF80549206890F88C01BDE8F04102F040
:103870004FBEBDE8F081000070730020007A030A9B
:103880002C2C01400D4802214171DFED0D0A80ED25
:10389000310AC0ED300A0268B0EEC00AD2ED880AE3
:1038A000B4EEE00AF1EE10FA06D30279022A03D050
:1038B000002280F8C8230171704700007073002057
:1038C0000000000006480021417180ED2F0A0279B6
:1038D000022A03D080F8C81302210171704700004A
:1038E0007073002010B51D4C2DED020B2DED028BD9
:1038F000B0EE608A206890ED000A2068D0ED1C0AC6
:10390000206860EE200A90ED000A206890ED1C1AF5
:1039100002A821EE400A04F02BF906206071DFEDC9
:10392000100A9DED020A68EE200A84ED310AB0EE1D
:10393000C00AC4ED340A2068D0ED880AB4EEE00A6B
:10394000F1EE10FA07D32079022804D0002084F881
:10395000C80302202071BDEC028B1CBD70730020D7
:103960005077D63D03480A2141710021017101F0D1
:10397000E5BF0000707300200148006C7047000034
:1039800020020020014890ED140A70472002002018
:10399000014890ED140A7047A00200200A48816A8D
:1039A00091F88E10012908D08038816C90ED150AAD
:1039B000002901D1B1EE400A704790ED0F0ADFED0A
:1039C000030A20EE200A7047A0020020EBC918412C
:1039D000014840787047000020020020014890ED27
:1039E000030A7047A002002003498A6E08B1002034
:1039F00088661046704700002002002003494A6E86
:103A000008B10020486610467047000020020020E0
:103A1000014890ED010A7047A0020020014890ED96
:103A2000020A7047A0020020054890ED020A803883
:103A3000D0ED140AF0EEE00A20EE200A70470000F4
:103A4000A00200200248002101700121017070478E
:103A5000200200200148007870470000200200206A
:103A600030B587B004461C220A496846ECF782FC50
:103A7000094B00216846625603EB8105012A2A6240
:103A800001DB50F8222043F82120491C0829F2DBF1
:103A900007B030BDF4970108FC7B00200148C078D6
:103AA000704700002002002010B501F08FFB044990
:103AB000896C01B108210844024951F8200010BD69
:103AC00020020020FC7B002005489FED040A0A210B
:103AD00080ED180A817001F0BFBF000000000000F7
:103AE0002002002070B50C4D04460A20A87001F099
:103AF000B3FF04F021F805F180018C6294F88D1079
:103B0000697104F1AC00FFF7ABFF03F0CBF9BDE83E
:103B1000704004F01DB800002002002002490A2075
:103B2000887001F099BF0000200200202DE9F043C9
:103B300099462DED088B81B090460D460646F0EE75
:103B4000419AB0EE60BADFEDFE0A8BEE208ADFED1F
:103B5000FD0A20EE200AB4EEC80AF1EE10FA01DDEB
:103B6000B0EE408A00F0B4FB0446FCF701FB90ED98
:103B7000000A84ED000A90ED010A84ED010A90ED3F
:103B8000020A84ED020A90ED030A84ED030A90ED27
:103B9000040A84ED040A90ED050A84ED050A90ED0F
:103BA000060A84ED060A90ED070A84ED070A90EDF7
:103BB000080A84ED080A90ED090A84ED090A90EDDF
:103BC0000A0A84ED0A0A90ED0B0A84ED0B0A90EDC7
:103BD0000C0A84ED0C0A90ED0D0A84ED0D0A90EDAF
:103BE0000E0A84ED0E0A90ED0F0A84ED0F0A90ED97
:103BF000100A84ED100A90ED110A84ED110A90F874
:103C0000481084F8481090ED130A84ED130A90EDE3
:103C1000140A84ED140A90ED150A84ED150A90ED4E
:103C2000160A84ED160A90ED170A84ED170A90ED36
:103C3000180A84ED180A90ED190A84ED190A90ED1E
:103C40001A0A84ED1A0A90ED1B0A84ED1B0A90ED06
:103C50001C0A84ED1C0A90ED1D0A84ED1D0A90EDEE
:103C60001E0A84ED1E0A90ED1F0A84ED1F0A90EDD6
:103C7000200A84ED200A90ED210A84ED210A90EDBE
:103C8000220A84ED220A90F88C1084F88C1090F8A7
:103C90008D1084F88D1090F88E1084F88E1090F8A6
:103CA0008F1084F88F1090ED240A84ED240A90ED93
:103CB000250A84ED250A90ED260A84ED260A90ED6A
:103CC000270A84ED270A90ED280A84ED280A90ED52
:103CD000290A84ED290A90ED2A0A84ED2A0A90F82F
:103CE000AC1084F8AC1090F8AD1084F8AD1090F8DA
:103CF000AE1084F8AE1090F8AF1084F8AF1090F8C2
:103D0000B01084F8B01090F8B11084F8B11090F8A9
:103D1000B21084F8B21090F8B31084F8B31090ED9C
:103D20002D0A84ED2D0A90ED2E0A84ED2E0A90EDD9
:103D30002F0A84ED2F0A90ED300A84ED300A90EDC1
:103D4000310A84ED310A90ED320A84ED320A90F89E
:103D5000CC1084F8CC1090ED340A84ED340A90ED48
:103D6000350A84ED350A90ED360A84ED360A90ED79
:103D7000379A84ED379A90ED380A84ED380A90ED41
:103D8000390A84ED390A90ED3A0A84ED3A0A90ED49
:103D90003B0A84ED3B0A90ED3C0A84ED3C0A90ED31
:103DA0003D0A84ED3D0A90ED3E0A84ED3E0A90ED19
:103DB0003F0A84ED3F0A90ED400A84ED400A90ED01
:103DC000410A84ED410A90ED420A84ED420A90EDE9
:103DD000430A84ED430A90ED440A84ED440A90EDD1
:103DE000450A84ED450A90ED460A84ED460A90EDB9
:103DF000470A84ED470A90ED480A84ED480A90EDA1
:103E0000490A84ED490A90ED4A0A84ED4A0A90ED88
:103E10004B0A84ED4B0A90F8301184F8301190F879
:103E2000311184F8311190F8321184F8321190F880
:103E3000331184F8331190F8341184F8341190F868
:103E4000351184F8351190F8361184F8361190F850
:103E5000371184F8371190F8381184F8381190ED43
:103E60004F0A84ED4F0A90ED500A84ED500A90ED10
:103E7000510A84ED510A90F8481184F8481190F8DD
:103E8000491184F8491190F84A1184F84A1190EDCB
:103E9000530A84ED530A90F8501184F8501190EDB4
:103EA000550A84ED550A90ED560A84ED560A90F8AD
:103EB0005C1184F85C1190F85D1184F85D1190F844
:103EC0005E1184F85E1190ED580A84ED580A90F85E
:103ED000641184F8641190ED5A0A84ED5A0A90ED49
:103EE0005B0A84ED5B0A90ED5C0A84ED5C0A90ED60
:103EF0005D0A84ED5D0A90ED5E0A84ED5E0A90ED48
:103F00005F0A84ED5F0A90ED600A84ED600AB0F804
:103F10008411A4F8841190ED620A84ED620A90F88D
:103F20008C1184F88C1190F88D1184F88D1190ED1E
:103F3000640A84ED640A90ED650A84ED650A03E085
:103F400000004842CDCC8C3F90ED660A84ED660AB5
:103F500090ED670A84ED670A90ED680A84ED680ABF
:103F600090ED690A84ED690A90ED6A0A84ED6A0AA7
:103F700090ED6B0A84ED6B0A90ED6C0A84ED6C0A8F
:103F800090F8B41184F8B41190F8B51184F8B51113
:103F900090ED6E0A84ED6E0A90F8BC1184F8BC11A5
:103FA00090ED700A84ED700A90ED710A84ED710A4B
:103FB00090ED720A84ED720A90ED730A84ED730A33
:103FC00090F8D01184F8D01190F8D11184F8D11163
:103FD00090ED750A84ED750A90F8D81184F8D8111F
:103FE00090ED770A84ED770A90ED780A84ED780AEF
:103FF00090ED790A84ED790A90ED7A0A84ED7A0AD7
:1040000090ED7B0A84ED7B0A90F8F01184F8F011B2
:1040100090ED7D0A84ED7D0A90F8F81184F8F8118E
:1040200090ED7F0A84ED7F0A90ED800A84ED800A8E
:1040300090ED810A84ED810A90ED820A84ED820A76
:1040400090ED830A84ED830A90ED840A84ED840A5E
:1040500090ED850A84ED850A90ED860A84ED860A46
:1040600090ED870A84ED870A90ED880A84ED880A2E
:1040700090ED890A84ED890A90ED8A0A84ED8A0A16
:10408000D0F82C12C4F82C1290ED8C0A84ED8C0A16
:1040900090ED8D0A84ED8D0AD0F83812C4F83812EC
:1040A00090ED8F0A84ED8F0A90ED900A84ED900ACE
:1040B00090ED910A84ED910A90ED920A84ED920AB6
:1040C00090ED930A84ED930A90ED940A84ED940A9E
:1040D00090F8541284F8541290F8551284F855123E
:1040E00090F8561284F85612D0F85812C4F85812A4
:1040F00090ED970A84ED970A90ED980A84ED980A5E
:1041000090ED990A84ED990A90ED9A0A84ED9A0A45
:1041100090F86C1284F86C1290F86D1284F86D129D
:1041200090ED9C0A84ED9C0AD0F87412C4F87412C5
:10413000D0F87812C4F8781290ED9F0A84ED9F0AA7
:1041400090EDA00A84EDA00A90F8841284F88412FD
:1041500090EDA20A84EDA20A90EDA30A84EDA30AD1
:1041600090F8901284F89012D0F89412C4F8941237
:1041700090EDA60A84EDA60A90EDA70A84EDA70AA1
:1041800090F8A01284F8A01290F8A11284F8A1125D
:1041900090EDA90A84EDA90A90EDAA0A84EDAA0A75
:1041A00090EDAB0A84EDAB0A90EDAC0A84EDAC0A5D
:1041B00090EDAD0A84EDAD0A90EDAE0A84EDAE0A45
:1041C00090EDAF0A84EDAF0A90EDB00A84EDB00A2D
:1041D00090F8C41284F8C412B0F8C802DFED3AAA0D
:1041E000A4F8C802B7EE08AAF0EE6A8AF1EE04BAA3
:1041F0001EE000BFCDED00AA6A4600210520B0EE0A
:10420000480AFFF735FA0700F0EE488A1ED189EE1A
:10421000AB0A68EE080A9DED001A60EE810A60EEB6
:104220008A0AB4EEE00AF1EE10FA06D928EE0A8AFC
:10423000B4EECB8AF1EE10FADCD3324601216420D1
:10424000B0EE680AFFF714FA070008D0204600F025
:1042500065F801B03846BDEC088BBDE8F08396EDFB
:10426000000A204684ED370AFCF7CEFC2B46424676
:1042700000216420B0EE680AFFF7ACF9D5ED000A22
:104280009FED120A074660EE800AC5ED000AD8EDE0
:10429000000A20EE800A88ED000A96ED000AC9EEB9
:1042A000800A80EE8A0AF6F783FD89ED000A484607
:1042B000F3EE040ABBEE040A03F07EFC84ED379AA9
:1042C0002046FCF7A1FCC1E700000000BD378635A1
:1042D0001049114A00200B68984200DD0860C0EBCD
:1042E000001303EB430302EB03131B783BB1401CA9
:1042F0000A28F0DB0868401C086000207047C0EB0B
:10430000001000EB400002EB0010012100F8041B3C
:1043100070470000440300209C8400200B4A0021C9
:10432000C1EB011303EB430302EB03131B1D834299
:1043300008D1C1EB011101EB410102EB0111002099
:1043400008707047491C0A29EADB70479C840020EA
:104350000246012000E05043491EC9B2FBD270471B
:1043600010B5EFF3058111B16FF0050403E00024EF
:1043700008B103F015FE204610BD00000A460146B4
:1043800010B5094802EB820200EB820454F80C2CB1
:1043900014F8140DF7F71CFA2069BDE810404FF02F
:1043A000FF3100F06FB8000080030020EFF30580BC
:1043B00008B104F01FBF04F017BF4FF47A707047C4
:1043C000EFF3058010B16FF00500704704480168F5
:1043D00011B14FF0FF30704701210160002070479C
:1043E0003004002010B5EFF3058010B16FF0050028
:1043F00010BD04F0EBFE20B1022804D04FF0FF30D6
:1044000010BD012010BD03F0E7FF002010BD00002B
:1044100010B5EFF3058010B16FF0050010BD08482E
:104420000168012902D04FF0FF3010BD054A00217C
:1044300082F8141D0221016003F03CFF002010BD32
:10444000300400200BE000E070B5EFF3058010B100
:104450006FF0050413E004F0B9FE4FF0FF3510B122
:1044600002280BD108E0012405F02AF8012806D023
:1044700004F0ACFE10B102E0002400E02C4620461F
:1044800070BD0000F8B50D460024211F4E1C002809
:1044900004D000BFEFF30582A2B10DB10C461BE0C2
:1044A00000216A46009104F003FC012813D1009812
:1044B00090B10A494FF080500860BFF34F8FBFF3AF
:1044C0006F8F09E0294604F041FC012804D015B1A2
:1044D0006FF0010400E034462046F8BD04ED00E032
:1044E000F8B5144603460E464FF00005EFF305807D
:1044F00098BB93B39E423DD84CB1A0680028E068B9
:1045000003D0502836D3012002E008B132E0002069
:10451000012B05D010B31846A26804F016F920E06C
:1045200040B103200090002211460120A36804F04E
:104530004DF904E003220021012004F026F90500D2
:1045400018D086B100231A46194604F0B7F901289D
:1045500009D0284603F0D6FC00250BE0184604F0ED
:10456000D7F8050006D00CB1216800E000212846EC
:1045700003F0B4FC2846F8BD38B50024E51E002839
:104580000BD000BFEFF30581A9B10021009169466E
:1045900004F0A3FA012815D102E06FF0030412E041
:1045A000009880B109494FF080500860BFF34F8FE9
:1045B000BFF36F8F07E000231A46194604F07EF917
:1045C000012800D02C46204638BD000004ED00E054
:1045D0003EB5040001D0002903DA6FF0030001901A
:1045E0002BE04FF0FF300190EFF30580D0B10025B4
:1045F00002A800902B4601220295204604F064FD9B
:10460000002201AB11462046009504F05DFD0298A2
:1046100098B10B494FF080500860BFF34F8FBFF344
:104620006F8F0AE000230122204604F0DDFC002207
:1046300001AB1146204604F0D7FC01983EBD0000B6
:1046400004ED00E02DE9F84F894605464FEA0206E1
:10465000EFF3058010B16FF005041EE0002D02DAC3
:104660006FF0030419E05FEA897002D54FF000088B
:1046700000E0A8460024924604F0B6FD8346E71EFB
:1046800053466A464146002004F020FE012807D028
:104690000EB36FF001040028F2D12046BDE8F88F78
:1046A00000982C4004435FEAC9700BD035EA04003F
:1046B000F3D056B104F098FDA0EB0B00504506D99D
:1046C000002006E02542E8D1F3E73C46E5E7AAEB07
:1046D00000008246D4E73C46DDE700002DE9FF41BB
:1046E0004FEA01034FF00005EFF30581039549BB45
:1046F00040B38027182100244AB3166806B1344617
:1047000096691EB13146761E382E02D21679F6070A
:1047100003D0002004B0BDE8F081566906B1B708A7
:10472000D2F808C0BCF1000F0DD0D5685C2D18D3AD
:1047300012693AB136B18DE806103A46214604F0C6
:1047400028FC03900DE0D6685EB912694AB903AA45
:10475000CDE90012BAB2214604F0EEFB012800D0E8
:1047600003950398D6E710B5EFF3058111B16FF00B
:10477000050403E020B1002403F05EFD204610BDD7
:104780006FF00304FAE710B5EFF3058111B16FF094
:10479000050403E020B1002403F0D0FD204610BD45
:1047A0006FF00304FAE700002DED028B01F040FBEF
:1047B00004460120FFF7D4FD204601F0F7FAB0EEE1
:1047C000408A01F035FB0446FAF76CFB05460649C2
:1047D000B0EE480AFBF73AF80349B0EE480A28461B
:1047E000FBF722F9E5E70000707300204FF0FF347B
:1047F000224600210120FFF725FF0B4803F038FC7B
:104800000AA002F095FD084913A002F091FD0A20CC
:10481000FFF7A6FD03F0E6FE014610A002F088FDBA
:104820000A20FFF79DFDE3E7205300204E616D65F0
:104830002020205374617465202020205072696FFD
:104840007269747920202053697A652020204F7284
:104850006465720A0000000025730000746F7461C3
:104860006C206672656520686561702073697A6581
:104870003A25640A000000002DE9F041134C0F4670
:104880000546E6682068001D03F0D3F9681C07D1CF
:1048900037B12168BDE8F0410D48091D03F06FBA3A
:1048A00020683544B5424560216805D2A06BBDE85B
:1048B000F041091D03F04BBA606B091D03F047FA84
:1048C000A06A854200D2A562BDE8F081E003002025
:1048D000C0CA00202DE9F041054603F05DFA2D4CD9
:1048E000A068401CA06020682B4F10B1606930B3F5
:1048F0002BE02560A068012827D1002606EB860062
:1049000007EB800003F015FA761C382EF6D3234807
:1049100003F00FFA2148143003F00BFA1F48283037
:1049200003F007FA1D483C3003F003FA1B485030EF
:1049300003F0FFF9194860631430A06305E02068B4
:10494000E96AC06A884200D82560606A401C6062DB
:104950006864E86A2169884200D9206100EB800020
:1049600007EB8000291D03F00AFA03F035FA6069AD
:1049700000280CD02068E96AC06A884207D208493A
:104980004FF080500860BFF34F8FBFF36F8FBDE8CB
:10499000F0810000E003002010C6002070CA002053
:1049A00004ED00E038B503F0F7F9104C2068C8B901
:1049B0000F4803F0BEF90E48143003F0BAF90C4862
:1049C000E060143020610A4B0020F03B009003F1BE
:1049D000500210210A2003F0F9FE206010B105A159
:1049E00003F07CFABDE8384003F0F6B91C0400205F
:1049F000C4CB0020546D72510000000030B4026C32
:104A00000B46002A0BD0C1681144C1608468A142E2
:104A100001D30168C16030BC1846EBF7ABBC30BCB9
:104A200070472DE9F041856B174604460026026C5D
:104A300082B1C7B1E068EBF79DFCE168206C091A10
:104A4000E1602268914202D2A168081AE060022F58
:104A500016D017E02068A8B9A06804F07DFC0646CF
:104A60000020A0600EE06068EBF784FC216C6068B9
:104A700008446060A168884204D32068606001E057
:104A800005B16D1E6D1CA5633046BDE8F08110B503
:104A9000044690F8590058B101280CD002280FD0D4
:104AA000502080F31188BFF34F8FBFF36F8FFEE765
:104AB000206B03F0A5F92046BDE8104003F0A0B933
:104AC00010BD000010484FF47051420706D0C01DC1
:104AD0000D4920F00700411AC1F570510B4A00231F
:104AE0000144C2E900030839183A21F007011160B6
:104AF0004B600B600B1AC0E9001393604FF000404D
:104B00005360506170470000A4D200204C04002084
:104B1000144E154CA6F29C474FF08058DFF84C908D
:104B200012E000BF03F038F9F068C568281D03F0F3
:104B300080F8A068401EA0606068401E606003F0BE
:104B40004BF92846FFF7A3FF60680028EAD13868D0
:104B50000128F9D9C9F80080BFF34F8FBFF36F8FD9
:104B6000F2E70000ACCA0020E003002004ED00E002
:104B700070B51D46049C51B1C4F80020C4E90F0172
:104B80000121204603F056FE84F84C5070BD24608D
:104B9000F4E700002DE9F05F8846DDE90B94154647
:104BA000834691009A460A9EA522206BEBF702FCF1
:104BB0006FF00301206B01EB8501084420F007072B
:104BC000780707D0502080F31188BFF34F8FBFF3D1
:104BD0006F8FFEE70025B8F1000F0FD05FF00000E7
:104BE000221818F8001082F8341018F8001011B1CB
:104BF000401C1028F4D384F8435001E084F834506A
:104C0000382E00D33726E662C4E91365201D03F071
:104C10009BF804F1180003F097F82461C6F13800FE
:104C20006462A061656584F858505246594638461A
:104C300000F0B6FA2060B9F1000F01D0C9F80040C9
:104C4000BDE8F09F30B5114900E011460A68824284
:104C5000FBD34B685C18844203D140681844486019
:104C6000084643681C18944209D1084C183C246833
:104C7000A24209D052681A4442600A68126802606F
:104C8000814200D0086030BD0460F9E74C04002088
:104C900070B5002441600B4D0061914206D8D11AD5
:104CA0008269914206D2011D286907E09A4203D227
:104CB000994201D3012403E0011DE86803F047F89D
:104CC000204670BD1C04002010B5044603F064F8B3
:104CD000A06B28B15FF0000403F07EF8204610BD01
:104CE0000124F9E72DE9F0478146086892460C4611
:104CF000002600B3606804F1080540686060A842BF
:104D000001D1416861606068D0F80C8060684068DB
:104D10006060A84201D141686160606806EBC6012D
:104D200009EB8101C76853460122384603F05EF95A
:104D3000761C4745EAD13046BDE8F08730B589B0EA
:104D40003C4D6EE00498002806DADDE90601059A7C
:104D500090470498002864DB069C606910B1201D10
:104D600002F067FF03A800F0D7F8024604980A286B
:104D700057D2DFE800F00505052D334A05052D3330
:104D800094F8280040F0010084F828000599A069F3
:104D9000059B01442046FFF77BFF68B3216A20464C
:104DA000884794F8280040073BD5002000900598DC
:104DB000A169002342181946204604F013FCD8B913
:104DC000502080F31188BFF34F8FBFF36F8FFEE742
:104DD00014F8280F20F00100207022E094F8280039
:104DE00040F0010084F828000598A06128B18118DE
:104DF00013462046FFF74CFF13E0502080F3118844
:104E0000BFF34F8FBFF36F8FFEE794F82800810741
:104E100003D4204602F0F4FF03E020F0010084F800
:104E20002800002204A9286803F0A6FE002889D1E2
:104E300009B030BD1C0400202DE9FC410F46054699
:104E400003F0CAFA01A800F067F80446019818B107
:104E500004F036FBBDE8FC81254EAFB13069006837
:104E6000D0B30027291B3A46306803F077F804F0E6
:104E700027FB0028EED11F494FF080500860BFF398
:104E80004F8FBFF36F8FE5E7A542EBD804F018FB17
:104E9000F0682746C068C468201D02F0CAFE94F876
:104EA0002800410719D5A0692B4641193A462046EA
:104EB000FFF7EEFEA8B100200346014600902A4607
:104EC000204604F08FFB60B9502080F31188BFF3B7
:104ED0004F8FBFF36F8FFEE707E020F0010084F8EB
:104EE0002800216A20468847B4E70127BAE7000076
:104EF0001C04002004ED00E00648416B096829B15C
:104F0000416BC968C9684968816270474FF0FF31D9
:104F1000FAE70000E003002070B5054604F064F9EC
:104F2000064E0446B068844203D200F009F801201E
:104F300000E0002028602046B46070BD1C04002002
:104F4000F8B5194D20E0C068C4680668201D02F05D
:104F500070FE216A2046884794F82800400713D540
:104F6000A0693044B04206D924616060211DE86820
:104F700002F0EDFE08E000200346014600903246B4
:104F8000204604F02FFB38B1E86801680029DAD127
:104F90002969C5E90310F8BD502080F31188BFF3DB
:104FA0004F8FBFF36F8FFEE71C040020002101E04C
:104FB000401C491C0278A52AFAD0C1F38F00704723
:104FC00008484068401C4FF0500080F3118804D01E
:104FD000BFF34F8FBFF36F8FFEE7BFF34F8FBFF36A
:104FE0006F8FFEE754040020002150B10A4B426944
:104FF0009A420FD1806AA3F1280290420AD040B1B0
:1050000008E0502080F31188BFF34F8FBFF36F8FFC
:10501000FEE7012108467047C0CA0020074CE0683F
:10502000016841B1C0680021D0F80000FFF704FF1B
:10503000FFF784FEF3E701210020F7E71C040020BE
:105040002DE9F041044602F0A7FE94F9455004F121
:10505000240609E0606A48B1304604F0F9F908B165
:1050600003F068F86D1E6DB2002DF3DC4FF0FF36D3
:1050700084F8456002F0B0FE02F08EFE94F94450D0
:1050800004F1100709E0206948B1384604F0E0F95E
:1050900008B103F04FF86D1E6DB2002DF3DC84F8FB
:1050A0004460BDE8F04102F097BE00002DE9F041F8
:1050B0000546002703F090F9324E306808B9FFF733
:1050C00001FD706905424ED1C5B3083568070ED0A1
:1050D00005F00700C0F108000544680707D050201C
:1050E00080F31188BFF34F8FBFF36F8FFEE72DB3AF
:1050F0007068854237D82348183001460C6801E0B3
:1051000020460C466168A94202D221680029F7D1E5
:1051100031688C4227D007682168016060680837D1
:10512000411B10290FD96019420708D0502080F385
:105130001188BFF34F8FBFF36F8FFEE713E041601D
:105140006560FFF77FFD61687068401A7060B26843
:10515000904200D2B060706901430020C4E90001B0
:10516000F068401CF06004F0ABF9780707D05020DD
:1051700080F31188BFF34F8FBFF36F8FFEE7384680
:10518000BDE8F081340400200449086818B10868BB
:10519000026D521C0265086870470000E0030020A1
:1051A00010B5031F4FF080741C601B1F21F001011C
:1051B0001960191F044B0B6014390A60091F6FF046
:1051C000020244380A6010BDC14F010870B5094D94
:1051D00006212846EEF72AF9044607212846EEF76D
:1051E00025F944EA400408212846EEF71FF944EA6D
:1051F000800070BD00080048144C43F2B0656E108A
:105200004FF42F674FF4AF684FF47A796078022833
:1052100002D10F48F9F772FD207848B101280AD071
:1052200002280BD003284FF002010AD0484609E0BB
:105230000221284606E00221304603E002213846DA
:1052400000E04046FFF79AF8E0E70000F80200208F
:10525000188400202DE9F047974D04462DED028B70
:1052600084B0A84201D1012000E000208046D4F89B
:105270007802FDEE000A00EE100AB8EEC00A60EEF9
:10528000200AB0EE000AF5F761FAB0EE408A00207D
:1052900002F062F80A2801D29FED888A94EDE80AAC
:1052A000D4EDE70A4FF00009B8F1000F70EE600A84
:1052B00094EDE80A08EE600A84EDE80A46D0FAF7B1
:1052C0005BFF10EE100AEBF730FADFF8F4A1DAF822
:1052D0000430DAF80820D5F8B063D5F8B473861B2B
:1052E00061EB07079B1905F56C757A41CAF8043024
:1052F000CAF8082028606960FFF758F80646FFF7EB
:105300005CF8B6FBF0F1AA684846EB688A1AA5F586
:105310006C7579EB030204D20023C5F8B833C5F8E5
:10532000BC33DAF81030DAF81420D5F8B863D5F8C1
:10533000BC738E1B60EB07079B197A41CAF81030CB
:10534000CAF81420C5F8B813C5F8BC03FAF7CCFFA7
:1053500084EDE60AD4F83003002805DDD4F83003E4
:10536000401EC4F8300301E084F8CC92C4F83493B2
:105370002146084601F01EF994F86C020D281DD252
:10538000DFE800F01C1C1C1C1C07070A1A0A1A0D77
:105390001300FAF7BDFF11E095EDE20A0EE095ED7E
:1053A000E20A484910EE100A04E095EDE20A464987
:1053B00010EE100A884201DC95EDE10A88F0010147
:1053C0000F462046F9F734FDFAF79CFE054694F89F
:1053D0008E00022836D1ADB3002302AA01A9684687
:1053E000FDF7C0FD9DED000A9FED388A384E30EE86
:1053F000480AB0EEC00A10EE100AB04204DD0022E6
:1054000039460F20FAF78EFE9DED010A30EE480A6C
:10541000B0EEC00A10EE100AB04204DD0022394698
:105420001020FAF77FFE9DED020A30EE480AB0EE3A
:10543000C00A10EE100AB04204DD002239461120E5
:10544000FAF770FE94F8490102282FD0002D2DD0D4
:10545000FAF77CFE84EDE40A94EDE40ADFED1D0A20
:10546000B0EEC01A9FED1C0AB4EEE01AF1EE10FA8D
:10547000D4EDE50A94EDE51A03DDF7EE001A31EEFE
:10548000611A164941EE400AC4EDE50A94EDE50AB9
:1054900010EE100A884209DD04B03946BDEC028BDB
:1054A0000022BDE8F0471220FAF73CBE04B0BDEC84
:1054B000028BBDE8F0870000F07700200AD7233C7C
:1054C000845200200000484200008C420000004549
:1054D00000001B44410884406F12833A9A99993E18
:1054E000134C4FF0FF38424600210120FFF7AAF885
:1054F000A0780026072811D2DFE800F01004040885
:1055000008080800E769666200250EE0E16A4FF4CA
:105510007A77E2698E1A6662002501E06662E2E748
:105520003146284600F006F86D1CBD42DBDAF7E78D
:10553000DC0100202DE9F04F05462DED048B002005
:105540008FB06C184FF47A710D9001E0A4F57A7465
:105550008C42FBDA02E000BF04F57A74002CFBDB1E
:1055600013220DF80020401CE8460D900DAA29B228
:105570004046F6F7A7F980480178804800F57A6A36
:1055800000F5FA690AF5FA5630F9140009F5FA5BE4
:1055900006F6B83700EE100AF1B3B8EEC00A0DA94E
:1055A0006846F6F74BF939F914000DA900EE100A18
:1055B0006846B8EEC00AF6F741F93AF914000DA9A9
:1055C00000EE100A6846B8EEC00AF6F737F909F59A
:1055D0007A6030F914000DA900EE100A6846B8EEA2
:1055E000C00AF6F72BF9A6F57A6030F914000DA978
:1055F00000EE100A6846B8EEC00AF6F71FF93BF94C
:1056000014000DA900EE100A6846B8EEC00AF6F7BD
:1056100015F936F9140000E00EE000EE100A0DA9AD
:105620006846B8EEC00AF6F709F937F9140000EE3B
:10563000100AB8EEC00A71E0F8EEC00A9FED508A79
:105640000DA9684680EE880AF6F7F8F839F91400D3
:105650000DA900EE100A6846F8EEC00A80EE880A2E
:10566000F6F7ECF83AF914000DA900EE100A6846B6
:10567000F8EEC00A80EE880AF6F7E0F8414830F903
:10568000140000EE100AB8EEC00ADFED3F8A9FED6D
:105690003F9AF3EE009A20EE280A0DA9684620EE04
:1056A000090A20EE290AF6F7C9F8394830F914003A
:1056B0000DA900EE100A6846B8EEC00A20EE280ACE
:1056C00020EE090A20EE290AF6F7B8F83BF9140093
:1056D0000DA900EE100A6846B8EEC00A20EE280AAE
:1056E00020EE090A20EE290AF6F7A8F836F9140088
:1056F0000DA900EE100A6846B8EEC00A20EE280A8E
:1057000020EE090A20EE290AF6F798F837F9140076
:1057100000EE100AF8EEC00A80EE880A0DA968466D
:10572000F6F78CF81B4830F91400F2EE040A00EE8C
:10573000100A0DA96846B8EEC00A20EE200AF6F756
:105740007DF81548015D0D9A08F802101349095DAE
:10575000521C684608F80210521C0D920DAA2946E8
:10576000F6F7BBF8044A68460D99926890470FB067
:10577000BDEC048BBDE8F08FDC0100206404002048
:105780008B2E7844D41B00200000803933335340E3
:10579000A4230020CC460020143B00209C4E002077
:1057A00010B5044602F0C8F921780B480170616811
:1057B0004160A1688160E168C1602169016161693E
:1057C0004161A16981610021017002F0C1F9BDE868
:1057D000104001F087BB0000E07B002010B5154CA5
:1057E00088B084ED030A02F0A7F9134801788DF818
:1057F00000104168019181680291C16803910169BB
:105800000491416905918069069002F0A1F994ED37
:10581000030A0A49BDEEC00A10EE100A91FBF0F02F
:105820000190684600F0A6FD6846FFF7B9FF08B092
:1058300010BD0000A0020020E07B0020007A030AD7
:1058400010B588B004461C216846EAF7BAFD00216D
:105850006020CDE900014FF48070CDE904104000D4
:105860000690314802910391844230D12F48EFF7DE
:10587000E5FC04212D48EFF7E1FC08212B48EFF768
:10588000DDFC002269462948F0F7FAF80021274894
:10589000F0F7BCF900212548EFF704FD0422694622
:1058A0002248F0F7EDF804212048F0F7AFF9042181
:1058B0001E48EFF7F7FC082269461C48F0F7E0F8AD
:1058C00008211A48F0F7A2F90821184824E000221C
:1058D00069461748F0F7D4F800211548F0F796F913
:1058E00000211348EFF7DEFC042269461048F0F768
:1058F000C7F804210E48F0F789F904210C48EFF7A6
:10590000D1FC082269460A48F0F7BAF8082108488D
:10591000F0F77CF908210648EFF7C4FC012084F871
:10592000D80008B010BD0000707300206C57002034
:10593000205700200A20FEF713FDFBE730B59FED4E
:105940003E0A87B080ED300A044680ED310A1C2102
:105950006846EAF736FD00254020CDE900058000C5
:10596000CDE90450400006903448029503958442E6
:1059700033D100213248F0F7D3F900213048F0F755
:10598000CFF900212E48F0F7CBF9002269462C48C8
:10599000EFF7B4FF042269462948EFF7AFFF08226A
:1059A00069462748EFF7AAFF00212548EFF7DEFFF9
:1059B00000212348EFF742FC04212148EFF7D6FFEE
:1059C00004211F48EFF73AFC08211D48EFF7CEFFEE
:1059D00008211B48EFF732FC2AE0002269461948EB
:1059E000EFF78CFF00211748EFF7C0FF00211548A3
:1059F000EFF724FC042269461148EFF77FFF0421EA
:105A00001048EFF7B3FF04210E48EFF717FC082208
:105A100069460B48EFF772FF08210A48EFF7A6FF27
:105A200008210848EFF70AFC20210548EFF736FE69
:105A300084F8D85007B030BD00000000707300201B
:105A40006C570020205700200248806A90ED980A89
:105A5000FFF7C4BEA0020020034900204870803137
:105A60000861FFF7F1BF000020020020254A10B5B1
:105A70001368254C03EB430101EB03115B1C04EBA2
:105A80008101136003780B7043784B7090ED010A2D
:105A900081ED010A90ED020A81ED020A90ED030A00
:105AA00081ED030A90ED040A81ED040A90ED050AE8
:105AB00081ED050A90ED060A81ED060AC369CB6106
:105AC000036A0B62436A4B62836A8B62C36ACB626E
:105AD000036B0B6390ED0D0A81ED0D0A836B8B63F5
:105AE000C36BCB63036C0B6490ED110A81ED110A5B
:105AF00090ED120A81ED120A1068192801DB0020CE
:105B0000106010BD5803002018AC002030B59BB0C9
:105B10000024139414940B25159416941794189438
:105B20004C2168461994EAF74CFC2548816D41F0F8
:105B300008018165806D049400F008001A902148E6
:105B4000CDE90005601ECDE9024080200690684640
:105B5000EFF741FC4FF48050139013A96846EFF71C
:105B600025FD179417A968461994EFF7A5FA0022A6
:105B70000A213220EDF7F2FC3220EDF7E1FC684615
:105B8000EFF78EFC104A00210120FEF7A9FC0F4C14
:105B90000D4A0021206110320120FEF7A1FC0A4AC3
:105BA0006062203200210120FEF79AFC064AA063C1
:105BB000303200210120FEF793FCE0641BB030BDC1
:105BC00000100240000C0040489C010880030020A7
:105BD0002DE9F0410546A0B07048EFF7CAFB7048C8
:105BE000EFF7C7FB002419941A941794189414948F
:105BF00015941C2168461694EAF7E3FB342107A8A4
:105C0000EAF7DFFB65486749202680E852006649CD
:105C100091FBF5F1C0E9031444618461EFF7DBFB0C
:105C200008B1EBF72CFF4FF4805517A95B48179587
:105C3000EFF7BCFC08B1EBF722FF5848EFF7B2FFD3
:105C400008B1EBF71CFF80201496CDE9154014A98C
:105C50005248EFF731FA08B1EBF711FF514E4FF010
:105C600060082C36CDF80080306800224008CDE96D
:105C70000104B015CDE90440400006900394694644
:105C80004648EFF7FDFE08B1EBF7F9FE042269463E
:105C90004248EFF7F5FE08B1EBF7F1FE082269463E
:105CA0003E48EFF7EDFE08B1EBF7E9FE30680694E9
:105CB000801E01900C2269463848EFF7E1FE08B1DA
:105CC000EBF7DDFE079414200894CDE909404FF46A
:105CD0000050CDE90B400D9400030E94CDE90F4028
:105CE0001194129407A92D481394EFF78DF908B178
:105CF000EBF7C5FE14211BA8EAF763FB28484FF613
:105D0000FF714FF08046C0E90241046101278461C0
:105D1000C0E90067EFF75FFB08B1EBF7B0FE17A92A
:105D20001F481795EFF742FC08B1EBF7A8FE1C4897
:105D3000EFF738FF08B1EBF7A2FE0420CDE91B0412
:105D40001BA91748F0F752F808B1EBF798FE149426
:105D500014A913481694EFF7AFF908B1EBF78FFECB
:105D6000CDF80080CDE90174042269460C48049402
:105D7000EFF786FE08B1EBF782FE0A482430046094
:105D800074620748EFF78CFB0448EFF789FB0421A6
:105D90000348EFF73BFF20B0BDE8F0816C570020CF
:105DA000B8570020002C0140007A030A0549096811
:105DB0009FED051A081A00EE100AF8EE400A80EE70
:105DC000810A7047240C0040809F554B10B5074C4A
:105DD0002070A078002807D10120A070044A00217B
:105DE0000448FEF77BFC606110BD0000F802002053
:105DF00010980108F95101082DED028B9FED058ADD
:105E00000548B0EE480A00F019F80120FEF7A8FA9C
:105E1000F6E700006F12833A707300200348FFF723
:105E200019FA0120FEF79CFAF8E70000F07700204D
:105E30000148006870470000240C0040F0B504469B
:105E40002DED088B89B0B0EE408AF9F799FC2568F2
:105E5000FBF7E6FD10EE100AFE49884216D2FBF76A
:105E6000DFFDD5ED550A70EE600A9FEDFB1AB7EE27
:105E7000000A00EE810AD5ED370A60EE800AC4ED13
:105E8000F50AD5ED2F0A20EE800A05E095ED370AD8
:105E900084EDF50A95ED2F0A84EDF60A01F04CFE2B
:105EA000F0EE480ADFEDED8A04F1CC00B0EE680AAE
:105EB00001F008FE94F8B400E94F0026F0BB207909
:105EC00002283ED16079022807D0032805D0052892
:105ED00003D0062801D0072833D195ED880A10EEAB
:105EE000100AB84205DADF4890F8C80308B19FED00
:105EF000DE0AD4ED310AF0EEE00AF4EEC00AF1EE6B
:105F000010FA1ED2D4ED300AF0EEE00AF4EEC00A28
:105F1000F1EE10FA15D2D4ED320AF4EEC00AF1EE29
:105F200010FA0ED294ED330AB4EEC80AF1EE10FA6C
:105F300007D20A2060712671204600E001E0FFF7D9
:105F4000FDFC01F005FE94ED220AD5ED4A0A95ED1F
:105F5000489AB0EEC00AD5ED49AA30EE800A95ED18
:105F600047AA8DED060AD5ED4B0AF5EEC00AF1EE13
:105F700010FA04DDB0EE680A06A801F0F9FD95ED0F
:105F8000430A95ED422A95ED001AF0EE680A60EE9C
:105F9000021A9DED060A01F0C1FC8DED040A95ED93
:105FA000420A04A801F01AFE9DED042A8DED022A92
:105FB00095F8300101281CD039EE2A1AD4EDE00AF8
:105FC00031EE0A0A30EE600AB4EEC90AF1EE10FAB8
:105FD00002D2CDED028A0CE0B4EEC01AF1EE10FA56
:105FE00007DDF0EE681AF0EE490A01F097FC8DED3E
:105FF000020A9DED040A02A801F0F0FD94ED100ADA
:106000009FED9ABAB5EEC00AF1EE10FA9DED020AC4
:1060100002DD20EE0B0A03E0DFED950A20EE200AF8
:1060200004F5807060EE089A94ED400A30EE290A7B
:1060300084ED400A01F0CEFCDDED040A94ED470A40
:1060400060EE8B0AB0EEC00AB4EEE00AF1EE10FA90
:106050000BD294EDDF0AD5ED460AB4EEE00AF1EE7C
:1060600010FA02D230EE080A08E094EDDF0AB5EE2D
:10607000C00AF1EE10FA03DD30EE480A84EDDF0AC3
:10608000607903280AD0207902280DD194ED100AF6
:10609000B0EEC00A10EE100AB84205DAC4EDDF8A8D
:1060A000C4EDE08A84F8F86094EDDF0AD5ED460A85
:1060B0000020B4EEE00AF1EE10FA0BDB6D4AD4F8E2
:1060C0008013914206DC39EE2A0A012030EE0A0ADA
:1060D00084EDE00A2179022901D0C4EDE08A94ED33
:1060E000E00AB5EE009AB5EEC00AF1EE10FA4EDD08
:1060F00094ED3B0A30EE290A84ED3B0A78B194ED29
:10610000101ADFED5D0AB5EEC01AF1EE10FA02DDED
:1061100030EE200A01E030EE600A84ED3B0A04F123
:10612000EC0001F057FC012084F8F80094EDE00A3F
:1061300030EE480A84EDE00AC4EDDF8AD4ED100A9F
:1061400094ED3B0AF5EEC00AF1EE10FA02D2FFEE32
:10615000000A01E0F7EE000A9FED481A03A901A822
:1061600060EE810A00EE890A01F090F995ED380A97
:10617000DDED030A20EE200A84ED3C0A95ED380A95
:10618000DDED010A20EE200A84ED3D0A05E094EDE4
:106190003A0A84ED3B0A84F8F8602079022834D169
:1061A00094ED230A8DED010A94ED240A8DED030A86
:1061B00094ED1F0A8DED050A94ED200A8DED070A76
:1061C0009DED050ADDED070A20EE000A00EEA00AAB
:1061D000F4F7EEFDD4ED4C0A30EE200A84ED4C0AC3
:1061E0009DED010ADDED030A20EE000A00EEA00A93
:1061F000F4F7DEFDD4ED4D0A30EE200A84ED4D0AB1
:10620000D4F82C01401CC4F82C0194ED190ADFEDE0
:106210001C0A95ED392A80EE801A94ED100AF0EEF2
:10622000680AB0EEC00AF0EE601A01F077FBD5ED17
:106230003A0A95ED391A60EE810AF4EEC00AF1EEE1
:1062400010FA01DDB0EE600AF1EE000A20EE200A3D
:1062500018E000000000F0C10EF87C3B00000000D8
:106260006F12833A707300206F12833A5077D63DD5
:106270005077D6BD17B7D138920A863FDB0F494019
:106280000000204284ED510A94ED160AD5ED350A3E
:10629000DFED352A20EE001A9FED340A04F5747004
:1062A00060EE201A94EDF40AF0EE400A01EEC10A05
:1062B00084EDF30A94ED152AD4ED411AD4ED423A57
:1062C00022EE213AD4ED141A01EEE33AD4ED483A25
:1062D00023EE233A00EE013A94ED1A0A94ED1B1ACC
:1062E00021EE800A02EE010A33EE400A22EEC00AD5
:1062F00040EE080AC4EDF40A95ED370AF0EE080AFC
:1063000060EE200A20EE090A01F032FC2079002814
:1063100026D1206890F88D11490721D590ED640AA7
:10632000D4ED2A0A30EE601ADFED110A01EE600AA0
:1063300080ED640A206894ED2B1A90ED650A30EE2A
:10634000411A01EE600A80ED650A206894ED2C1A6E
:1063500090ED660A30EE411A01EE600A80ED660AA1
:1063600009B0BDEC088BF0BDACC5A737ACC527376D
:1063700017B7D138F0B5816888B0029141680191B2
:10638000C168059101690091416903918169069194
:106390005E499DED010A029C8A6AB8EE400AD2ED80
:1063A000190A20EE800ABCEEC00A10EE103AA34291
:1063B0000BD29DED010AD2ED190AB8EE400A20EE8B
:1063C000800ABCEEC00A8DED020A00234B6192F8F0
:1063D0008E30012B19D04D4B803B5C78012C25D0A1
:1063E00092F88C400122022C2CD0029C6408059467
:1063F000DDE90145641B05EB540425460094019C2E
:10640000463CA5425AD82C4659E0019A0A3A0092D5
:1064100003920692029AB2F57A7F02D95108059149
:106420006AE002F54872059207223DE002994908A8
:106430000591DDE90112891A02EB510100910391E6
:10644000069159E0DDE90146019DA41B06EB5406C7
:10645000AF08AC1ECDE90574D3F840C00227AD1ECD
:10646000BCF1070F48D2DFE80CF047040912171CF3
:1064700021009A6C9AB9039600943DE09A6C4AB94F
:1064800002E003954F6137E00096039434E09A6C84
:10649000002AF9D10096F4E79A6C002AEBD1009417
:1064A000EFE79B6C3BB903E04A6125E09B6C13B1BD
:1064B00000950394F8E703960095F5E7009403949C
:1064C000009C0694DDE90145B5EB540F14D99C6C92
:1064D0001B6C44B1072B0FD2DFE803F00E04040459
:1064E00004040400E0E7072B06D2DFE803F005040C
:1064F000040404040400D7E70599C1600099016110
:10650000039941610699816108B0F0BDA0020020A5
:1065100070B50C46054601F00FFB4FF4A47104F56D
:10652000B870E9F74EFF25B1012D10D0022D1DD115
:1065300020E00820C4F87C010420C4F8800114483D
:10654000C4F870011348C4F8740113480CE010201B
:10655000C4F87C010220C4F880011048C4F870011E
:106560000F48C4F874010F48C4F87801BDE87040C2
:1065700001F0EEBA2020C4F87C010120C4F88001AB
:106580000948C4F870010948C4F874010848EBE7E9
:10659000F17701082D780108A578010881750108B7
:1065A000C17501083D760108B9760108F976010840
:1065B0007577010870B505462DED108B0C46FD482A
:1065C000854201D1012600E0002695EDE7CADFED06
:1065D000FACA95F88E10022933D0F9F74FFEF0EE83
:1065E00040BA00BFB0EEEBFAF9F7F0FDF0EEC0EA0A
:1065F000F9F798FCD5EDE10A70EEC00A95EDE10AD5
:106600009FEDEEAAF0EE6C8A00EECA0A85EDE10A73
:1066100094F86D12E7485438DFEDE90AB7EE008AC6
:106620009FEDE80ADFEDE89A9FEDE89A9FEDE81A02
:1066300009295ED2DFE801F01C445E2C7EAACCEA78
:10664000FE0090F8550210B19FEDE28B01E09FED46
:10665000E38BFCF7FBFC10EE100AEAF79BF853EC17
:10666000182BE9F770FFEAF7A8F80BEE900AB9E7E4
:10667000408A01EE100AF8EE411A80EEA11A71EE7E
:10668000480A80EE201AC1EE000AB0EE600A0EE061
:106690009FEDD41A408A01EE900AB8EE612AC0EE4E
:1066A000821A71EEC81AC0EE210A80EE810AF3F751
:1066B00097FF94ED9A1AC0EE010A30EEA90A82E023
:1066C000DFEDC91A408A02EE100AB8EE422AC0EE87
:1066D000822A32EEC82AC0EE020A70EEE10A80EE8B
:1066E000A10AD4ED9C1A60EE010A80EEA10A70EEB8
:1066F000018AABE0408A01EE100AB8EE411AC0EE02
:10670000811A31EEC81AC0EE010A20EEA00A9FEDF0
:10671000B71A20EE011A21EE201ADFEDB51A00EEAD
:10672000611A9FEDB40A00EE801A9FEDB30A71EE74
:10673000408A8BE0408A01EE100AB8EE411AC0EEA2
:10674000811A31EEC81AC0EE010A9FEDAC0A20EEA4
:10675000800A20EE200A20EE200A20EE200A9FED7B
:10676000A81A20EE811A21EE201A01EE200A9FEDD0
:10677000A51A20EE811A01EE600A9FEDA31A00EE21
:10678000810ADFEDA20A70EE608A5FE0408A01EEC6
:10679000100AF8EE411A80EEA11A31EE481AC0EE46
:1067A000010A94EDA01A80EE810AF3F719FF94ED27
:1067B0009A1AC0EE010A94ED9F0A30EE090A88EE9B
:1067C000001A30EE810AC8EE000A70EEC98A3DE078
:1067D000408A01EE900AF8EE611A80EEA12A72EE6C
:1067E000480AC0EE201A94EDA00A71EEC00AD4ED5A
:1067F000A01A80EEA10A60EE010A94ED9C1A80EEC8
:10680000810AD4ED9F0A70EE208A1FE0408A01EED3
:10681000100AB8EE411AC0EE811A31EEC81AC0EE65
:10682000010A9FED7B1A9FED7B0A00EE810AF4F7C7
:10683000BFFA00E008E0DFED780A30EE600ADFED35
:10684000770AC0EE208A01E0D5EDE98A18EE900AB9
:1068500020F00040C0F1FF40C00F10D118EE900AA8
:106860004FF07F41B1EB400F09D018EE900A6C4910
:10687000884204DC18EE900A6A49884201D9DFEDAB
:106880006A8AD5EDE20A95EDE20A70EEE80A9FED1C
:10689000671A00EEC10A85EDE20A94ED010AD4ED13
:1068A0001D0A20EE209A94ED000AD4ED1C0AF0EEA9
:1068B000499A20EE208AD4ED130A95EDE10A70EE94
:1068C0008A0AF0EE48AAB4EEE00AF1EE10FA4ED3CE
:1068D000D4ED140A95EDE10A70EECA0AB4EEE00AAE
:1068E000F1EE10FA0ADDF0EE6C9A86F00101F0EE9E
:1068F00069AA00220520F9F715FC38E0F0EEC81A65
:10690000F0EEC98AB0EE61BAF4EEE18AF1EE10FA67
:1069100001DDF0EE681A94ED141AD4ED130A95ED2A
:10692000E10AB0EE6C2A01F013F8F4EEC08AF1EE41
:1069300010FA0BDDB5EEC09AF1EE10FA02D2FFEEBE
:10694000000A01E0F7EE000A60EE809AB4EEC0BAE9
:10695000F1EE10FA0BDDB5EEC08AF1EE10FA02D2BC
:10696000FFEE000A01E0F7EE000A60EE80AAD4ED27
:10697000150A95EDE20AB0EE48BA70EE8A0AB4EE56
:10698000E00AF1EE10FA14D3D4ED160A95EDE20AFE
:1069900070EECA0AB4EEE00AF1EE10FA48DDB0EE8D
:1069A0006C9A86F00101B0EE49BA00220620F9F790
:1069B000B9FB78E0F077002000000000CDCCCC3DA2
:1069C00000F07F4500401C460FCF5B3B339388436C
:1069D0000000C842000000000000F0BF00000000FE
:1069E0000000F03F0050C34700007A44996E2F32F8
:1069F000C8BB9238623E793E2225204318AA09ADD1
:106A0000083F8833F3F65239D4BBD03E875B21432D
:106A1000240B18BB5CBD8C41AC1C7A40240B98BA8B
:106A200000001644000048C30000C8C20AD7233C37
:106A3000B0EE490AF0EEC81AF0EEC08AB0EE61DAA4
:106A4000F4EEE18AF1EE10FA01DDF0EE681A94ED51
:106A5000161AD4ED150A95EDE20AB0EE6C2A00F094
:106A600077FFF4EEC08AF1EE10FA0BDDB5EEC09AB6
:106A7000F1EE10FA02D2FFEE000A01E0F7EE000A92
:106A800020EE809AB4EEC0DAF1EE10FA0BDDB5EE2E
:106A9000C08AF1EE10FA02D2FFEE000A01E0F7EE32
:106AA000000A20EE80BAF0EE6C8AD4ED131A94ED51
:106AB000170AB3EE092AB7EE001AF0EE680A00F0E2
:106AC00047FFF0EE40FAD4ED141A94ED170AB3EE36
:106AD000092AB7EE001AF0EE680A00F039FFB0EEAE
:106AE00040EAD4ED151A94ED170AB3EE092AB7EE71
:106AF000001AF0EE680A00F02BFFF0EE40DAD4ED59
:106B0000161A94ED170AB3EE092AB7EE001AF0EE42
:106B1000680A00F01DFFB0EE40DA7FEE8A0A95EDBC
:106B2000E10AF0EE68CAB4EEE00AF1EE10FA02D221
:106B3000F0EE48CA16E07EEE4A0A95EDE10AB4EEA0
:106B4000E00AF1EE10FA0DDC95EDE10AB0EE682AEC
:106B5000F0EE481AB0EE4E1AF0EE6F0A00F0F8FEB2
:106B6000F0EE40CA7DEE8A0A95EDE20AB0EE68EAE0
:106B7000B4EEE00AF1EE10FA02D2B0EE48EA16E006
:106B80007DEE4A0A95EDE20AB4EEE00AF1EE10FA63
:106B90000DDC95EDE20AB0EE682AF0EE481AB0EE90
:106BA0004D1AF0EE6D0A00F0D3FEB0EE40EA94ED1F
:106BB000080AD4ED090A94ED081AB0EE68DA60EE1E
:106BC000200A30EE8A0AB4EEEB0AF1EE10FA02DD8A
:106BD000B0EE48DA10E031EE4A0AB4EEEB0AF1EE1C
:106BE00010FA09D3B0EE682AF0EE481AB0EE6B0A3C
:106BF00000F0AEFEB0EE40DA94ED070AD4ED090ADB
:106C000094ED071AF0EE68DA60EE200A30EECA0A58
:106C1000B4EEEB0AF1EE10FA02D2F0EE48DA10E030
:106C200031EE0A0AB4EEEB0AF1EE10FA09DCB0EE2E
:106C3000682AF0EE481AB0EE6B0A00F089FEF0EE1A
:106C400040DA94ED410AF0EE48BAB4EECF0AF1EE24
:106C500010FA0FDD94ED400A94ED411AB0EE482A87
:106C600060EE081AF0EE680AB0EE4F0A00F070FE0F
:106C7000F0EE40BA94ED1E0AD4ED190A20EE200A77
:106C8000B4EEEE0AF1EE10FA06DC94ED1E0A83492A
:106C900010EE100A884202DDF0EE48FA15E094ED9D
:106CA0001E0AD4ED190AB1EE041AF0EE481A60EE8D
:106CB000200A94ED880A20EE012A94ED191AB0EE0C
:106CC0006E0A00F045FEF0EE40FA94ED0E0AF0EE8A
:106CD00068EA30EE4A0AB4EECC0AF1EE10FA02D2BB
:106CE000D4ED028A16E094ED0F0A30EE0A0AB4EEF3
:106CF000CC0AF1EE10FA0DDCD4ED021A94ED0F1A65
:106D0000D4ED0E0AB0EE6E2AB0EE4C0A00F020FE72
:106D1000F0EE408A94ED100AB0EE6EFA30EE0A0AF8
:106D2000B4EECC0AF1EE10FA02DD94ED03FA16E0AF
:106D300094ED110A30EE4A0AB4EECC0AF1EE10FAE4
:106D40000DD3D4ED031A94ED111AD4ED100AB0EE60
:106D50006E2AB0EE4C0A00F0FBFDB0EE40FAD4ED26
:106D60001A0A80EE8C0AD4ED1B0A80EE8CAAF0EE93
:106D7000680A00F006FEB0EE40CAF0EE4F0AB0EE30
:106D80004A0A00F0FEFDF0EE408A94ED020AF0EEB1
:106D90004C0A00F0F6FD84ED210A94ED030AF0EEB2
:106DA000680A00F0EEFD84ED220A95EDEA0AB5EEE0
:106DB000C00AF1EE10FA26DD94ED040A384910EE0F
:106DC000100A88421FDAD5EDEA0A94ED211A80EE06
:106DD000810AD4ED040AF4EEC00AF1EE10FA0BD2E7
:106DE000D4ED040AB0EE6E2AF0EE481AB7EE001A9F
:106DF00000F0AEFDB0EE408AB5EEC08AF1EE10FABA
:106E000001D2B0EE6E8AF0EE4B0AB0EE6A0A00F0E4
:106E1000B8FDB0EE40AAF0EE490AB0EE690A00F003
:106E2000B0FDF0EE408AF0EE4D0AB0EE4A0A00F0F6
:106E3000A8FDF0EE6D0A00F0A4FDF0EE6B0A00F084
:106E4000A0FDF0EE6C0A00F09CFDF0EE4E0A00F0A2
:106E500098FDF0EE6F0A00F094FDF0EE480A00F0A5
:106E600090FDD4ED880AF4EEC00AF1EE10FA01DDCF
:106E700094ED880AD4ED880AF1EE600AF4EEE80A8F
:106E8000F1EE10FA03D2D4ED880AF1EE608A84EDB7
:106E90001F0AC4ED208ABDEC108B70BDA4707D3F2D
:106EA00048E17A3F0E4A00B5906A90F88F10A2F13F
:106EB000800379B190F88F0002280DD1FCF76EFDA8
:106EC000906AB0EEC00AD0ED2D0AB4EEE00AF1EE01
:106ED00010FA01DD012000E00020187100BD000063
:106EE000A002002010B500F027FE21480178D9BB90
:106EF00020490A680A2A37D90A681E4B08331968DC
:106F0000A1F5FA718A422FD21A4924390A6842F04F
:106F100002020A60184A146844F0020414604468CB
:106F20001C608368134C103423608368241D236025
:106F30008368241D2360C3680F4C343423600369C5
:106F40000C4C1C34236043690B4C38342360836938
:106F5000241D23600B6823F002030B60116821F0ED
:106F60000201116001210170BDE8104000F0F0BD88
:106F7000E07B0020242C01400034014070B506461F
:106F80002DED088B00F108040568317905F5D47002
:106F9000022900D10C38CC4990ED002A4A8901EE33
:106FA000102AB8EE411ADFEDC92A61EE221A9FEDD0
:106FB000C81A8A8911EE812AF3EE001A22EE214ABC
:106FC00090ED012A03EE102AB8EE433A23EE223A5E
:106FD00013EE012A90ED023AC88922EE212A03EE2F
:106FE000900AD4ED1F4AF8EE633A63EEA22AD4ED7C
:106FF000203A12EE813A94ED111A63EE212A94EDB3
:10700000103A64EE831A41EE631A63EE833A41EE5E
:10701000243ABEEE001A21EE811ADFEDAE4AB0EE40
:10702000413A03EEE41A03EEA43AB5EEC03AF1EEAB
:1070300010FA02D2FFEE004A01E0F7EE004AF5EE48
:10704000C01AF1EE10FA02D2FFEE001A01E0F7EEDC
:10705000001AF0EE003AB5EEC01A51EEA34AF1EE76
:1070600010FA02D2FFEE001A01E0F7EE001A74EEF9
:10707000E14ADFED991AB5EEC03A64EEA14AF1EEAD
:1070800010FA02D2BFEE003A01E0B7EE003AB5EED8
:10709000C01AF1EE10FA02D2BFEE001A01E0B7EE0C
:1070A000001A33EE411A9FED8D5A95ED313A21EEDB
:1070B000051ADFED8B5A23EE253AD5ED305A84EDD3
:1070C000004A84ED012A23EE253AC4ED022A64EE3B
:1070D000834A21EE031A30EE64BAB0EE420A70EE33
:1070E000C1AA14EE230A84ED06BAC4ED07AA3079CA
:1070F000022830EE620A60EE219A32EE620A20EE39
:10710000059A09D0D4ED170AB7EE081A81EE200AC5
:1071100029EE80BA69EE00AA96ED480ADFED710A01
:107120007149B7EE008A20EE200AB0EEC0AA1AEE2E
:10713000100ADFED6E8A88420DDAB7EE002ADFED25
:107140006C1A9FED6C1AF0EE680AB0EE4A0A00F075
:10715000E5FBB0EE408A29EEA90A09EE090AF3F729
:1071600027FE94ED031ADFED640A60EE200A00EEBC
:10717000880A31EE400A08EE401A84ED031A94EDB5
:10718000040A11EE100A70EE4B0A08EE600A84ED54
:10719000040A94ED050A70EE6A0A08EE600A84EDAE
:1071A000050AF3F722F910B1B0EE680A01E094ED98
:1071B000030A84ED030A2069F3F717F910B1B0EE62
:1071C000680A01E094ED040A84ED040A6069F3F7AB
:1071D0000CF908B9D4ED058A0020C4ED058A31798F
:1071E000D4ED04AA022904D0C4ED189A84ED199AAA
:1071F00064E095F8B4119FED41BA89B395ED6E0A3C
:10720000B4EECA0AF1EE10FA4ADD2AEEAA0A08EE36
:10721000A80AF3F7CDFDB0EE408AD4ED170A28EEA8
:107220000B0A95F8B50120EE200AF8B9D4ED030A4F
:10723000D5ED0D1A9FED322A30EE601A61EE821AFA
:10724000B0EEC11AB4EEE11AF1EE10FA0EDD022131
:107250002CA0FAF789FB3448B04202D0012101E0AA
:107260001EE0002101221B20F8F75CFF18EE100A37
:107270002E4988420EDD8AEE880AD4ED030A20EEFC
:10728000200A84ED180A88EE880A20EE200A84ED90
:10729000190A03E0C4ED189A84ED199A01200DE053
:1072A0002AEE8B0AD4ED170A20EE200A84ED180A84
:1072B00028EE8B0A20EE200A84ED190A84F8980043
:1072C000BDEC088B70BD00009C7700200000803969
:1072D00033335340D7B35D3FABAAAA3E3ACD133FF9
:1072E000BD378635EBC9184100401C460000000040
:1072F0000AD7233C00401C46CDCCCC3DABAA2A3F4C
:10730000CDCC4C3D765F6D61675F6D6F643A202533
:107310002E32662C20765F6D61675F66696C7465DE
:10732000723A20252E326600707300200AD7233D62
:107330000FB44FF4006110B503AB0648029AF3F79F
:1073400027F8044681B20348E9F7EAFCA0B210BC72
:107350005DF814FB706B002010B50446FDF726F8AD
:10736000001B00EE100ADFED050AB8EE400A80EEC1
:10737000201ABCEEC10A10EE100A10BD00007A44BB
:1073800030EE600ADFED090A094901E030EE200A1B
:1073900010EE100A8842F9D8064900BF10EE100A14
:1073A000884202DD30EE600AF8E770470000B4431F
:1073B000000034C30000344330EE600ADFED090AF8
:1073C000094901E030EE200A10EE100A8842F9D88F
:1073D000064900BF10EE100A884202DD30EE600A56
:1073E000F8E77047DB0FC940DB0F49C0DB0F4940AE
:1073F000B0EE401ADFED1F1AB0EEC10ADFED1E2A13
:1074000030EE212ADFED1B1AB0EEC10AF5EEC00AFC
:1074100030EE210ADFED191A30EE800AF1EE10FA93
:107420000ADB30EEC22AC2EE000A20EEA00A50EEBD
:10743000221A9FED130A09E032EE602AC0EE020A1A
:1074400020EEA00A50EE221A9FED0E0A01EEA00ACD
:1074500010EE100A20F00040C0F1FF40002801D5D6
:107460009FED090AB5EEC01AF1EE10FA01D2B1EEA5
:10747000400A704708E53C1EDE02493EB1507B3FA2
:10748000DB0F493FE4CB16400000000010B5DFEDF4
:10749000351A354A354C01E030EE210A10EE103A2B
:1074A000A342F9D802E000BF30EE610A10EE103AB4
:1074B0009342F9DCB5EEC00ADFED2D2A9FED2D2AAF
:1074C0009FED2D1AF1EE10FA60EE220A20EE023A3C
:1074D00026D243EE000A25E020EEE03A33EE603A91
:1074E00004E000BFB0EE603A10EEA03A43EE010AAD
:1074F000C0ED000ADFED210A70EE200A10EE900ABE
:10750000904201DD70EEE10AF5EEC00AF1EE10FAEC
:1075100020EEA20A60EE821A11D201EEA00A10E05B
:1075200043EE400AC0ED000AF5EEC00AF1EE10FA93
:10753000D8D2D1E700EE810A81ED000A10BD01EE3C
:10754000E00A81ED000AB5EEC00AF1EE10FA04D2AD
:1075500060EE400A70EEC00AECE7F0EE400A50EE32
:10756000000AE7E7DB0FC940DB0F4940DB0F49C0EA
:1075700083F9A23F7B81CF3E6666663EDB0FC93F43
:107580009FED0D0A81ED000A82ED000A5FF0000216
:1075900000EB820391ED000AD3ED000A521C102A81
:1075A00030EE200A81ED000AF2DBDFED040A20EE66
:1075B000200A81ED000A7047000000000000803DB5
:1075C000F0B59FED1B0A1B4D81ED000A82ED000A0C
:1075D0000023A5F5807600BF00EB830405EBC3070D
:1075E00091ED000AD4ED000A97ED001A00EE810A31
:1075F00081ED000AD4ED000A06EBC30492ED000A07
:1076000094ED001A5B1C102B00EEC10A82ED000AFB
:10761000E2DBD1ED000A9FED080A60EE800AC1EDC1
:10762000000AD2ED000A20EE800A82ED000AF0BDC9
:1076300000000000349901080000803DF0B59FED86
:107640001B0A1B4D81ED000A82ED000A0023A5F5FF
:10765000807600BF00EB830405EBC30791ED000AC1
:10766000D4ED000A97ED001A00EE810A81ED000AC0
:10767000D4ED000A06EBC30492ED000A94ED001A63
:107680005B1C102B00EEC10A82ED000AE2DBD1ED9B
:10769000000A9FED080A60EE800AC1ED000AD2EDF3
:1076A000000A20EE800A82ED000AF0BD0000000012
:1076B000B49901080000803D9FED0D0A81ED000A9C
:1076C00082ED000A5FF0000200EB820391ED000AF8
:1076D000D3ED000A521C202A30EE200A81ED000A68
:1076E000F2DBDFED040A20EE200A81ED000A70478C
:1076F000000000000000003DF0B59FED1B0A1B4D8F
:1077000081ED000A82ED000A0023A5F5807600BF16
:1077100000EB830405EB830791ED000AD4ED000A2A
:1077200097ED001A00EE810A81ED000AD4ED000AFF
:1077300006EB830492ED000A94ED001A5B1C202BEB
:1077400000EEC10A82ED000AE2DBD1ED000A9FEDF6
:10775000080A60EE800AC1ED000AD2ED000A20EEB0
:10776000800A82ED000AF0BD000000003499010893
:107770000000003DF0B59FED1B0A1B4D81ED000A96
:1077800082ED000A0023A5F5807600BF00EB83049C
:1077900005EB830791ED000AD4ED000A97ED001A7E
:1077A00000EE810A81ED000AD4ED000A06EB8304A5
:1077B00092ED000A94ED001A5B1C202B00EEC10A2A
:1077C00082ED000AE2DBD1ED000A9FED080A60EECF
:1077D000800AC1ED000AD2ED000A20EE800A82ED97
:1077E000000AF0BD00000000B49901080000003D4F
:1077F0009FED0D0A81ED000A82ED000A5FF00002A4
:1078000000EB820391ED000AD3ED000A521C082A16
:1078100030EE200A81ED000AF2DBF4EE000A20EEE1
:10782000200A81ED000A704700000000F0B59FEDCE
:107830001B0A1B4D81ED000A82ED000A0023A5F50D
:10784000807600BF00EB830405EB031791ED000A7F
:10785000D4ED000A97ED001A00EE810A81ED000ACE
:10786000D4ED000A06EB031492ED000A94ED001A21
:107870005B1C082B00EEC10A82ED000AE2DBD1EDB1
:10788000000AB4EE000A60EE800AC1ED000AD2EDF3
:10789000000A20EE800A82ED000AF0BD0000000020
:1078A00034990108F0B59FED1B0A1B4D81ED000ACC
:1078B00082ED000A0023A5F5807600BF00EB83046B
:1078C00005EB031791ED000AD4ED000A97ED001ABD
:1078D00000EE810A81ED000AD4ED000A06EB0314E4
:1078E00092ED000A94ED001A5B1C082B00EEC10A11
:1078F00082ED000AE2DBD1ED000AB4EE000A60EE90
:10790000800AC1ED000AD2ED000A20EE800A82ED65
:10791000000AF0BD00000000B499010830EE600AD2
:1079200032EE612A31EE601A20EE020AC0EE010A40
:1079300030EEA10A704730EE600A32EE612A31EE75
:10794000601A20EE020AC0EE010A30EEA10A70476A
:1079500030EE600A32EE612A31EE601A20EE020A41
:10796000C0EE010A30EEA10A7047B0EEC01AF0EE88
:10797000E01AB4EEE11AF1EE10FA01DCB0EE600AA2
:107980007047B0EEC01AF0EEE01AB4EEE11AF1EE74
:1079900010FA01D3B0EE600A7047000010B504463B
:1079A0002DED028B9FED0A8A90ED000AF0EE480A59
:1079B000F2F794FDB5EEC00A84ED000AF1EE10FA7C
:1079C00003D230EE080A84ED000ABDEC028B10BD34
:1079D0000000B4439FED0C0A0C4AD0ED000A03E00E
:1079E00070EE800AC0ED000A10EE901A9142F7D8AE
:1079F000074A00BF10EE901A914204DB70EEC00AF5
:107A0000C0ED000AF6E77047DB0FC940DB0F49C045
:107A1000DB0F49409FED0C0A0C4AD0ED000A03E051
:107A200070EE800AC0ED000A10EE901A9142F7D86D
:107A3000074A00BF10EE901A914204DB70EEC00AB4
:107A4000C0ED000AF6E77047DB0FC940DB0F49C005
:107A5000DB0F494070B50C462DED028BB0EE408A2D
:107A600090ED000AD1ED000A054620EE000A00263E
:107A700000EEA00AF3F79CF910EE100A0F49F0EEA1
:107A8000C80A884201DA9FED0E0AB4EEE00AF1EE70
:107A900010FA0EDD80EE801A95ED000A012620EE28
:107AA000010A85ED000A94ED000A20EE010A84ED3A
:107AB000000A3046BDEC028B70BD0000FFE6DB2EF5
:107AC000FFE6DB2E90ED001AB4EEC01AF1EE10FACC
:107AD0000CD271EE200AF4EEC00AF1EE10FA02D2D6
:107AE000C0ED000A704780ED000A7047FDDD71EEC1
:107AF000600AF4EEC00AF1EE10FAF4DDF0E790ED62
:107B0000001AB4EEC01AF1EE10FA0CD271EE200A8F
:107B1000F4EEC00AF1EE10FA02D2C0ED000A70478E
:107B200080ED000A7047FDDD71EE600AF4EEC00AD8
:107B3000F1EE10FAF4DDF0E710B5044C206808B956
:107B4000FCF750FC2068401C206010BD5003002052
:107B500006480168002907D00168491E01600068D5
:107B6000002801D1FCF770BC7047000050030020D2
:107B700090ED001AB4EEE01AF1EE10FA02DDC0ED5D
:107B8000000A7047B4EEC01AF1EE10FAF9D280ED97
:107B9000000A704790ED001AB4EEE01AF1EE10FA08
:107BA00002DDC0ED000A7047B4EEC01AF1EE10FA23
:107BB000F9D280ED000A704790ED001AB4EEE01A99
:107BC000F1EE10FA02DDC0ED000A7047B4EEC01A03
:107BD000F1EE10FAF9D280ED000A7047D0ED000AFC
:107BE000F4EEC00AF1EE10FA06DCB1EE400AF4EE53
:107BF000C00AF1EE10FA01D280ED000A7047D0ED14
:107C0000000AF4EEC00AF1EE10FA06DCB1EE400A0A
:107C1000F4EEC00AF1EE10FA01D280ED000A7047CE
:107C20000368934201DD026070478B42FCDA016019
:107C30007047D0E9013201699A60D0E901235A60A6
:107C40004A68824201D182684A6000220261086863
:107C5000401E0860086870472DE9F04717460A463D
:107C600005460024382600F0B7FBDFF88C80D8F8F2
:107C7000080082423AD3DFF88490761E06EB860134
:107C800004EBC40009EB810105EB80000122FDF744
:107C900029F80444002EF0D104EBC40005EB800069
:107CA00002224646D8F83410FDF71CF8044404EBD1
:107CB000C40005EB80000222B16BFDF713F8044409
:107CC00004EBC40005EB800004220D49FDF70AF81F
:107CD00004440B4904EBC40005EB8000032214317B
:107CE000FDF700F804440FB10020386001F0E8FB14
:107CF0002046BDE8F0870000E003002010C6002009
:107D0000ACCA0020034B036003F15C0008608020D4
:107D100010607047ECCB0020044B036003F15C0063
:107D200008604FF4807010607047000048CE00205B
:107D3000704700F108014FF0FF32C0E90112C16045
:107D4000016100210160704700210161704730B579
:107D50000B685A1C02D000F1080202E0026904E03C
:107D60002246546825689D42FAD953684B60996051
:107D70008A60516008610168491C016030BD426839
:107D80004A6093688B6093685960916008610168EC
:107D9000491C016070470000502080F31188BFF338
:107DA0004F8FBFF36F8F0A494868401C4860012815
:107DB0000CD10848006810F0FF0F07D0502080F366
:107DC0001188BFF34F8FBFF36F8FFEE7704700003E
:107DD0005404002004ED00E00849486828B1401E22
:107DE000486001D180F311887047502080F31188DA
:107DF000BFF34F8FBFF36F8FFEE7000054040020E6
:107E000070B500282AD0164DA0F108046068696991
:107E1000084207D1502080F31188BFF34F8FBFF382
:107E20006F8FFEE722683AB1502080F31188BFF3CC
:107E30004F8FBFF36F8FFEE78843606000F0CCFA8E
:107E400060686968084468602046FCF7FBFE2869A2
:107E5000401C2861BDE8704001F032BB70BD0000DD
:107E6000340400204FF0E0200021016181610549C8
:107E70004FF47A720968B1FBF2F1491E41610721A2
:107E800001617047B000002010B5E8F70DFA114904
:107E900010280ED300F1E02090F8F0030A78904209
:107EA00007D2502080F31188BFF34F8FBFF36F8F3D
:107EB000FEE709480068896800F4E060884207D955
:107EC000502080F31188BFF34F8FBFF36F8FFEE711
:107ED00010BD0000540400200CED00E010B5084B6C
:107EE000002200BF53F832401CB1521C082AF9D3BB
:107EF00010BD43F8321003EBC201486010BD000012
:107F0000D0C5002010B504000AD000F013F894F892
:107F1000460000280CD12046BDE81040FFF770BF96
:107F2000502080F31188BFF34F8FBFF36F8FFEE7B0
:107F300010BD0000084A002102EBC1035B688342C8
:107F400006D1002042F8310002EBC10148607047C1
:107F5000491C0829F0D37047D0C5002070B51546DC
:107F60000E460446FFF718FF94F944100020491C00
:107F700001D184F8440094F94510491C01D184F8DA
:107F80004500FFF729FFA06B28B92A46314604F1C6
:107F9000240000F0EDF82046BDE87040FDF750B831
:107FA00010B5020014D00F48006B38B1502080F398
:107FB0001188BFF34F8FBFF36F8FFEE700F00CFA0D
:107FC00000211046FCF758FC01F07AFA002807D18E
:107FD00005494FF080500860BFF34F8FBFF36F8F9C
:107FE00010BD0000E003002004ED00E02DE9F041A9
:107FF0000C461A491646B0B14FEA000505F13400A7
:10800000C4E90050E86A2061286BE061686CA060F8
:108010000027E86CC4E90507052B12D008688542E3
:1080200003D1277311E00D68E8E72373032B0CD10C
:1080300000F0D2F9A86A08B10220207301F040FADA
:1080400003E02846F6F720FE20732EB1286BFCF7DC
:10805000ADFF2084BDE8F0812784FBE7E00300202A
:1080600002490A6A0260C96841607047E003002063
:108070002DE9FC474FF00009044680F8009028489D
:108080008568806800EBC0008000FDF70FF80700EE
:1080900044D000222946FFF7DFFD8046002536E068
:1080A00005EBC50007EB8006307B052817D2DFE81B
:1080B00000F0030510121400582000E05220824600
:1080C00020467168E8F78FF92046E8F785F9202106
:1080D00009E04220F3E75320F1E74420EFE70020D6
:1080E000EDE72154401C0F28FBD304F80090044412
:1080F000B168308CCDE9000152460AA120463369AF
:10810000F2F732F92046E8F767F904446D1C45455B
:10811000C6D33846BDE8FC47FFF772BEBDE8FC8712
:10812000E0030020092563092575092575092575D2
:108130000D0A000001490120C8617047E0030020DA
:1081400010B50C4650B1094909681831FFF7FFFD19
:108150002046BDE810400121FCF78EBB502080F383
:108160001188BFF34F8FBFF36F8FFEE7E00300204E
:1081700070B514460D4668B10A4909681831FFF711
:10818000FEFD0CB14FF0FF3521462846BDE870409A
:10819000FCF772BB502080F31188BFF34F8FBFF301
:1081A0006F8FFEE7E003002070B504003ED0226D23
:1081B000A2B1E06C884200D30146E06A884235D023
:1081C000012A33D11A4D2A6894420FD1502080F3EE
:1081D0001188BFF34F8FBFF36F8FFEE7502080F3FE
:1081E0001188BFF34F8FBFF36F8FFEE7E162A26983
:1081F000002A02DBC1F13801A1610E4E00EB8000C4
:10820000616906EB8000814210D1201DFFF711FD4E
:10821000E06A2969884200D9286100EB800006EBFA
:108220008000211DBDE87040FFF7A9BD70BD0000B2
:10823000E003002010C6002070B504002AD01A4DBB
:10824000286884422ED0FFF7A7FD2046FCF7CCFE1D
:10825000E0B1201DFFF7EDFCE06A2969884200D9F2
:108260002861124900EB800001EB8000211DFFF71F
:1082700086FDE06A2968C96A884207D30C494FF035
:1082800080500860BFF34F8FBFF36F8FBDE8704021
:10829000FFF7A2BD502080F31188BFF34F8FBFF3CB
:1082A0006F8FFEE770BD0000E003002010C60020C5
:1082B00004ED00E030B587B00024039405AA04A9BA
:1082C00003A80494FFF71EFDDDE903010094CDE946
:1082D0000110002315A11748059A00F05AFE164D0B
:1082E0000028E8621FD001F04DF9012809D0401C98
:1082F00019D1502080F31188BFF34F8FBFF36F8FD8
:10830000FEE7502080F31188BFF34F8FBFF36F8FCC
:108310004FF0FF30A86201206861EC6007B0BDE853
:10832000304000F065B907B030BD000049444C450D
:1083300000000000114B0108E003002070B5044666
:10834000FFF72AFD214D04B92C68201DFFF771FCB1
:10835000A06A18B104F11800FFF76BFC211D1C483E
:10836000FFF70DFD94F858000026012801D184F88C
:108370005860FFF731FD686928B1FFF70DFDFCF784
:10838000BBFDFFF729FD2868844213D1686990B1CD
:10839000286B38B1502080F31188BFF34F8FBFF3A3
:1083A0006F8FFEE70B494FF080500860BFF34F8F8F
:1083B000BFF36F8F70BD06480068A968884201D17D
:1083C0002E6070BDBDE8704000F00EB8E0030020E4
:1083D000C0CA002004ED00E00248016B491C0163A3
:1083E00070470000E003002010B51B4C206B10B15B
:1083F0000120E06110BD0020E06120682168006874
:10840000096B884204D8216820683431FFF790FC5A
:108410002069124901E0B8B1401E00EB800251F81A
:108420002220002AF7D000EB800201EB820101F14B
:1084300008034A6852684A609A4201D152684A6009
:10844000D1682160206110BD502080F31188BFF3F6
:108450004F8FBFF36F8FFEE7E003002010C60020B0
:108460000B4B10B5094A598810EE100A5054491C9C
:1084700089B2040A5454491C89B2040C5454491C4E
:1084800089B2000E5054491C598010BD18A8002014
:108490005403002070B50D4D0B49002468888022DC
:1084A0000C54401C80B20C54401C80B20A54401C36
:1084B00080B27F220A54401C81B26980024800F0D9
:1084C00007F86C8070BD000018A80020540300203D
:1084D000E8F726BC2DE9F0410546F7F7CDFE00246C
:1084E00080460A2610E00120F8F78CFBF7F7A4FE7F
:1084F00007460220F8F786FBF7F79EFE074307D0F2
:108500000A20FBF72DFF641C95FBF6F0A042EADC85
:108510000120F8F777FBF7F78FFE04460220F8F703
:1085200071FBF7F789FE05464046F8F76BFB2C43D5
:1085300002D00020BDE8F0810120FBE72DE9F041E9
:1085400006462DED028BF7F797FE00258046244C5A
:108550000A271DE00120F8F755FBF7F78FFEB0EE74
:10856000408A0220F8F74EFBF7F788FEF0EE400A4B
:10857000B0EEC80A10EE100AA04205DAB0EEE00A2A
:1085800010EE100AA04207DB0A20FBF7E9FE6D1C83
:1085900096FBF7F0A842DDDC0120F8F733FBF7F794
:1085A0006DFEF0EE408A0220F8F72CFBF7F766FE2E
:1085B000B0EE408A4046F8F725FBB0EEE80A10EE30
:1085C000100AA0420ADAB0EEC80A10EE100AA04261
:1085D00004DA0120BDEC028BBDE8F0810020F9E750
:1085E0000000C84201484068704700003404002081
:1085F0001CB537480168374A914207D1502080F3B3
:108600001188BFF34F8FBFF36F8FFEE700683149CA
:10861000491E884207D1502080F31188BFF34F8F45
:10862000BFF36F8FFEE72C4908780190FF20087098
:1086300008788DF800009DF800009DF8002000F0FB
:10864000F000904207D0502080F31188BFF34F8F85
:10865000BFF36F8FFEE79DF80000204C00F0500044
:1086600020700720A06005E09DF8002052008DF8E2
:108670000020401E9DF800201206F5D4A0600328BB
:1086800007D0502080F31188BFF34F8FBFF36F8F57
:10869000FEE74FF44070A060019808700C4820304D
:1086A000016841F470010160016841F070410160AE
:1086B000FFF7D8FB00206060E7F7BEFD08480168BF
:1086C00041F040410160E7F7A3FD00201CBD000020
:1086D00000ED00E071C20F4100E400E0540400200E
:1086E00034EF00E010B5502080F31188BFF34F8FB6
:1086F000BFF36F8F00F086FD18B104494FF0805032
:108700000860002080F3118810BD000004ED00E037
:1087100010B50C4648B184420FD9502080F311881F
:10872000BFF34F8FBFF36F8FFEE7502080F31188A8
:10873000BFF34F8FBFF36F8FFEE70222002100F0DF
:1087400024F8002800D0846310BD38B50C4648B129
:1087500084420FD9502080F31188BFF34F8FBFF3AD
:108760006F8FFEE7502080F31188BFF34F8FBFF368
:108770006F8FFEE70221134600220091114600F0A0
:1087800025F8002800D0846338BDF8B517460E469A
:10879000050013D005FB06F05030FCF787FC040001
:1087A0000AD0002084F8460004F150023B463146CE
:1087B00028460094FCF7DCF92046F8BD502080F3F1
:1087C0001188BFF34F8FBFF36F8FFEE738B5049D5D
:1087D00018B153B1CAB181B120E0502080F31188A3
:1087E000BFF34F8FBFF36F8FFEE7502080F31188E8
:1087F000BFF34F8FBFF36F8FFEE7502080F31188D8
:10880000BFF34F8FBFF36F8FFEE739B1502080F376
:108810001188BFF34F8FBFF36F8FFEE750241C46C4
:10882000012384F846302B460094FCF7A1F920463A
:1088300038BD000070B50D46040025D0FFF7ACFA36
:10884000D4E90F20216802FB0011A1600021A1637F
:10885000216861600A46D4E90F01401E00FB012136
:10886000E16021464FF0FF3001F8440F487004F1F9
:1088700010008DB1FFF75DFA04F12400FFF759FAFB
:10888000FFF7AAFA012070BD502080F31188BFF3D2
:108890004F8FBFF36F8FFEE721690029F0D000F002
:1088A000D7FD0028ECD004494FF080500860BFF39A
:1088B0004F8FBFF36F8FE3E704ED00E02DE9FF4733
:1088C00082B01D468A464FF00008040003D0BAF17A
:1088D000000F08D011E0502080F31188BFF34F8FB4
:1088E000BFF36F8FFEE7206C38B1502080F3118802
:1088F000BFF34F8FBFF36F8FFEE7022D0AD1E06BFE
:10890000012807D0502080F31188BFF34F8FBFF3A9
:108910006F8FFEE700F05AFC3F4F4FF000094FF019
:10892000805648B9049838B1502080F31188BFF3BD
:108930004F8FBFF36F8FFEE7FFF72EFAA06BE16B4F
:10894000884207D3022D05D00498D0B1B8F1000FAA
:108950001AD01EE02A4651462046FCF762F8616AAA
:1089600019B104F1240000F073FD20B13E60BFF3A3
:108970004F8FBFF36F8FFFF72FFA012006B0BDE8CE
:10898000F087FFF729FA22E06846FFF769FB4FF00E
:108990000108FFF721FAFFF71FFDFFF7FDF994F932
:1089A0004400401C01D184F8449094F94500401CD7
:1089B00001D184F84590FFF70FFA04A9684600F04A
:1089C00081FA30B12046FCF73BFB00F079FD002036
:1089D000D4E7FFF7E1F9A06BE16B884213D1FFF711
:1089E000FBF904F110000499FFF7AAFB2046FCF7FD
:1089F00027FB00F065FD00289ED13E60BFF34F8F3E
:108A0000BFF36F8F98E7FFF7E7F92046FCF718FBF5
:108A100000F056FD90E7000004ED00E02DE9F0477E
:108A20001F4690468946040003D0B9F1000F08D0D4
:108A300011E0502080F31188BFF34F8FBFF36F8F89
:108A4000FEE7206C38B1502080F31188BFF34F8FC0
:108A5000BFF36F8FFEE7022F0AD1E06B012807D02A
:108A6000502080F31188BFF34F8FBFF36F8FFEE765
:108A7000FFF70AFA5020EFF3118680F31188BFF355
:108A80004F8FBFF36F8FA06BE16B884206D3022F2D
:108A900004D0002086F31188BDE8F08794F9455092
:108AA000A06B3A4649462046FBF7BBFF681C04D042
:108AB0006D1C84F845500120ECE7606A0028FAD06C
:108AC00004F1240000F0C4FC0028F4D0B8F1000F39
:108AD000F1D00121C8F80010EDE770B50E46040092
:108AE00009D0206C78B1502080F31188BFF34F8FEC
:108AF000BFF36F8FFEE7502080F31188BFF34F8FD5
:108B0000BFF36F8FFEE7206848B9A06838B15020E6
:108B100080F31188BFF34F8FBFF36F8FFEE7FFF72E
:108B2000B3F95020EFF3118580F31188BFF34F8F15
:108B3000BFF36F8FA16BE06B884218D994F94500A1
:108B4000491CA163411C04D0401C84F8450001204D
:108B50000EE0606A0028FAD004F1240000F078FCEE
:108B60000028F4D0002EF2D001203060EFE7002082
:108B700085F3118870BD00002DE9F747002683B00A
:108B80008A46040003D0BAF1000F08D011E050204B
:108B900080F31188BFF34F8FBFF36F8FFEE7206C18
:108BA00038B1502080F31188BFF34F8FBFF36F8F20
:108BB000FEE700F00BFBDFF8F4804FF000094FF008
:108BC000805748B9059838B1502080F31188BFF319
:108BD0004F8FBFF36F8FFEE7FFF7DEF8A56BC5B1D0
:108BE00051462046FBF70AFF6D1EA563206950B170
:108BF00004F1100000F02CFC28B1C8F80070BFF39D
:108C00004F8FBFF36F8FFFF7E7F8012006B0BDE885
:108C1000F087059808B11EB106E0FFF7DDF827E000
:108C20006846FFF71DFA0126FFF7D6F8FFF7D4FBD9
:108C3000FFF7B2F894F94400401C01D184F8449045
:108C400094F94500401C01D184F84590FFF7C4F821
:108C500005A9684600F036F9002820460AD0FCF73E
:108C6000EFF900F02DFC2046FCF72EF80028B3D0D9
:108C70000020CBE7FCF728F890B104F12400059917
:108C8000FFF75EFA2046FCF7DBF900F019FC00283C
:108C9000A2D1C8F80070BFF34F8FBFF36F8F9BE76F
:108CA0002046FCF7CDF900F00BFC95E704ED00E061
:108CB0002DE9F04790468946040003D0B9F1000F32
:108CC00008D011E0502080F31188BFF34F8FBFF31D
:108CD0006F8FFEE7206C38B1502080F31188BFF30E
:108CE0004F8FBFF36F8FFEE7FFF7CEF85020EFF303
:108CF000118680F31188BFF34F8FBFF36F8FA76B7F
:108D0000F7B194F9445049462046FBF777FE7F1EA1
:108D1000A763681C04D06D1C84F84450012010E047
:108D200020690028FAD004F1100000F091FB00281F
:108D3000F4D0B8F1000FF1D00121C8F80010EDE730
:108D4000002086F31188BDE8F08700002DE9F34389
:108D5000002683B00400354609D0206C78B150203D
:108D600080F31188BFF34F8FBFF36F8FFEE7502062
:108D700080F31188BFF34F8FBFF36F8FFEE700F0D2
:108D800025FADFF83C814FF000094FF0805748B9D1
:108D9000049838B1502080F31188BFF34F8FBFF390
:108DA0006F8FFEE7FEF7F8FFA06BC8B1401EA0630F
:108DB000206810B9FCF7E8F9A060206950B104F10F
:108DC000100000F045FB28B1C8F80070BFF34F8FCA
:108DD000BFF36F8FFFF700F8012005B0BDE8F08307
:108DE000049808B166B10FE03DB1502080F31188BE
:108DF000BFF34F8FBFF36F8FFEE7FEF7EDFF5DE030
:108E00006846FFF72DF90126FEF7E6FFFFF7E4FAC3
:108E1000FEF7C2FF94F94400401C01D184F844904D
:108E200094F94500401C01D184F84590FEF7D4FF29
:108E300004A9684600F046F80028204612D0FCF746
:108E4000FFF800F03DFB2046FBF73EFF0028A9D0CD
:108E50009DB3FEF7A1FF606A50B3206B0068C0F1BC
:108E6000380126E0FBF730FFE0B1206838B9FEF7A3
:108E700093FFA06800F0B0FA0546FEF7ADFF04F1DD
:108E800024000499FFF75CF92046FCF7D9F800F0BC
:108E900017FB002886D1C8F80070BFF34F8FBFF3CF
:108EA0006F8F7FE72046FCF7CBF800F009FB79E7EE
:108EB0000021A068FFF778F99FE7FFE700208CE723
:108EC00004ED00E02DE9F0410C46050011D0C4B1DD
:108ED000FEF762FF174BDA686E682068911B471C2B
:108EE00017D02F681B6A9F4219D0964217D80124C9
:108EF00010E0502080F31188BFF34F8FBFF36F8FC6
:108F0000FEE7502080F31188BFF34F8FBFF36F8FC0
:108F1000FEE70024FEF760FF2046BDE8F0818842AE
:108F200005D9401A20602846FFF79AF8F1E700209B
:108F30002060DCE7E00300202DE9FF5F8346DDE9E8
:108F40000E87994616468A469000FCF7AFF8050052
:108F50001CD05C20FCF7AAF8040014D00020256384
:108F600084F85900CDE90240CDE900874B463246EE
:108F700051465846FBF70EFE2046FBF7ABFC01209E
:108F800004B0BDE8F09F2846FEF73AFF4FF0FF30EF
:108F9000F6E7F0B585B0DDE90B640A9DA6B1DCB15A
:108FA0005C2700972663022684F85960002604AFE8
:108FB000CDE90246CDE90057FBF7ECFD2046FBF773
:108FC00089FC049805B0F0BD502080F31188BFF3F0
:108FD0004F8FBFF36F8FFEE7502080F31188BFF3F0
:108FE0004F8FBFF36F8FFEE72DE9F0411F4690468C
:108FF0000D46012690B10446FEF7CEFE0FB1606D1E
:10900000386094F85800022184F85810B8F1050F20
:1090100019D2DFE808F0230B0E141200502080F361
:109020001188BFF34F8FBFF36F8FFEE7616D294348
:1090300001E0616D491C616510E0022801D06565A1
:109040000CE0002634E0616D491C07D0502080F30D
:109050001188BFF34F8FBFF36F8FFEE7012827D131
:10906000201DFEF7E6FD154DE06A2969884200D90A
:109070002861134900EB800001EB8000211DFEF701
:109080007EFEA06A38B1502080F31188BFF34F8F65
:10909000BFF36F8FFEE7E06A2968C96A884207D983
:1090A00008494FF080500860BFF34F8FBFF36F8FB8
:1090B000FEF792FE3046BDE8F0810000E00300209C
:1090C00010C6002004ED00E02DE9F0471F46DDF852
:1090D000209092460D4604004FF001081AD0FEF78A
:1090E000D3FE5020EFF3118680F31188BFF34F8F2A
:1090F000BFF36F8F0FB1606D386094F85800022194
:1091000084F85810BAF1050F1AD2DFE80AF0240BE0
:109110000E141200502080F31188BFF34F8FBFF35D
:109120006F8FFEE7616D294301E0616D491C616548
:1091300011E0022801D065650DE04FF0000839E02C
:10914000616D491C07D0502080F31188BFF34F8F09
:10915000BFF36F8FFEE701282CD1A06A38B15020F1
:1091600080F31188BFF34F8FBFF36F8FFEE7144D6D
:10917000286B18B104F1180112480DE0201DFEF70C
:1091800058FDE06A2969884200D928610E4900EB40
:10919000800001EB8000211DFEF7F1FDE06A2968E7
:1091A000C96A884206D90120B9F1000F01D0C9F877
:1091B0000000E86186F311884046BDE8F0870000B2
:1091C000E003002098CA002010C60020054841692D
:1091D00019B1006B18B100207047012070470220C0
:1091E00070470000E00300200148C068704700009D
:1091F000E003002010B5FEF747FE0148C06810BD2F
:10920000E00300202DE9F0412E4C0027206B28B10F
:10921000A069401CA0613846BDE8F081E668761C74
:10922000E66013D1606B006838B1502080F311887C
:10923000BFF34F8FBFF36F8FFEE7606BA16B61636E
:10924000A063206A401C2062FBF756FEA06ADFF88C
:109250007880864209D3606B0068A0B1606BC068FB
:10926000C5686868864211D2A0622068C06A00EBB7
:10927000800158F82100012800D90127E069002861
:10928000C9D00127C7E74FF0FF30EDE7281DFEF7F3
:10929000D0FCA86A18B105F11800FEF7CAFCE86A0C
:1092A0002169884200D9206100EB800108EB810030
:1092B000291DFEF764FDE86A2168C96A8842CAD39D
:1092C0000127C8E7E003002010C600202DE9F04187
:1092D0001E46154688460746FEF75EFD1C4C206874
:1092E00090F85800022814D02068416DB9434165B8
:1092F0002168012081F858005EB101213046FBF75A
:10930000BBFA14494FF080500860BFF34F8FBFF392
:109310006F8FFEF761FDFEF73FFD15B12068406DD0
:109320002860206890F85800022801D0002505E048
:109330002068416D21EA080141650125216800206E
:1093400081F85800FEF748FD2846BDE8F08100008E
:10935000E003002004ED00E070B504004FF00001D0
:1093600033D01B4D2868844207D0502080F31188E9
:10937000BFF34F8FBFF36F8FFEE7206D38B1401EF4
:109380002065E36CE26A9A421FD040B11DE0502094
:1093900080F31188BFF34F8FBFF36F8FFEE7201D5F
:1093A000FEF747FCE06CE062C0F13800A061E06AC3
:1093B0002969884200D92861064900EB800001EB49
:1093C0008000211DFEF7DBFC0121084670BD000076
:1093D000E003002010C6002070B504004FF000002C
:1093E0002BD0194DE16A2A68D26A914226D2A0692F
:1093F000002804DB2868C06AC0F13800A061134E61
:1094000001EB8101606906EB8101884211D1201DC9
:10941000FEF70FFC2868C06AE0622969884200D91B
:10942000286100EB800006EB8000211DFEF7A7FC01
:1094300002E02868C06AE062012070BDE16C2A6821
:10944000D26A9142F8D370BDE003002010C600201C
:1094500070B5C068C46854B104F118000646FEF740
:10946000E8FB144D286B50B13146134815E05020ED
:1094700080F31188BFF34F8FBFF36F8FFEE7201D7E
:10948000FEF7D7FBE06A2969884200D928610B49B9
:1094900000EB800001EB8000211DFEF770FCE06A0C
:1094A0002968C96A884202D90120E86170BD00209C
:1094B00070BD0000E003002098CA002010C6002004
:1094C0002DE9F0472C4D00242746286B38B1FEF7D4
:1094D00063FC286B401E2863286B40B146E0502097
:1094E00080F31188BFF34F8FBFF36F8FFEE7A9683A
:1094F000224E0120D1B3A6F5916980463068E0B1D3
:10950000F068C46804F11800FEF793FB201DFEF715
:1095100090FBE06A2969884200D9286100EB80014C
:1095200009EB8100211DFEF72AFCE06A2968C96A5F
:109530008842E3D3C5F81C80E0E70CB1FBF7DCFC04
:10954000AC694CB14FEA0806FFF75CFE00B1EE6172
:10955000641EF9D10020A861E86938B108490127E3
:1095600038070860BFF34F8FBFF36F8FFEF734FCEF
:109570003846BDE8F0870000E003002098CA0020CC
:1095800004ED00E010B586B0FBF70CFA114C206832
:10959000B8B100200390049005AA04A903A8FEF71F
:1095A000BBFBDDE9032102208DE8070000230AA1AF
:1095B0000B48059AFFF7EDFC606010B106B0012082
:1095C00010BD502080F31188BFF34F8FBFF36F8F12
:1095D000FEE700001C040020546D722053766300E7
:1095E0001D5001082DE9FF411E46134602000A9D49
:1095F0004FF0000016D0144C2768002F0FD0CDE993
:1096000000130292062917DAFFF7E0FD02284FF057
:1096100000030FD0002269462068FFF74FF904B01D
:10962000BDE8F081502080F31188BFF34F8FBFF366
:109630006F8FFEE72A46EEE700233246694638463A
:10964000FFF7ECF9EBE700001C0400204CD7010801
:10965000000000000000000000000000000000000A
:1096600000020000190000000000000000000000DF
:1096700024D70108000000000000000000000000E6
:1096800000000000000400001C00000000000000BA
:109690000000000040D701080000000000000000AA
:1096A000000000000000000000040000180000009E
:1096B000000000000000000034D701080000000096
:1096C0000000000000000000000000000002000098
:1096D000180000000000000000000000010002006F
:1096E0000400060008000A000C00100020004000E2
:1096F00080000001010101030701000008040204C9
:109700000801010100000000000000000102030444
:1097100006070809000000000102030468D70108D9
:109720000000000000000000000000000000000039
:10973000000200001800000000000000000000000F
:109740005CD70108000000000000000000000000DD
:1097500000000000000200001800000000000000EF
:109760000000000078D701080000000000000000A1
:1097700000000000000000000004000018000000CD
:10978000000000000000000098D701080000000061
:1097900000000000000000000000000000020000C7
:1097A0001800000000000000000000008CD7010835
:1097B00000000000000000000000000000000000A9
:1097C000000200001800000000000000000000007F
:1097D000A8D7010800000000000000000000000001
:1097E000000000000002000018000000000000005F
:1097F00000000000FFFFFFFF010000000600000066
:10980000050000000400000003000000020000004A
:10981000B4D70108000000000000000000000000B4
:1098200000000000000200001D0000000000000019
:109830000000000000000000ACC5473E07EFC33E3B
:10984000D6390E3FF704353F38DB543F66836C3F13
:10985000BA147B3F0000803FBA147B3F66836C3FA5
:1098600038DB543FF704353FD6390E3F07EFC33E90
:10987000ACC5473E00000000ACC547BE07EFC3BE05
:10988000D6390EBFF70435BF38DB54BF66836CBFD3
:10989000BA147BBF000080BFBA147BBF66836CBF65
:1098A00038DB54BFF70435BFD6390EBF07EFC3BE50
:1098B000ACC547BE0000000007EFC33EF704353FCC
:1098C00066836C3F0000803F66836C3FF704353F42
:1098D00007EFC33E0000000007EFC3BEF70435BF2B
:1098E00066836CBF000080BF66836CBFF70435BF22
:1098F00007EFC3BE0000008007EFC33EF704353F0B
:1099000066836C3F0000803F66836C3FF704353F01
:1099100007EFC33E0000000007EFC3BEF70435BFEA
:1099200066836CBF000080BF66836CBFF70435BFE1
:1099300007EFC3BE0000803FBA147B3F66836C3FD5
:1099400038DB543FF704353FD6390E3F07EFC33EAF
:10995000ACC5473E00000000ACC547BE07EFC3BE24
:10996000D6390EBFF70435BF38DB54BF66836CBFF2
:10997000BA147BBF000080BFBA147BBF66836CBF84
:1099800038DB54BFF70435BFD6390EBF07EFC3BE6F
:10999000ACC547BE00000080ACC5473E07EFC33EE4
:1099A000D6390E3FF704353F38DB543F66836C3FB2
:1099B000BA147B3F0000803F66836C3FF704353F5D
:1099C00007EFC33E0000000007EFC3BEF70435BF3A
:1099D00066836CBF000080BF66836CBFF70435BF31
:1099E00007EFC3BE0000008007EFC33EF704353F1A
:1099F00066836C3F0000803F66836C3FF704353F11
:109A000007EFC33E0000000007EFC3BEF70435BFF9
:109A100066836CBF000080BF66836CBFF70435BFF0
:109A200007EFC3BE0000008007EFC33EF704353FD9
:109A300066836C3F81B43EC0249CAF40121560C069
:109A4000C87CD63F1761A23E00002110422063303F
:109A50008440A550C660E770088129914AA16BB186
:109A60008CC1ADD1CEE1EFF131121002733252222E
:109A7000B5529442F772D662399318837BB35AA3D6
:109A8000BDD39CC3FFF3DEE36224433420040114FE
:109A9000E664C774A44485546AA54BB52885099526
:109AA000EEE5CFF5ACC58DD55336722611163006CE
:109AB000D776F6669556B4465BB77AA71997388776
:109AC000DFF7FEE79DD7BCC7C448E5588668A7788E
:109AD0004008611802282338CCC9EDD98EE9AFF9C6
:109AE000488969990AA92BB9F55AD44AB77A966A6E
:109AF000711A500A333A122AFDDBDCCBBFFB9EEB16
:109B0000799B588B3BBB1AABA66C877CE44CC55C3D
:109B1000222C033C600C411CAEED8FFDECCDCDDD65
:109B20002AAD0BBD688D499D977EB66ED55EF44E0D
:109B3000133E322E511E700E9FFFBEEFDDDFFCCFB5
:109B40001BBF3AAF599F788F8891A981CAB1EBA109
:109B50000CD12DC14EF16FE18010A100C230E32085
:109B60000450254046706760B9839893FBA3DAB32D
:109B70003DC31CD37FE35EF3B1029012F322D232D5
:109B80003542145277625672EAB5CBA5A8958985FD
:109B90006EF54FE52CD50DC5E234C324A014810425
:109BA0006674476424540544DBA7FAB79987B897CD
:109BB0005FE77EF71DC73CD7D326F2369106B01675
:109BC00057667676154634564CD96DC90EF92FE98D
:109BD000C899E9898AB9ABA94458654806782768C5
:109BE000C018E1088238A3287DCB5CDB3FEB1EFB6D
:109BF000F98BD89BBBAB9ABB754A545A376A167A15
:109C0000F10AD01AB32A923A2EFD0FED6CDD4DCD3C
:109C1000AABD8BADE89DC98D267C076C645C454C64
:109C2000A23C832CE01CC10C1FEF3EFF5DCF7CDF0C
:109C30009BAFBABFD98FF89F176E367E554E745EB4
:109C4000932EB23ED10EF01EC4D7010800000000D2
:109C50000000000000000000DCD701080000000048
:109C60000000000000000000F4D701080000000020
:109C700000000000000000000CD8010800000000F7
:109C800000000000000000000000000000000000D4
:109C900000000000000004040404040000040000AC
:109CA00014140A00000000000000000000000A0A6E
:109CB0001F0A0A1F0A0A000000040E1505060C14EC
:109CC000150E0400000012150D152E2C2A1200008E
:109CD0000000040A0A3615152916000002020100C8
:109CE0000000000000000000100808040404040440
:109CF0000808100002040408080808080404020008
:109D000000000004150E0E150400000000000008FD
:109D1000083E0808000000000000000000000000ED
:109D20000202010000000000003F000000000000EF
:109D300000000000000000000002000000201010E1
:109D4000080804040202010000000E111111111193
:109D5000110E00000000040604040404040E0000B8
:109D600000000E1111080402011F000000000E1176
:109D7000100C1010110E00000000080C0C0A091F36
:109D8000081C000000001F01010F1110110E00003F
:109D900000000C12010D1311110E000000001E1026
:109DA000080804040404000000000E11110E111133
:109DB000110E000000000E11111916100906000006
:109DC000000000000400000000040000000000008B
:109DD0000004000000040400000010080402020453
:109DE00008100000000000003F003F0000000000DD
:109DF00000000204081010080402000000000E1108
:109E0000110804040004000000001C22292D2D1D4F
:109E1000221C0000000004040C0A0A1E1233000079
:109E200000000F12120E1212120F000000001E117D
:109E300001010101110E000000000F121212121296
:109E4000120F000000001F120A0E0A02121F00006B
:109E500000001F120A0E0A020207000000001C1276
:109E600001013911120C000000003312121E1212EF
:109E70001233000000001F0404040404041F000047
:109E800000003E0808080808080809070000371203
:109E90000A060A121237000000000702020202023C
:109EA000223F000000003B1B1B1B15151535000051
:109EB00000003B1216161A1A1217000000000E11AD
:109EC00011111111110E000000000F12120E0202EA
:109ED0000207000000000E1111111117190E1800D1
:109EE00000000F12120E0A121237000000001E119D
:109EF00001060810110F000000001F1504040404DF
:109F0000040E00000000331212121212120C000094
:109F100000003312120A0A0C040400000000151598
:109F200015150E0A0A0A000000001B0A0A04040A9A
:109F30000A1B000000001B0A0A0A0404040E0000A9
:109F400000001F0908040402121F00001C0404047E
:109F50000404040404041C000002020404040808AD
:109F6000081010000E0808080808080808080E0065
:109F7000040A0000000000000000000000000000D3
:109F8000000000000000003F02040000000000008C
:109F90000000000000000000000C121C123C000039
:109FA00000030202020E1212120E00000000000056
:109FB000001C1202120C000000181010101C1212CB
:109FC000123C000000000000000C121E021C0000E9
:109FD00000182404041E0404041E000000000000F5
:109FE000003C120C021C221C00030202020E121280
:109FF000123700000004040000060404040E0000F0
:10A0000000080800000C08080808080700030202FE
:10A01000021A0A060A1300000007040404040404D8
:10A02000041F000000000000000F151515150000AA
:10A0300000000000000F12121237000000000000A4
:10A04000000C1212120C000000000000000F12128F
:10A05000120E020700000000001C1212121C103821
:10A0600000000000001B06020207000000000000C4
:10A07000001E020C101E000000000004041E040458
:10A08000041C000000000000001B1212123C000023
:10A0900000000000001B0A0A040400000000000089
:10A0A0000015150E0A0A000000000000001B0A043B
:10A0B0000A1B000000000000003312120C08040309
:10A0C00000000000001E0804041E00001808080814
:10A0D000080C0808080818000808080808080808F4
:10A0E000080808080604040404080404040406001C
:10A0F0001609000000000000000000000000000041
:10A100000000000000000000000000000000000847
:10A1100008080808080800001818000000486C2407
:10A1200012000000000000000000000000000024F9
:10A1300024247F1212127F12121200000000081C49
:10A140002A2A0A0C1828282A2A1C0808000000229B
:10A15000251515152A585454542200000000000CEF
:10A160001212120A76252911916E000000060604CB
:10A17000030000000000000000000000004020106C
:10A180001008080808080810102040000002040801
:10A190000810101010101008080402000000000041
:10A1A00008086B1C1C6B0808000000000000000081
:10A1B000080808087F0808080800000000000000E0
:10A1C000000000000000000006060403000000007C
:10A1D00000000000FE000000000000000000000081
:10A1E00000000000000000000606000000008040A3
:10A1F000402020101008080404020200000000188B
:10A200002442424242424242241800000000000818
:10A210000E08080808080808083E00000000003C76
:10A220004242422020100804427E00000000003C10
:10A230004242201820404042221C00000000002022
:10A240003028242422227E20207800000000007E76
:10A250000202021A26404042221C00000000003880
:10A260002402021A26424242241800000000007E06
:10A270002222101008080808080800000000003C0E
:10A280004242422418244242423C0000000000188E
:10A290002442424264584040241C00000000000058
:10A2A000000018180000000018180000000000004E
:10A2B0000000000800000000000808040000004042
:10A2C00020100804020408102040000000000000D4
:10A2D00000007F0000007F0000000000000000027E
:10A2E0000408102040201008040200000000003C78
:10A2F0004242464020101000181800000000001CC8
:10A30000225A555555552D42221C000000000008C8
:10A3100008181414243C224242E700000000001FE9
:10A320002222221E22424242221F00000000007C04
:10A330004242010101010142221C00000000001FF5
:10A340002242424242424242221F00000000003F9D
:10A350004212121E12120242423F00000000003F51
:10A360004212121E12120202020700000000003CFC
:10A370002222010101712122221C0000000000E7BD
:10A38000424242427E42424242E700000000003E1A
:10A390000808080808080808083E00000000007CBB
:10A3A00010101010101010101010110F0000007776
:10A3B00022120A0E0A121222227700000000000761
:10A3C0000202020202020202427F00000000007745
:10A3D000363636362A2A2A2A2A6B0000000000E385
:10A3E00046464A4A52525262624700000000001C30
:10A3F0002241414141414141221C00000000003FF7
:10A40000424242423E020202020700000000001CDB
:10A410002241414141414D53321C60000000003F48
:10A420004242423E1212222242C700000000007C3B
:10A430004242020418204042423E00000000007FD9
:10A440004908080808080808081C0000000000E780
:10A450004242424242424242423C0000000000E787
:10A460004242222424141418080800000000006B43
:10A47000494949495555362222220000000000E78B
:10A48000422424181818242442E700000000007712
:10A490002222141408080808081C00000000007E8E
:10A4A0002120101008040442423F000000780808F0
:10A4B00008080808080808080808780000000202D0
:10A4C000040408080810102020204040001E10102E
:10A4D000101010101010101010101E000038440042
:10A4E000000000000000000000000000000000006C
:10A4F0000000000000000000000000FF000608004F
:10A50000000000000000000000000000000000004B
:10A510000000003C4278444242FC0000000000037E
:10A520000202021A26424242261A000000000000DF
:10A5300000000038440202024438000000000060BD
:10A54000404040784442424264D80000000000008D
:10A550000000003C427E0202423C0000000000F08D
:10A560008808087E08080808083E0000000000006F
:10A570000000007C22221C023C42423C00000003FE
:10A580000202023A4642424242E700000000000C4A
:10A590000C00000E08080808083E0000000000300B
:10A5A00030000038202020202020221E0000000340
:10A5B00002020272120A1612227700000000000E38
:10A5C0000808080808080808083E00000000000005
:10A5D0000000007F9292929292B70000000000006B
:10A5E0000000003B4642424242E7000000000000FB
:10A5F0000000003C42424242423C00000000000099
:10A600000000001B26424242221E020700000000FA
:10A610000000007844424242447840E000000000DC
:10A62000000000774C040404041F00000000000038
:10A630000000007C42023C40423E0000000000005E
:10A640000008083E08080808083000000000000064
:10A65000000000634242424262DC00000000000051
:10A66000000000E742242414080800000000000055
:10A67000000000EB4949555522220000000000006F
:10A680000000007624181818246E00000000000056
:10A69000000000E742242414180808070000000006
:10A6A0000000007E22100808447E000000C0202028
:10A6B00020202010202020202020C000101010106A
:10A6C00010101010101010101010101000060808B4
:10A6D0000808081008080808080806000C32C2001C
:10A6E000000000000000000000000000000000006A
:10A6F000000000000000000000000000000000005A
:10A700000000000000000000000000000000000049
:10A710000000000000000000000000000000000039
:10A7200000000000600060006000600060006000E9
:10A730006000400020002000200000000000000019
:10A7400060006000600000000000000000000000E9
:10A750006006600630039801880044000000000095
:10A7600000000000000000000000000000000000E9
:10A7700000000000000000000000000000000000D9
:10A78000000000001002100210021002FE07FE0777
:10A7900008020801080108010801FE07FE0704017C
:10A7A000040104010401000000000000000000009A
:10A7B000000040004000F00158034C03CC034C0063
:10A7C00058007000E000C001C00140034C035C036E
:10A7D0004C034801F0004000400000000000000071
:10A7E000000000000E010A0191009100910051004B
:10A7F00051003A00AE03A00250045004480448043B
:10A8000048048402840300000000000000000000EF
:10A810000000000038006C006C006C006C006C00E4
:10A820002C0098071C011A01330133016301E30076
:10A83000C308C6093C07000000000000000000003B
:10A840000C001C00100010000800040000000000B4
:10A8500000000000000000000000000000000000F8
:10A8600000000000000000000000000000000000E8
:10A870000004000200018000800040004000200031
:10A880002000200020002000200020004000400088
:10A8900080008000000100020004000000000000B1
:10A8A00002000400080010001000200020004000FA
:10A8B00040004000400040004000400020002000D8
:10A8C000100010000800040002000000000000005A
:10A8D00000000000000000004000C0004000460CE6
:10A8E0004E0FD001F0015E0F460C400040004000CA
:10A8F0000000000000000000000000000000000058
:10A900000000000000000000000040004000400087
:10A9100040004000FE0F400040004000400040006A
:10A920000000000000000000000000000000000027
:10A930000000000000000000000000000000000017
:10A940000000000000000000000000000000000007
:10A950000C001C00100010000800040000000000A3
:10A9600000000000000000000000000000000000E7
:10A9700000000000FE0700000000000000000000D2
:10A9800000000000000000000000000000000000C7
:10A9900000000000000000000000000000000000B7
:10A9A00000000000000000000000000000000000A7
:10A9B0001C001C001C000000000000000000000043
:10A9C0000004000600020003000100018000800076
:10A9D000400040006000200020001000100008002F
:10A9E00008000C0004000600020000000000000047
:10A9F000000000000000F00098010C030C030606A4
:10AA000006060606060606060606060606060C03E3
:10AA10000C039801F000000000000000000000009E
:10AA200000000000000040007C006000600060004A
:10AA30006000600060006000600060006000600016
:10AA400060006000FC030000000000000000000047
:10AA5000000000000000F800840102030603060362
:10AA6000000300018001C000600020001000080207
:10AA700004020602FE0300000000000000000000C7
:10AA80000000000000007800C600860186018001F9
:10AA90008001C00070008001000100030003060374
:10AAA00006038601F800000000000000000000001E
:10AAB00000000000000080018001C001A001A00191
:10AAC00090018801880184018201FE0F80018001CC
:10AAD00080018001E007000000000000000000008D
:10AAE000000000000000FC03040004000400040057
:10AAF0000400F4008C0104030003000306030603B2
:10AB000082018401F8000000000000000000000045
:10AB1000000000000000E00118030C030C0004001A
:10AB20000600E60116030E060606060606060406DD
:10AB30000C021803F00000000000000000000000FC
:10AB4000000000000000F8070C06040204010001E8
:10AB50000001800080004000400040006000600074
:10AB600060006000600000000000000000000000C5
:10AB7000000000000000F8010C03060606060606A9
:10AB80000C021C03F000C8010C03060606060606AC
:10AB900006060C03F00100000000000000000000A9
:10ABA000000000000000F0000C010C030602060685
:10ABB0000606060606078C06780600060003000354
:10ABC0000C018C0178000000000000000000000073
:10ABD0000000000000000000000000000000000075
:10ABE000E000E000E00000000000000000000000C5
:10ABF000E000E000E00000000000000000000000B5
:10AC00000000000000000000000000000000000044
:10AC10006000600000000000000000000000000074
:10AC200000006000600040002000200000000000E4
:10AC3000000000000004000200018000400020002D
:10AC400010000800040008001000200040008000F0
:10AC500000010002000400000000000000000000ED
:10AC600000000000000000000000000000000000E4
:10AC7000FE07000000000000FE07000000000000CA
:10AC800000000000000000000000000000000000C4
:10AC900000000000040008001000200040008000B8
:10ACA00000010002000400020001800040002000BA
:10ACB0001000080004000000000000000000000078
:10ACC000000000000000E0031806040C040C0C0C4B
:10ACD0000C0C000780014000400040000000000014
:10ACE000E000E000E00000000000000000000000C4
:10ACF00000000000E00018030C02CC0564056605A6
:10AD0000A605B604B604B604B604B602E4010C0403
:10AD10000C021803F000000000000000000000001A
:10AD2000000000000000600060005000D0009000B3
:10AD30009000880088010801F8010403040304025C
:10AD4000020202060F0F00000000000000000000D9
:10AD5000000000000000FE008C030C030C030C0339
:10AD60000C038C01FC000C030C020C060C060C06F8
:10AD70000C060C03FE0100000000000000000000B3
:10AD8000000000000000E00318030C060C0404049B
:10AD900006000600060006000600060006040C0475
:10ADA0000C021803F000000000000000000000008A
:10ADB0000000000000007F008C010C030C030C0657
:10ADC0000C060C060C060C060C060C060C060C03F6
:10ADD0000C038C017F000000000000000000000058
:10ADE000000000000000FF0306030604060406003E
:10ADF00086008600FE0086008600860006000604A7
:10AE000006040602FF03000000000000000000002E
:10AE1000000000000000FF0306030604060406000D
:10AE200086008600FE00860086008600060006007A
:10AE3000060006001F0000000000000000000000E7
:10AE4000000000000000F00018010C020C020402D7
:10AE50000600060006000600C60F060306030C03E4
:10AE60000C031803F00000000000000000000000C8
:10AE70000000000000000F0F060606060606060684
:10AE800006060606FE070606060606060606060669
:10AE9000060606060F0F000000000000000000007C
:10AEA000000000000000FC03600060006000600023
:10AEB0006000600060006000600060006000600092
:10AEC00060006000FC0300000000000000000000C3
:10AED000000000000000F807C000C000C000C00073
:10AEE000C000C000C000C000C000C000C000C00062
:10AEF000C000C000C000C60066003C0000000000AA
:10AF0000000000000000CF038601C60046002600B6
:10AF1000160036002E006E004600C6008600860130
:10AF2000060106038F07000000000000000000007B
:10AF30000000000000001F000600060006000600DA
:10AF400006000600060006000600060006000604CD
:10AF500006040602FF0300000000000000000000DD
:10AF60000000000000000707860386038E038E039F
:10AF70004E034E034A035A035A033A033203320381
:10AF800032031203870700000000000000000000E9
:10AF90000000000000008E0F0C021C021C02340294
:10AFA0003402640264024402C402840284038403FF
:10AFB000040304031F020000000000000000000062
:10AFC000000000000000F00098010C030C020606CF
:10AFD00006060606060606060606060606060C020F
:10AFE0000C039801F00000000000000000000000C9
:10AFF000000000000000FF00060306060606060625
:10B00000060606068603FE00060006000600060089
:10B01000060006001F000000000000000000000005
:10B02000000000000000F00098010C030C0206066E
:10B0300006060606060606060606060676064C02FE
:10B04000CC039801F000800700030000000000001E
:10B05000000000000000FF010603060606060606C3
:10B0600006060603FE004600C600860086010603AB
:10B07000060306060F0E000000000000000000009E
:10B08000000000000000F8020C03060206020600A1
:10B090000E003C00F800E0038003000702060206F1
:10B0A00006060C03F0010000000000000000000094
:10B0B000000000000000FE076204610861086000F3
:10B0C0006000600060006000600060006000600080
:10B0D00060006000F80100000000000000000000B7
:10B0E0000000000000001E070C020C020C020C0203
:10B0F0000C020C020C020C020C020C020C020C02E0
:10B100000C021801F0000000000000000000000028
:10B110000000000000000F070602040104010C01FA
:10B120000C018800880098009800500050007000C2
:10B13000300020002000000000000000000000009F
:10B14000000000000000F70E6204420446044604BA
:10B1500064026402E402E4029C029C0198019801EA
:10B160008801880088000000000000000000000046
:10B170000000000000009E070C010801180190006B
:10B18000B0006000200060006000D00090008801E6
:10B19000080104038E07000000000000000000000A
:10B1A0000000000000000F0F060404020C0208015A
:10B1B0001801B800B000700060006000600060001E
:10B1C00060006000F80100000000000000000000C6
:10B1D000000000000000FC070C02060302018001D1
:10B1E00080004000400020002000100018000804EB
:10B1F0000C040402FE030000000000000000000038
:10B20000E00320002000200020002000200020007B
:10B21000200020002000200020002000200020002E
:10B220002000200020002000E003000000000000BB
:10B2300000000000040004000800080010001000D6
:10B2400010002000200040004000C000800080006E
:10B2500000010001000200020002000400000000E2
:10B260007C004000400040004000400040004000A2
:10B2700040004000400040004000400040004000CE
:10B2800040004000400040007C00000000006000E2
:10B290009000080100000000000000000000000015
:10B2A000000000000000000000000000000000009E
:10B2B000000000000000000000000000000000008E
:10B2C000000000000000000000000000000000007E
:10B2D000000000000000000000000000000000006E
:10B2E00000000000000000000000FF0F0000000050
:10B2F00018006000000000000000000000000000D6
:10B30000000000000000000000000000000000003D
:10B31000000000000000000000000000000000002D
:10B32000000000000000000000000000000000001D
:10B33000F0010C030C030003E0031C030E030603DF
:10B3400006038E0B7C0E00000000000000000000D1
:10B350000000000008000E000C000C000C000C00A7
:10B36000CC013C031C060C060C060C060C060C0655
:10B370000C021C03E40100000000000000000000BB
:10B3800000000000000000000000000000000000BD
:10B39000F0008C018C018601060006000600060202
:10B3A0000C020C01F0000000000000000000000092
:10B3B000000000000002C0030003000300030003BC
:10B3C00078038C030C030603060306030603060337
:10B3D00004038C077801000000000000000000005A
:10B3E000000000000000000000000000000000005D
:10B3F000E001180308020C060C06FC070C000C0008
:10B4000018041802E0010000000000000000000025
:10B41000000000000000C00360063006300030006D
:10B42000FE013000300030003000300030003000CD
:10B4300030003000FC0100000000000000000000AF
:10B4400000000000000000000000000000000000FC
:10B45000F007D8068C018C018C019801F8000C00D3
:10B46000FC00CC03060306038E03F8000000000076
:10B470000000000008000E000C000C000C000C0086
:10B48000EC011C030C030C030C030C030C030C0356
:10B490000C030C039E0700000000000000000000E9
:10B4A000000000000000600060000000000040009C
:10B4B0007C00600060006000600060006000600070
:10B4C00060006000FC0300000000000000000000BD
:10B4D000000000000000C001C001000000000001E9
:10B4E000F0018001800180018001800180018001E4
:10B4F0008001800180018001CC007C000000000000
:10B500000000000008000E000C000C000C000C00F5
:10B510008C038C008C004C006C005C008C008C0157
:10B520000C010C039E07000000000000000000005A
:10B530000000000040007C006000600060006000CF
:10B5400060006000600060006000600060006000FB
:10B5500060006000FC03000000000000000000002C
:10B5600000000000000000000000000000000000DB
:10B570003707EE0666066606660666066606660611
:10B5800066066606FF0F00000000000000000000D5
:10B5900000000000000000000000000000000000AB
:10B5A000EE011C030C030C030C030C030C030C0333
:10B5B0000C030C039E0700000000000000000000C8
:10B5C000000000000000000000000000000000007B
:10B5D000F00098010C030606060606060606060697
:10B5E0000C030C03F000000000000000000000004D
:10B5F000000000000000000000000000000000004B
:10B60000EE011C030C060C060C060C060C060C06C0
:10B610000C031C03EC010C000C003E0000000000B9
:10B62000000000000000000000000000000000001A
:10B6300078028C030C0306030603060306030603C5
:10B6400004038C03780300030003C007000000001C
:10B6500000000000000000000000000000000000EA
:10B660009F03580638061800180018001800180024
:10B6700018001800FF00000000000000000000009B
:10B6800000000000000000000000000000000000BA
:10B69000F0031C030C020C023800F000C00304038A
:10B6A00004038C03FC010000000000000000000007
:10B6B00000000000000000002000200030003000EA
:10B6C000FE0130003000300030003000300030002B
:10B6D00030023002E0010000000000000000000025
:10B6E0000000000000000000000000000000080250
:10B6F0008E030C030C030C030C030C030C030C0350
:10B700000C039C077801000000000000000000000E
:10B710000000000000000000000000000000000029
:10B720001E070C020801080118019000B000B000CB
:10B730006000600020000000000000000000000029
:10B7400000000000000000000000000000000000F9
:10B75000F70E6204460464026402EC029C01980144
:10B76000980198010800000000000000000000009F
:10B7700000000000000000000000000000000000C9
:10B78000BC0718011001B00060006000E0009000EC
:10B79000080108039E0700000000000000000000F0
:10B7A0000000000000000000000000000000000099
:10B7B0009E0708010801080190009000B000600099
:10B7C000600060002000200024001C000000000039
:10B7D0000000000000000000000000000000000069
:10B7E000FC018401C4004400600020003000180205
:10B7F00008020C03FC010000000000000000000033
:10B8000000038000800080008000800080008000B5
:10B810008000400020004000800080008000800008
:10B820008000800080008000000300004000400095
:10B830004000400040004000400040004000400008
:10B8400040004000400040004000400040004000F8
:10B850004000400040004000400040000000000068
:10B860000C0010001000100010001000100010005C
:10B8700010002000400020001000100010001000F8
:10B8800010001000100010000C00000000001C0050
:10B890002204C20480030000000000000000000039
:10B8A0000000000000000000000000000000000098
:10B8B0000000000000000000000000000000000088
:10B8C0000000000000000000000000000000000078
:10B8D0000000000000000000000000000000000068
:10B8E0000000000000000000000000000000000058
:10B8F0000000000000000000000000000000000048
:10B90000000000000000C001C001C001C001C00172
:10B91000C001C001800080008000800080008000A5
:10B92000800000000000000000008001C003C00390
:10B930008001000000000000000000000000000086
:10B940000000E01CE01CF01E700E38071803080110
:10B950008400000000000000000000000000000063
:10B9600000000000000000000000000000000000D7
:10B9700000000000000000000000000000000000C7
:10B9800000000000000000002010201020102010F7
:10B990002010FE7FFE7F1008100810081008100805
:10B9A00010081008FE7FFE7F08040804080408043D
:10B9B000080400000000000000000000000000007B
:10B9C0000000000000010001C007601910311831AB
:10B9D0001839183938017001E001C0038007000FE1
:10B9E000001D003900311C311C310C310C11180DB7
:10B9F000E00700010001000100000000000000005D
:10BA000000000000000000001C1036186308630CE2
:10BA100063046304630263026301361D9C37802262
:10BA200080634063406320632063306310221836D4
:10BA3000081C0000000000000000000000000000E2
:10BA40000000000000000000F00098018C018C0153
:10BA50008C018C018C00CC007800183E1C08360844
:10BA6000320863046304C304C303834306438E267E
:10BA7000781C000000000000000000000000000032
:10BA800000001C003C003C003000300010000C00A6
:10BA900006000000000000000000000000000000A0
:10BAA0000000000000000000000000000000000096
:10BAB0000000000000000000000000000000000086
:10BAC00000000040002000100008000C00040006E8
:10BAD00000030003000380018001800180018001D8
:10BAE00080018001800100030003000300060006BE
:10BAF000000C0008001000200040000000000000C2
:10BB00000000020004000800100030002000600067
:10BB1000C000C000C0008001800180018001800160
:10BB2000800180018001C000C000C0006000600092
:10BB300030001000080004000200000000000000B7
:10BB40000000000000000000000000000001800371
:10BB5000800300011C713C79783DC0070001C007DB
:10BB6000783D3C791C710001800380038001000056
:10BB700000000000000000000000000000000000C5
:10BB800000000000000000000000000000000001B4
:10BB9000000100010001000100010001FC7F000123
:10BBA000000100010001000100010001000000008F
:10BBB0000000000000000000000000000000000085
:10BBC0000000000000000000000000000000000075
:10BBD0000000000000000000000000000000000065
:10BBE0000000000000000000000000001C003C00FD
:10BBF0003C003000300010000C0006000000000087
:10BC00000000000000000000000000000000000034
:10BC1000000000000000000000000000FE7F0000A7
:10BC20000000000000000000000000000000000014
:10BC30000000000000000000000000000000000004
:10BC400000000000000000000000000000000000F4
:10BC500000000000000000000000000000000000E4
:10BC60000000000000000000000018003C003C0044
:10BC700018000000000000000000000000000000AC
:10BC80000000004000600020003000100018000894
:10BC9000000C000400060002000300018001800087
:10BCA000C0004000600020003000100018000800B4
:10BCB0000C0004000600020000000000000000006C
:10BCC0000000000000000000C007600C30181830B1
:10BCD000183018200C600C600C600C600C600C605C
:10BCE0000C600C600C601820183018303018600C94
:10BCF000C00700000000000000000000000000007D
:10BD0000000000000000000000018001F801800137
:10BD1000800180018001800180018001800180011B
:10BD20008001800180018001800180018001C003C9
:10BD3000F81F0000000000000000000000000000EC
:10BD40000000000000000000E007101C081804308C
:10BD500004300C300C3000300018000800040002E1
:10BD60000001800040002020102008200430FC1F2B
:10BD7000FC1F0000000000000000000000000000A8
:10BD80000000000000000000E003180E0C0C0C186E
:10BD90000C180C180018000C0006C003000E001848
:10BDA0000010003000300C300C300C100C18180C47
:10BDB000E0030000000000000000000000000000A0
:10BDC0000000000000000000000C000E000E000F3C
:10BDD000800E800E400E600E200E100E100E080E0B
:10BDE000040E040EFE7F000E000E000E000E000E6C
:10BDF000000EC07F000000000000000000000000F6
:10BE00000000000000000000F03FF03F10001000B4
:10BE1000100008000800C807280C18180810003087
:10BE20000030003000300C300C3004180418080CBE
:10BE3000F00300000000000000000000000000000F
:10BE40000000000000000000800FC0102030103003
:10BE50001800180008000C008C0F6C183C301C6097
:10BE60000C600C600C600C6018601820303060189A
:10BE7000C0070000000000000000000000000000FB
:10BE80000000000000000000F83FF83F1C100C0804
:10BE90000408040400040002000200010001000183
:10BEA000800080008000C000C000C000C000C00052
:10BEB000C0000000000000000000000000000000C2
:10BEC0000000000000000000E007300C18180C30E3
:10BED0000C300C301C3038187008E007B007180E12
:10BEE0000C1C063806300630063006300C18180CCC
:10BEF000E00300000000000000000000000000005F
:10BF00000000000000000000E00318040C080C18FA
:10BF10000610063006300630063006380C3C18365F
:10BF2000F03100300018001800180C0C0C060C033F
:10BF3000F001000000000000000000000000000010
:10BF400000000000000000000000000000000000F1
:10BF50000000000000008001C003C0038001000059
:10BF6000000000000000000000008001C003C003CA
:10BF70008001000000000000000000000000000040
:10BF800000000000000000000000000000000000B1
:10BF9000000000000000C000C00000000000000021
:10BFA0000000000000000000000000000000C000D1
:10BFB000C000800080004000400000000000000041
:10BFC000000000000000002000100008000400062F
:10BFD00000038001C0006000300018000C00180051
:10BFE00030006000C000800100030006000400086B
:10BFF0000010002000000000000000000000000011
:10C000000000000000000000000000000000000030
:10C01000000000000000FE7F0000000000000000A3
:10C020000000FE7F00000000000000000000000093
:10C030000000000000000000000000000000000000
:10C040000000000000000400080010002000600054
:10C05000C000800100030006000C0018003000182A
:10C06000000C000600038001C000600020001000EA
:10C0700008000400000000000000000000000000B4
:10C08000000000000000C0073018083008600C6095
:10C090001C601C601C600030001C00060001800059
:10C0A000800080008000000000008001C003C00309
:10C0B00080010000000000000000000000000000FF
:10C0C0000000000000000000C007601810301820B9
:10C0D0000C2F8C4D864CC64CC64C664C6644664450
:10C0E000662666266615CC1C0C40082018303018D1
:10C0F000C007000000000000000000000000000079
:10C100000000000000000001C001C001C0014001AA
:10C1100060032003200320033006100610061006DB
:10C12000F80F080C080C080C0C0C0418041806185E
:10C130001F7C000000000000000000000000000064
:10C140000000000000000000FE07181C183818301E
:10C150001830183018301818180CF807181818303C
:10C1600018201860186018601860186018301818C7
:10C17000FE0F0000000000000000000000000000B2
:10C180000000000000000000C027603810301820B8
:10C190000C400C40040006000600060006000600E5
:10C1A0000600060006000C400C400C201830301829
:10C1B000C0070000000000000000000000000000B8
:10C1C0000000000000000000FE03180E18181830D0
:10C1D00018301830186018601860186018601860FF
:10C1E0001860186018601830183018101818180ED9
:10C1F000FE0300000000000000000000000000003E
:10C200000000000000000000FE3F183018201860F9
:10C210001840180018081808180CF80F180C1808FF
:10C220001808180018001800184018401820183076
:10C23000FE3F0000000000000000000000000000C1
:10C240000000000000000000FE7F1870184018C0B9
:10C2500018801800181018101818F81F181818103F
:10C2600018101800180018001800180018001800FE
:10C270007E00000000000000000000000000000040
:10C280000000000000000000C013701C1010181007
:10C290000C200C2004000600060006000600060024
:10C2A00006FC063006300C300C30183018303008E0
:10C2B000C0070000000000000000000000000000B7
:10C2C00000000000000000003F7E0C180C180C1845
:10C2D0000C180C180C180C180C180C18FC1F0C1847
:10C2E0000C180C180C180C180C180C180C180C182E
:10C2F0003F7E000000000000000000000000000081
:10C300000000000000000000F81F80018001800193
:10C310008001800180018001800180018001800115
:10C320008001800180018001800180018001800105
:10C33000F81F0000000000000000000000000000E6
:10C340000000000000000000E07F0006000600067C
:10C3500000060006000600060006000600060006AD
:10C36000000600060006000600060006000600069D
:10C37000000600060E060E038E01FC000000000001
:10C3800000000000000000007E7C18181808180447
:10C3900018061802180198019801D801B80338034B
:10C3A00018071806180E180C181C18181830183012
:10C3B0007EFC000000000000000000000000000003
:10C3C00000000000000000007E00180018001800A7
:10C3D000180018001800180018001800180018009D
:10C3E00018001800180018001840184018201830BD
:10C3F000FE3F000000000000000000000000000000
:10C4000000000000000000001FF81C381C381C3819
:10C410001C3C343434343434343674326432643250
:10C4200064326431C431C431C431C430C430843066
:10C430009FFC000000000000000000000000000061
:10C4400000000000000000001F7C1C103C10341095
:10C45000341074106410E410C410C41184118413D7
:10C46000041304170416041E041C041C041C0418E2
:10C470001F18000000000000000000000000000085
:10C480000000000000000000C003300C1818081065
:10C490000C300C30066006600660066006600660C0
:10C4A0000660066006600C200C3008101818300C6E
:10C4B000C0030000000000000000000000000000B9
:10C4C0000000000000000000FE0F1818183018606F
:10C4D000186018601860186018301818F80F1800E5
:10C4E000180018001800180018001800180018008C
:10C4F0007E000000000000000000000000000000BE
:10C500000000000000000000C003300C18180C10E0
:10C510000C300C200660066006600660066006604F
:10C52000066006600660E4612C331C321816300E7B
:10C53000C007004C007C0038000000000000000034
:10C540000000000000000000FE07181C183818301A
:10C550001830183018301818180CF80798031803FA
:10C56000180718061806180E180C180C181C18189E
:10C570007E780000000000000000000000000000C5
:10C580000000000000000000E027303818300C20C8
:10C590000C200C000C0018007800E003800F001E37
:10C5A00000380070006004600460086018303818BB
:10C5B000C80F0000000000000000000000000000A4
:10C5C0000000000000000000FC3F8C2184618241DB
:10C5D0008241800180018001800180018001800111
:10C5E0008001800180018001800180018001800143
:10C5F000E007000000000000000000000000000054
:10C6000000000000000000003F7C0C100C100C101B
:10C610000C100C100C100C100C100C100C100C103A
:10C620000C100C100C100C100C100C100808380416
:10C63000E003000000000000000000000000000017
:10C6400000000000000000003EF81820182018200C
:10C650003010301030103010600860086008E00CB6
:10C66000C004C004C0048003800380038003000171
:10C6700000010000000000000000000000000000B9
:10C680000000000000000000DFF3866186218621A3
:10C690008C210C218C238C138C138C134C1358126B
:10C6A0005816580E380E380E380E300C1004100480
:10C6B0001004000000000000000000000000000066
:10C6C00000000000000000007E3E1808380830041A
:10C6D000300470026002E001C001C00180018003EB
:10C6E0004003400720062006100C100C08180818FC
:10C6F0003E7C000000000000000000000000000080
:10C7000000000000000000007E7C1C1018101808BB
:10C710003008300C700460046002C002C002C00126
:10C720008001800180018001800180018001800101
:10C73000E007000000000000000000000000000012
:10C740000000000000000000F83F18180818040C52
:10C75000040E00060007000380038001C001C00032
:10C76000E000600070003000382018201C100C1809
:10C77000FE1F00000000000000000000000000009C
:10C780000000C03F4000400040004000400040002A
:10C790004000400040004000400040004000400099
:10C7A0004000400040004000400040004000400089
:10C7B000400040004000C03F0000000000000000BA
:10C7C00000000000000008001800180010003000F1
:10C7D0002000600060004000C000800080018001F7
:10C7E000000100030002000600060004000C00081F
:10C7F00000180018001000300020000000000000A9
:10C800000000FC030002000200020002000200021D
:10C810000002000200020002000200020002000208
:10C8200000020002000200020002000200020002F8
:10C83000000200020002FC030000000000000000F3
:10C8400000008007C0062008101000000000000053
:10C8500000000000000000000000000000000000D8
:10C8600000000000000000000000000000000000C8
:10C8700000000000000000000000000000000000B8
:10C8800000000000000000000000000000000000A8
:10C890000000000000000000000000000000000098
:10C8A0000000000000000000000000000000000088
:10C8B00000000000000000000000FFFF000000007A
:10C8C00000007800C000000100000000000000002F
:10C8D0000000000000000000000000000000000058
:10C8E0000000000000000000000000000000000048
:10C8F0000000000000000000000000000000000038
:10C900000000000000000000000000000000000027
:10C91000000000000000F00318060C0C0C0C000CCA
:10C92000800F700C1C0C0C0C060C060C064C0C4FEB
:10C93000F8380000000000000000000000000000C7
:10C9400000000000000010001E0018001800180071
:10C95000180018001800180FD81838303860186000
:10C96000186018601860186018601820383078183F
:10C97000C8070000000000000000000000000000E8
:10C9800000000000000000000000000000000000A7
:10C99000000000000000C007700C181818180C18D0
:10C9A0000C000C000C000C000C2018201810300893
:10C9B000C0070000000000000000000000000000B0
:10C9C0000000000000000010001E001800180018F1
:10C9D000001800180018E01B301C181818180C1844
:10C9E0000C180C180C180C180C180818181C307A95
:10C9F000E00900000000000000000000000000004E
:10CA00000000000000000000000000000000000026
:10CA1000000000000000C007300C181808100C308F
:10CA20000C30FC3F0C000C000C0018201810701883
:10CA3000C00700000000000000000000000000002F
:10CA40000000000000000000003E80C380C0C0C0A5
:10CA5000C000C000C000FC1FC000C000C000C0007B
:10CA6000C000C000C000C000C000C000C000C000C6
:10CA7000F80F0000000000000000000000000000AF
:10CA800000000000000000000000000000000000A6
:10CA9000000000000000C077306C1018181818183B
:10CAA00018181018300CF00718001800F00FF03F9D
:10CAB00008700C600C600C603838E00F000000005B
:10CAC00000000000000010001E00180018001800F0
:10CAD000180018001800980FD8183830183018307F
:10CAE0001830183018301830183018301830183006
:10CAF0007EFC0000000000000000000000000000BC
:10CB0000000000000000000080038003800300009C
:10CB1000000000000001F801800180018001800117
:10CB200080018001800180018001800180018001FD
:10CB3000F81F0000000000000000000000000000DE
:10CB4000000000000000000000380038003800003D
:10CB5000000000000010801F0018001800180018C6
:10CB60000018001800180018001800180018001805
:10CB7000001800180018180C1806F0030000000038
:10CB800000000000000010001E001800180018002F
:10CB9000180018001800183E180C18061803180181
:10CBA0009801D801380318071806180C181C181813
:10CBB0007E7C00000000000000000000000000007B
:10CBC0000000000000000001F801800180018001E8
:10CBD000800180018001800180018001800180014D
:10CBE000800180018001800180018001800180013D
:10CBF000F81F00000000000000000000000000001E
:10CC00000000000000000000000000000000000024
:10CC1000000000000800EE1C9C338C318C318C31FC
:10CC20008C318C318C318C318C318C318C318C311C
:10CC3000DE7B00000000000000000000000000009B
:10CC400000000000000000000000000000000000E4
:10CC50000000000010001E0FD818383018301830AF
:10CC60001830183018301830183018301830183084
:10CC70007EFC00000000000000000000000000003A
:10CC800000000000000000000000000000000000A4
:10CC9000000000000000C007701C103018300C604D
:10CCA0000C600C600C600C600C6018301830301890
:10CCB000C0070000000000000000000000000000AD
:10CCC0000000000000000000000000000000000064
:10CCD0000000000010009E0F58183830182018600F
:10CCE00018601860186018601860183038307818AC
:10CCF000980718001800180018007E0000000000B7
:10CD00000000000000000000000000000000000023
:10CD1000000000000000C023303C183818300C30F0
:10CD20000C300C300C300C300C3008301838303CE3
:10CD3000E033003000300030003000FC0000000024
:10CD400000000000000000000000000000000000E3
:10CD50000000000060007E3C60666061E000E00072
:10CD600060006000600060006000600060006000C3
:10CD7000FE070000000000000000000000000000AE
:10CD800000000000000000000000000000000000A3
:10CD9000000000000000E02730381830182018008C
:10CDA0007000E003800F001C043004300C301C18AD
:10CDB000EC0F000000000000000000000000000078
:10CDC0000000000000000000000000008000800063
:10CDD0008000C000E000FC1FC000C000C000C00018
:10CDE000C000C000C000C000C000C020C020801132
:10CDF000000F000000000000000000000000000024
:10CE00000000000000000000000000000000000022
:10CE10000000000010201E3C183018301830183068
:10CE2000183018301830183018301830183830F4DE
:10CE3000E0130000000000000000000000000000FF
:10CE400000000000000000000000000000000000E2
:10CE50000000000000007E3C181818083808300454
:10CE60003004700260026002E001C001C001C00035
:10CE70008000000000000000000000000000000032
:10CE800000000000000000000000000000000000A2
:10CE9000000000000000DFF78E630C238C238C233E
:10CEA0009813981358165816700E700E700E2004B2
:10CEB000200400000000000000000000000000004E
:10CEC0000000000000000000000000000000000062
:10CED000000000000000FC3E70087004E004C00286
:10CEE000C0018003800340076006200C100C181856
:10CEF0003E7E000000000000000000000000000076
:10CF00000000000000000000000000000000000021
:10CF10000000000000007E7C181818083008300857
:10CF2000300460046004C002C002C00280018001BD
:10CF300080018000800080004C003C000000000068
:10CF400000000000000000000000000000000000E1
:10CF5000000000000000FC1F0C0C040E040600037F
:10CF600080038001C000E0007020302038301C18A1
:10CF7000FC1F000000000000000000000000000096
:10CF80000000003000080004000400040004000455
:10CF900000040004000400040004000280010002F8
:10CFA0000004000400040004000400040004000461
:10CFB000000400040004000800300000000100012B
:10CFC0000001000100010001000100010001000159
:10CFD0000001000100010001000100010001000149
:10CFE0000001000100010001000100010001000139
:10CFF000000100010001000100010001000000002B
:10D0000000000C0010002000200020002000200064
:10D01000200020002000200020004000800140006F
:10D020002000200020002000200020002000200000
:10D0300020002000200010000C000000000038003C
:10D04000C400864002610022001C000000000000B5
:10D0500000000000000000000000000000000000D0
:10D0600000000000000000000000000000000000C0
:10D07000000000000000000000000000D6D02000EA
:10D0800020002000FE03220222022202FE032202CE
:10D09000200020002000BEB0FC010401FC010401BE
:10D0A000FC012000FF070401FC01200024013202E2
:10D0B000D4B0FE070204FA0402040204FE0552047E
:10D0C00052044A0586050204FE07B5E71000100069
:10D0D000FF0111011101FF0111011101FF011104F3
:10D0E0001004E007D7D30000FC01800040002000BE
:10D0F0002000FF0720002000200020003800D6D0AC
:10D100008000800080008000FC1F84108410841048
:10D1100084108410FC1F8410800080008000800038
:10D12000BEB0F80F0808F80F0808F80F8000FF7F5E
:10D130000000F80F08080808F80F80008410A220EB
:10D140004000D4B00000FE3F0220F227022002205F
:10D15000FA2F222122212221122912290A2E02200D
:10D16000FE3F0220B5E7800080008000FC1F841095
:10D1700084108410FC1F841084108410FC1F8450C1
:10D1800080408040007FD7D30000FE1F00080004CD
:10D19000000280018000FF7F80008000800080000E
:10D1A00080008000A0004000D6D0000000000000F9
:10D1B000001800000800000800000800080818F81F
:10D1C000FF1F180818180818180818180818180841
:10D1D00018180818F8FF1F080808000800000800C1
:10D1E00000080000080000180000180000180000E7
:10D1F0000000BEB0000000000000400006C0FF07B5
:10D20000400006C0FF07400006C0FF0740080200BC
:10D210003000FEFF3F000000C0FF07C00002C0005A
:10D2200002C00002C0FF0380100080110160100ED8
:10D230003010180C1E30001C00000000D4B000009C
:10D2400000000000080030F8FF1F08001008C010A0
:10D25000083F10080010080010080013C8FF10084D
:10D26000221008221008221008221008211208217A
:10D270001488601648C013280010080010F8FF1F1B
:10D28000080010000000B5E70000000000000018D2
:10D2900000000800000800000800F0FF0F1008045C
:10D2A000100804100804100804F0FF071008041008
:10D2B0000804100804100804F0FF07100800000814
:10D2C0001000081000082000183000F01F000000B7
:10D2D000D7D3000000000000000004F0FF0F0000A2
:10D2E0000600000100C0000028000018000018001F
:10D2F000001830FEFF7F0018000018000018000022
:10D30000180000180000180000180000180000188D
:10D3100000001F00000C00000000D6D0000000003C
:10D32000000000000080000000800100008001007B
:10D330000080010000800100008001001080010CCD
:10D34000F0FFFF0F308001043080010430800104C1
:10D3500030800104308001043080010430800104F9
:10D3600030800104F0FFFF073080010430800104A9
:10D3700000800100008001000080010000800100A9
:10D380000080010000800100008001000080010099
:10D39000008001000080000000000000BEB000001E
:10D3A000000000000000000000000001800100FFFC
:10D3B000FF01000380010003800100FFFF01000363
:10D3C00080010003800100FFFF0100818100000057
:10D3D00003000000031CFCFFFF3F000040000003AF
:10D3E000C00100FFFF010003C0000003C0000003F4
:10D3F000C00000FFFF000001410000040100000E1A
:10D40000710000078101800101076000010E18987A
:10D41000011C04E0011800C0000000000000D4B0AE
:10D42000000000000000000000000008F0FFFF1FE7
:10D430003000000C3000000C3000100C30FE3F0CAF
:10D440003004000C3000000C3000000C3000000CE8
:10D450003000C00CF0FFFF0D3030060E3030060CEF
:10D460003010060C3010060C3010060C3018860CEC
:10D470003018860C3008060D300C860D3006EE0F85
:10D480003002FC0D3001000CF000000C3000000CEC
:10D49000F0FFFF0F3000000C10000004000000003F
:10D4A000B5E7000000000000000000C0000000C060
:10D4B000010000C0000000C0000000C0000000C06B
:10D4C0000000E0FFFF0360C0000360C0000360C015
:10D4D000000360C0000360C0000360C00003E0FF01
:10D4E000FF0360C0000360C0000360C0000360C0B1
:10D4F000000360C00003E0FFFF0360C0000160C0E4
:10D50000000000C0000800C0001000C0001000C0F3
:10D51000001800C001380080FF1F0000000000005C
:10D520000000D7D300000000000000000000000051
:10D5300000000003C0FFFF07000080070000C000DC
:10D54000000060000000180000000C0000800300D4
:10D550000080030000800100008001080080011CA1
:10D56000FCFFFF3F008001000080010000800100FF
:10D5700000800100008001000080010000800100A7
:10D580000080010000800100008001000080010097
:10D590000080010000FC010000E0000000400000ED
:10D5A00000000000000000000030F13D0070643E0B
:10D5B0000000A33E0090CF3E0090F83E00400F3F99
:10D5C00000E0203F0000000015B78337CDE37B3833
:10D5D0000EE1C53860F69138AF5F0F38E1BC3E38D8
:10D5E00023F4473900000000000000000000B33FB2
:10D5F000B2BE7D3A00002E40DFCF513800007E40A1
:10D60000BF51FABA00E0A44019DAC3BA00E0C8403A
:10D61000C2ED8AB90040EB40CD1F2CBA0010064184
:10D620002AFFFABA00C01541DFCFD13700D024411C
:10D630009A97703A0050334189478E3600404141F5
:10D64000E75B9D3800B04E41C00A98B900A05B412D
:10D65000558F943A00306841DA92C0BA0040744164
:10D6600062B3C63A0000803F00A0853F00908B3F28
:10D6700000C0913F0030983F00F09E3F00F0A53F72
:10D680000050AD3F0000B53F0000BD3F0060C53F0A
:10D690000020CE3F0040D73F00C0E03F00C0EA3F3F
:10D6A0000020F53F000000007D36AC397D3C383964
:10D6B000EBDCF438320A7E39124C26399B6AED399C
:10D6C000A4EE83397F661E39F6398A392B426539D3
:10D6D000A48211395B991F39C3EECD39DDE7C63716
:10D6E000A5A22F390000803FC3AA853FC2958B3F7A
:10D6F000D3C3913FF037983F32F59E3FD7FEA53F09
:10D700003F58AD3FF304B53FA408BD3F2A67C53F6E
:10D710008C24CE3FFD44D73FDFCCE03FC7C0EA3F7B
:10D720007D25F53F636F6E6667656E6572616C544B
:10D7300061736B0064656661756C745461736B0032
:10D74000646973706C61795461736B007072696E97
:10D7500074665461736B496E666F00007069645F34
:10D76000746872656164000074696D65725F7468E5
:10D7700072656164000000006D6369665F74696DC5
:10D7800065725F7468726561640000006661756C43
:10D79000745F73746F70000053616D706C655365D6
:10D7A0006E6465720000000053746174436F756E9F
:10D7B00074657200726F7574696E655F7468726506
:10D7C0006164000053656D6170686F7265310000BF
:10D7D0004170705461736B310000000053656D61DE
:10D7E00070686F72653200004170705461736B3203
:10D7F0000000000053656D6170686F726533000052
:10D800004170705461736B330000000053656D61AB
:10D8100070686F72653400004170705461736B34CE
:10D820000000000044D80108000000202053000040
:10D830007C0A0008F8D901082053002088BF0000A6
:10D840004CAE0008011C13B98C1408ED8D1B08F9AF
:10D850000413218E1B0885041BC98B041910411762
:10D860000403090412011402020216408304405703
:10D87000260201020301031A1A0313D10C1B08CB61
:10D88000041AC7041AF504131D0D330810193701C3
:10D8900015F9185324F4130A0632022A40201C09F1
:10D8A00002437B111DC0320904311A020B130524F7
:10D8B00016100105240110090104240202052406A2
:10D8C000170107058203081C100904B1320A1D075D
:10D8D000050102432C070581070938442A40072A1D
:10D8E0008107112B0907440A3B044413258D1408B2
:10D8F000718C1408E58E42081AC50C13E98B1B08BD
:10D900004708C11A0D281A01041A1904DAF51C0176
:10D9100070DA010801BC33102712084348061908C1
:10D920005A070842081204025040720113950C3D38
:10D9300008D0D7016772021AA1145AE81472031AA8
:10D94000AD14114AD81472041AB9145A18144102A9
:10D9500083201AAA0101FF01FF01FF01FF01FF015E
:10D96000FF01FF01FF01FF01FF01FF01FF01FF01B7
:10D97000FF01FF01FF01FF01FF01FF01FF01FF01A7
:10D98000FF01FF01FF01FF01FF01FF01FF01FF0197
:10D99000FF01FF01FF01FF01FF01FF01FF01FF0187
:10D9A000FF01FF01FF01FF01FF01FF01FF01FF0177
:10D9B000FF01FF01FF01FF01FF01FF01FF01FF0167
:10D9C000FF01FF01FF01FF01FF01FF01FF01FF0157
:10D9D000FF01FF01FF01FF01FF01FF01FF01FF0147
:10D9E000FF01FF01FF01FF01FF01FF01FF01FF0137
:08D9F000FF01FF01130000001C
:04000005080001D915
:00000001FF
